0,1,2,3
-1.6214930323264805,-3.026395977268128,-3.7014683376928272,-1.311593194604582
1.322765859195114,2.840109377412062,-0.3061719385958986,-1.1064030635649618
-0.872156960037727,3.0288168251509426,-0.9521599112606614,-0.2189038284791074
3.144100009072906,-1.5120227269941686,1.1369301955824815,-0.1807800721668449
-1.5723202296546253,-2.6910375058371048,-0.43585723270257287,-1.5215702319133513
-3.5118378685660185,-1.0415118450503529,-1.4180773070575665,2.2655248604259155
-2.449106519824663,-1.3556408172606182,-1.3734890509485764,2.158738032496857
-3.5377952075887023,-1.9132773316205536,0.49758994358945796,1.436778329402186
3.3304160321334852,-0.5422809683965519,-1.9282308166285798,0.5405013510541287
-3.378029600803854,0.7200821866754231,2.287924958972095,-1.3004269340801706
1.0099665777377604,-0.9143185428817984,0.747653167756738,1.8518934980554713
-3.3367301887086858,0.22927248127524466,1.1737385373207738,-0.9873312541688185
3.301656911779866,-0.4489690699743654,1.026506045088545,-0.19707854151683793
-3.4508663072064993,-1.3553725830272525,0.8912923639180604,2.0262787922849452
3.3263605376643155,-0.03502414423301559,-1.6277987152877436,0.46940102028428116
3.7181167520531853,3.32807255175807,-0.4551955550689578,-1.2795279500800278
-1.1948253106286497,0.3972353398755188,1.3170308871376708,0.3935596220665888
-1.3703891500772563,-1.0919733754960899,0.44070219975661606,-0.1432383201755219
0.9187621226606235,-0.827972791172749,-1.3414088856212332,0.9639762742466
3.3743198864895656,0.04637583431591553,1.3428204874603142,0.391276069282739
-3.2685374730349275,1.028611942708909,-0.8391616583006617,0.6508114761350486
-0.9540750966417859,3.077889076675655,-0.22373793701221595,0.17783871536927875
2.8884460508344763,-3.6735876404774483,0.9391857065529035,1.7668920530811032
-3.1128829072958557,2.2936003540557457,-0.7381149532270221,-0.12384700080319165
-3.294414027637746,1.519220608043814,-0.7157779118153378,-0.839399882592523
0.8697861532654205,-1.0197537048774747,1.2596927417089345,-0.053918385584060396
-3.24122774573402,1.4847897867287105,2.226999725439923,-0.17276752866009273
-3.4204057514923254,-0.09253578705506513,-1.3344677565816723,-3.6916855878690913
3.6641306901328687,2.4427310407258047,-0.871074083089951,0.9640010886759585
0.8644594291819344,-1.2547057684525555,1.5457611019939392,1.502605835293469
1.377578919119425,2.783220455101072,-0.26500510072142314,1.8352264003417822
0.5508438468001853,-3.781426256697178,-3.4946293352061493,-1.0851777598695627
3.24305405171087,-0.776260426369504,1.0576318018200848,-0.34413691381677314
3.666042741886325,3.249852886317817,0.19865205935669442,-0.5070253872372479
0.8327007838553269,-1.5871318078264012,1.2517626012925254,0.9746595666043003
1.2514579144570275,2.053657367328761,0.6413922817582001,-1.5655245440790786
-3.139908920380721,0.9430538177953853,0.8547518853709015,0.9692858701457644
1.1321346103854972,1.8347400417927553,-0.46165074753978774,-0.6630768073961886
3.3733062982674777,0.3698435527626942,-0.8014335340147495,1.8724561598486917
-3.321602098923989,0.2818308728312902,1.1811626479960442,-0.9694187456307233
1.0986302115714774,1.0521717050150692,2.40231160797693,-1.0624150868993245
-0.9887918371355661,2.3360663956061236,-0.7941834257581452,-0.05829885272422276
1.1054478142412465,0.051583762620346245,1.063870394051244,-0.08154640405701549
1.273705829927818,1.1208784980540885,-1.6568003893679444,2.346379222633321
0.9454195179719947,-0.6252453787301807,1.2257621924714057,-1.172792051304423
-1.244477279872221,0.9144157373044448,1.912406550013601,-0.7692812503578723
0.9839673183144635,-0.36104275001121444,1.2603360012928486,-1.072033298405769
3.046193873659075,-2.3286446090753996,-3.213691077735076,-2.0140980198468914
3.2954446022225707,-0.5182290892347221,-2.3563379257744854,-0.5028625425194068
-0.9752846599977429,2.4019900522998516,-1.035919155841703,-0.44385412852223227
-0.8936074982706684,3.39247160182662,-0.5193360302312222,-1.376364291937598
-1.0860043534275698,1.0299838165570023,1.7267096133455577,1.0019834509640977
1.0327201146000007,0.5267149735319057,2.101161854014755,-0.3829056110618107
1.4007195238211834,3.5471858182226876,0.28921103673240695,0.7984847877721872
3.1448793661755072,-1.8714600342896783,-2.811022194519263,0.030632597258979582
1.357440277458538,3.2197546803912616,0.17677574834155113,0.7069657490129039
0.9656694299890972,-0.29172799016958506,-0.054856565961559314,-1.124689722668154
1.112972499268824,0.0693868138644598,1.2423181949166855,0.3604797621844476
0.902480603099652,-1.3165783993887674,1.0583923495105914,-0.14177658378774155
3.024676102075014,-2.6806689910717036,0.20714275847383667,-0.6011901043588104
3.059368604236764,-2.051442309491752,-2.5600953234931434,-1.0568844227632412
-1.4673292417307242,-1.741764017468651,0.4433821813167434,-1.2055744071002656
-1.078624407767777,2.3629159293033033,-0.31115754999286377,-1.3305104249079742
-3.6660828296236523,-2.8613943009118477,-1.2858497848625075,-2.743400149218115
0.8857203780933673,-1.3188201847774261,-1.7304648090449097,1.8678872964382915
0.8603493944694002,-1.560461009924542,-2.012732290781306,1.3721915149571087
3.1534666422122917,-1.3177476783308044,1.2569137316494796,-0.09631603590655236
0.9748919472556598,-0.48845788982325655,1.0594235224090847,-0.2994538206093359
3.394966212773818,1.285805961782094,-1.4333482938584952,-2.0393161892851377
-1.2089621895017701,0.9838730516924253,-0.7915315301700617,0.7207291235233558
-1.0949225383594263,1.1182110778621503,-0.7785765705991625,3.4841594301710614
-0.7950035371584189,4.194232785797304,-0.06724003182470452,-0.6744308457684236
-3.489789869767205,-1.2759046156439477,0.28786179645919957,-0.27556928001622255
3.6578950578706353,1.9436781782579484,1.6039121368250913,-0.18610042068067267
-0.9427305638337624,2.6343500517153404,-0.7543524830581763,0.04723083553856144
-3.4712538749466306,-1.1403310823172057,0.05491309266616874,-0.6336903617896339
-0.9701453748103191,3.099768821931102,0.12471003197624206,0.6013422478076298
-0.8232537946227052,3.532193159620106,-1.600064948926604,-1.71342120906556
-3.3979448882898544,-1.1405758646090265,0.16783777183919255,0.03736643121733394
-1.2012346005768224,0.558614587279398,1.4809320260298058,0.3998817714381358
3.284538554576378,-0.25462783698004193,1.6291038147945631,-0.587279513578871
-1.3028661206809498,-0.5266513723691391,1.2010098321864702,0.05725705337455877
-3.5823465060462483,-1.698331242404498,1.0119718372603805,-0.421137558328023
3.265296129292617,-0.5756602573135274,1.1528950939406788,-0.295485734326021
-0.8766086316413091,2.203071401801071,1.7211244659951004,2.2700550174462455
-3.2846983530723493,0.9446632946002489,-1.1751588512702158,0.23651093467951614
-3.346825039611813,0.2807161760405157,-2.722091630789819,-2.092091037626233
3.10311942057648,-2.6154443748925122,-0.357551429404536,0.09630713036023247
-1.1458226643021208,1.4265352311623178,2.252721153369076,-0.1372291856821796
-1.1851200244265594,1.2543464807669755,-0.4592292151971317,-2.3520323064736086
-1.1625521900162188,1.0432659335501087,-0.988013855298297,1.5279342347037974
3.0887069322997487,-2.433495228463898,0.059756553399342854,0.5124835934107417
-3.618298635003861,-2.3101269562468287,-3.3682612629578705,-0.66665346695404
3.323590772292148,0.20000191960674002,-0.5053939819211251,2.1955564762019986
3.169017650914199,-1.4169413593105984,1.5615468018012315,1.5028300178729008
3.049405534114033,-2.6985726200142857,0.7494640970250842,1.7353547949268084
0.9068878453716133,-1.2063497702020036,1.1470372717147352,-0.1257346356536268
3.0281146342623075,-2.1397265787033066,-2.52446710237207,-1.1479058435343235
0.9018282892491434,-0.8757857618397145,1.7805143255224132,0.8093976184345203
-3.5539090702474785,-2.173235572421853,0.030829663102551662,-0.33671589074747443
-3.7784870153315886,-3.3973308566073253,0.6201548049775182,1.2775055894955971
3.4521424214555285,0.9640591311482646,-1.5885957437503395,-0.42834927754723495
-1.1411922085291726,1.0466807836338943,-1.5569342243324722,0.7348621129420706
-1.577322829575129,-1.5476173702708438,1.5385614922586621,-1.5909936743754058
-1.1340582816001785,0.6806587980115304,1.2682878450384905,-0.7634714865567079
-3.424519291213186,-0.32701477760807957,-2.80179748517278,-2.314954598703485
0.8934776460404523,-1.1099192695764601,0.9028693552865436,-0.49956518820335327
3.2391028197445784,-0.8777231624656539,0.7933912831171526,-0.7818914485423254
-3.4141770839948293,0.30135518810373524,-1.1171635874103487,-0.0601124207509445
0.9193963057391527,-0.9368229208559189,-2.719990985337047,-1.1562042524769909
1.3023882725723421,2.704998967402977,-0.3240713770227743,-1.1556527672712278
1.5134788069221414,4.375749613382295,0.8344719985098037,0.6798280057556556
-1.2654095414984599,0.02038292348940913,1.3621766448579626,0.263504602647154
-1.6818550261503074,-3.446703178284464,-3.757567074497329,-1.4578343764571497
-3.371875663835682,0.73775815134761,2.3775853958159656,-0.033069900556298645
1.0415517473298472,-0.5093767897969221,0.4589511154476251,0.12460975341987864
-0.940034547231877,3.3576759970632253,-0.04411247779656129,0.22844829037457087
-3.6729754412672726,-3.033136213663759,0.004420418881123925,0.6127732645070604
-1.270293870182945,-0.4739178392380883,0.950045737831567,0.9195033752405708
3.2923429326271987,-0.12404114693562573,1.8969574931136182,-0.1362305783489566
-1.4275833308572035,-1.7304283594864922,0.46755870407811,0.292820275045215
0.6442623547866807,-3.038192742261352,0.8298375672433266,-0.7626169654232832
-3.53493730533362,-1.2313441086217018,-1.8964964502410577,1.3241071443564991
-1.3274715639390045,-1.5422260705310693,0.3997765695485518,0.3607335343901587
-2.9465180107035067,3.9247221518992297,0.27006974673847367,0.8177238084599507
-3.4210404889016908,-0.5140402038432994,1.488443351159882,0.3870066973727991
-3.3415950067196714,0.4207292809854591,-1.67387191907256,0.45584150389742667
-3.339454729633346,0.212917212958325,1.267474085207148,-0.9879115114001559
-3.502951109896515,-0.909838032937724,-2.5150371388218153,-0.8224073489422866
3.253558503842089,-1.6435582753041285,0.294746568440212,1.2895447608066966
0.9794959599632967,-0.4919138155401368,0.8084451422578435,-0.708713554056528
-3.797204772141198,-3.6733073512436,-0.00706834166947091,0.35465188037207557
-3.205416792702678,2.061303457232312,-0.9143720500206447,-1.094892671461616
-1.1510829684833073,1.1002084687476976,1.2735635068473563,-1.4964344770383256
-1.2827105883901444,-0.2496772343351151,1.556717230105484,0.5389364863325087
-3.4728253036124204,-0.8091272567077982,1.1980824194843267,-0.12698966609112627
1.5718983072641872,4.513762232896267,0.011968410170423478,-0.4990977438115005
-1.2468510909836075,0.16403821263794766,1.3813000263960638,0.3128361725891956
0.8401828521911306,-1.53904805539922,0.9386155942867305,0.6045358800507918
0.8953736119103212,-1.8190640680906862,0.3081523282114806,1.149217061740769
3.457422106426059,1.8464982008564061,-0.4031655362249027,-1.4041289673486135
0.9633395771288783,-1.0618319937720018,0.38620268897843835,-0.07904666408470146
-1.1277676017905183,2.0331698318433538,-0.7418773419575042,-1.0989047147599091
1.2028833704507367,1.294510295309968,-1.0530625723645066,0.4798287734090711
-1.3673822475285093,-1.3678029708209618,0.7665442075438555,0.8343132649533759
1.1328817396706943,1.2398879987363767,2.1766908230252393,-1.4018719575048406
-1.122324065144546,0.8447349112207492,1.2895259045014122,-0.7055178784526172
-1.0819863764745963,1.8762154908132698,2.2247202389347227,-1.2313928545406232
-3.399476501922981,-0.8381332863706802,1.1232333837947543,1.3482267214849435
1.303790128770265,2.613977063217939,-1.0215475699962533,-1.1848109239703875
1.2563731130864781,2.1552659022387766,-0.11725785918307711,0.7345626735202949
1.090070666526788,0.9445004451250331,-2.1794883819780115,-3.026879703589549
-0.8544705369891704,3.831739175504784,-0.11549925609044179,-0.8066073174330309
0.9429896045206557,-0.8402350961165825,0.6673272666593263,-0.8428109421918157
3.350276845886161,-0.1069881155289829,-1.1192139584296499,2.757787882356285
-3.02251035630311,2.7345104488647287,-1.1138247754606507,0.4478761650685805
1.3500485809175145,2.6847987617055686,-0.20980486329158216,1.7775207354311542
3.418571512314094,-0.3462308473784265,0.8599188652603041,2.1179449963641366
3.160673293914397,-1.4432955430822325,-1.6159498612049477,1.8924770059387588
-1.2206911478432747,0.9683882263819357,2.191424149257841,-0.3003834684868493
-0.961103537999243,2.7335082068661154,0.010649434745607481,2.143294973002211
-3.4835649445613917,-1.3886850072689672,0.6147632205191765,1.5605901799137205
-3.5280274453017366,-1.3039175058110735,-2.0490693530242687,1.3476135749884721
-1.6198001106674789,-3.0835210115178904,0.28819616159248485,-0.19184802180737942
-0.8833849713196714,3.6798155663285614,-0.25160182016023735,-0.0646717404233278
-1.3367273477605839,-1.3486195481992078,0.17326340080548366,0.01674058970663403
-3.3031363362720962,0.9959689076865887,-0.9096100726473886,-0.5986027992499111
3.2119511738516158,-1.1434179190624802,-2.050105394596272,1.0923877778892996
0.6769126355749422,-2.122356916557419,-1.1684677818071114,0.904819945245919
-0.9656032165417376,2.5149940128388737,2.3290455233250604,0.2789528351796225
3.4756416152124467,0.5037393577822845,-1.5392258830732701,1.3263828830437183
-3.292569568281217,0.1834161571491649,1.3312615664301,0.2328348750386362
-3.534594824605335,-1.2276579542117925,1.2298589020196897,0.9812247654970356
-1.4608745865537753,-2.246971342197886,-0.380655483795279,0.10221908772612447
-3.107965676779966,2.888399081168957,0.06322465912273621,0.46699046954038226
-3.4435448448273824,-0.21878236488950534,-1.7589036939606368,0.22315540927721658
0.849805382353669,-1.1496789726441827,0.9708687771607217,-0.5442885398251681
-1.7318418753415803,-4.6421398428109235,1.6589332538640407,-0.9111607510644748
-3.2630245332333394,1.4539818274734064,-1.5641167728481697,-2.1035867860432202
-1.1846559551419877,0.43179214935814253,1.6466728164739257,0.7884404214630175
-3.5029402891097585,-1.4703588260576792,1.0386349521978695,1.1231227719373307
-1.0110370615114823,2.9365367550593686,-0.10001161312101287,0.0716567903681658
-1.46768205800371,-1.6926585670015963,0.36051742968811384,-0.35886503607789555
-3.485083676448151,-0.2322234578609766,1.1573741058011264,-2.0248773063129057
-1.1098351609078156,0.9393351373062311,1.0515238128209141,-1.0830920967428885
-2.9420194735881995,4.013284749002637,0.4450244498004554,-0.003304878801290902
3.7492440157541576,3.825879979581909,0.5264951033813923,0.09943358703010464
3.5369230504958162,1.9545955985050658,-1.3919618039082176,-1.741342969808799
-3.31345228967523,0.858665344639255,-1.459116050467943,-0.23559308564650333
-1.4577548899417552,-1.587336291988028,0.8010968774164898,0.5193835133953271
3.55634972950164,1.8782818388772666,-0.5997605549687866,1.1651120162744113
3.7160751664854583,2.662950223671728,-0.5150403921691782,1.4129697462573332
-3.392747323230665,-0.09104446654845393,1.313653467082715,0.16618316228618937
-3.363424211789904,0.6617755093958053,2.048623144131226,-0.4439765435667459
3.452593741974481,1.3740571099632426,-0.8705091425559318,0.5145792376698607
-3.5065864704295464,-0.15683343538363306,2.008317324157037,-0.76732559493621
1.1641181560815492,1.119334020540216,-1.8758703663929595,-0.8759281412721344
-0.7985774927662267,4.062460231523959,-0.17975636589856608,-0.7283604396146619
2.8704848160272123,-3.6818119507159395,0.25872749346827173,-1.7831437338987635
-1.3251601725549156,-0.12416622667104532,-1.190599700100419,1.1658531789832243
3.4793029811556093,1.3658267306923768,-0.9395311631648416,0.5389908699210519
-3.6877604942084488,-2.976766838683431,0.357214833248002,1.0491817544027986
3.3946045711991273,0.9492250840877859,2.424877596895742,-1.0381371030636197
-0.9827111333627002,2.3712825383228537,-1.1289288167652116,0.3715434650648176
3.0251802680399558,-2.7447803205216865,-2.2176407429538254,-2.3346030679320706
0.8310602785744484,-1.544008379407653,1.4208578148782538,0.13553823128943868
-1.29542476431466,-0.2193304643414096,1.0589934790537645,-0.26516319140111005
1.1036692659096494,0.6334302798191231,-1.0534686903853858,1.4997108549936877
2.999459317610859,-3.2453926281303387,-2.260565837288165,-1.0244732149856839
1.188782921541677,1.0718852209425709,2.1078723364617002,1.4968323154874037
3.425993417639245,-0.10861439509826586,-2.624571961470029,0.7275486558061499
-3.579963890673596,-1.7100229526385786,0.7617106934117293,-0.8561911003640401
0.8548545321140198,-1.5611736073713822,0.9364605327189224,0.5979838924752288
-1.2301644149581952,0.28021630892816396,1.1939651936781166,-0.11008567304369161
3.0908652074244536,-1.8533696648106563,-1.3506105031389422,2.124085261090552
1.44718218288384,3.779349262286814,-0.20186637161972465,0.032560693750317685
1.0980926992313433,-0.062233785538630196,1.1360895260589157,1.1420129250505116
-3.1178295600532504,2.3012148739160727,-2.0688031415010806,-2.6571179885818763
0.9361469829418672,-0.4741732220429242,-2.135069440811081,-1.3919484978815615
-0.7663145046737717,4.314398445649652,-0.23523644569771224,0.18722502650882544
-1.100155866512111,1.802466491295302,2.2146740676268584,-1.25920854839151
-3.531523415992622,-0.9783511238007151,1.1955142808109787,-0.15306267342729757
-3.34175071505411,0.5234222579309639,0.9125733787084003,-2.166696957838166
1.0496337366392523,0.11060841619567435,-1.7396623340374215,0.4513405620874939
0.6822155064269647,-3.0215220822191102,0.9898492861555224,1.9411020556047758
-3.5426143466360105,-2.030414068648396,0.3871915580819765,1.3838709593240217
-1.3565149316704601,-1.478621101159496,0.49394857198063763,1.6383189154404743
3.0999993824797802,-1.8068482084205444,1.6943237832237283,0.5367351594364759
-1.707261678511827,-3.534636147960267,0.11199251885001009,0.43849719638416584
-1.099108178562729,1.7583407658256511,2.5471905077190176,0.39292779100413433
3.321731267642472,-0.13490770104549488,1.7334064631074628,0.713078947385603
-1.048147618154785,2.0753945100218285,2.3386080076498037,0.10008386639493934
3.7056034771969593,3.5648531345898724,0.7626225591537419,0.45552484067595095
-3.6234613300845187,-2.4928337120027866,0.42069395116913727,1.2280176941871337
-3.1413546108482397,1.8827225551089481,-0.7250819984657659,0.9497684307090127
-3.3571789818075692,-0.45164100344914876,0.5820219777092264,-0.7942405345534276
1.1789492077989279,1.3989330130018562,1.9661806758997082,-0.4669642536006115
-3.185527966205029,1.8434079441114422,-0.7108484047278214,0.9729577676759132
1.0103927920162836,-0.4193250131445876,1.3201728533006538,0.13003221281812855
-1.2512282879954353,-0.8910690051431764,0.04826791970790346,1.0258210184747796
3.5929672387009965,1.8891820714779857,1.7225734908294925,-0.6460323481247503
-3.5139200952866743,-1.4979435388167586,0.5310897269082148,0.07933715489237443
-3.3314772928958925,1.372415478934431,-0.07033313545278551,-0.08474362665148932
-1.4322331594577322,-1.9996517317209899,0.1741205526278502,1.0424621561787895
2.9495993269517937,-3.5149169085501457,0.391351585965023,1.0340947494439399
-1.0844805026559297,1.5209721507498448,-0.4886929252872609,1.2859111859400199
1.3593577380770947,3.016826154525474,-0.7174185537842601,-0.6329397142371279
3.598940702212237,2.685083716109915,-0.1083346738737562,0.168775036262392
1.0613635111186492,-0.05672935849821406,0.5208773407482488,-0.9715622816106496
2.9258802582877745,-3.5072017105705515,0.623854949064689,0.1594730361151521
1.1979884790261317,1.4872200385053351,1.7066187649661178,-0.8783839670754341
3.1703586998717985,-1.4792387333020791,-2.1422129034576525,1.0269783714385783
3.6851102755147713,1.843605607546142,-1.4492688349312681,2.6305210623340822
0.9553733933112216,-0.46992781396176475,1.6523030513430885,0.5328295201584234
-3.595324105587421,-2.1362192421907444,0.26447762178596107,0.8865445776991161
3.0874971944644622,-2.842879340365976,-2.552822079203301,-1.2880091560645093
1.3636063310365196,1.7401646252450493,-1.7505503791972503,2.1337668079660297
1.1761236971607758,0.5549316944927006,-2.8671377795735777,-1.0298934220483194
1.2775862618601221,2.119816653667788,-0.6040904835994263,1.1906121769105191
3.058776954180899,-2.07416080502029,0.9746483678914966,-1.6387692310539599
-1.055344753721496,0.9662275902653089,-2.235277210322703,1.3726656463324067
0.810656268416865,-1.6523255638163303,1.4064067028893272,0.09480450908736328
3.405620097966679,-0.09752823997254499,-2.0532736227481605,1.519564107205374
-3.144931549894419,2.7632318110834544,0.027474930564869073,-0.8614714060460603
3.3203409141171862,0.257548276545767,1.9400270009018532,-1.647177958989114
0.7131377262508211,-2.5333717758681558,0.8077247572673031,0.24586402325027992
-1.5654997928902707,-2.800106330103358,0.502590599603028,0.341806652451717
-1.2066547050734746,0.8489588353355684,1.7618129819770325,-0.7376121713542668
3.557398616547055,2.263539941180693,-0.5965163494530273,-1.6640893674061341
-0.9638905977635718,1.6876456621663585,-1.7937494350260075,2.047429382827434
3.6500174726520576,1.7643298077868548,1.5725061131077687,1.0020052330346088
-3.3509611993528523,-0.3623456507952691,0.6804736804143386,0.5011934303998348
-0.9951129876877302,2.229885215401258,-0.9712246007692027,0.753780155328979
3.0752136888003285,-2.707029842600202,0.5875850778638425,0.49935856438990367
0.9083250920804897,-0.9681430170621326,1.3564327647747003,-0.8563541968307512
-3.2783139252852145,1.793307336808918,-0.8079230770350299,-1.239167240496693
-1.2269716887509445,-0.16679227642054356,0.9033573597686437,-0.22845130205797798
-1.2248883521924734,-0.5672907467544694,2.427138192918114,-1.76542891384833
0.9396931320761863,-0.5142941706689202,-1.8233725831604706,0.2252651133256303
-3.7239545322611245,-2.9303048084007175,0.4093554675888141,1.008222984303822
1.2120728750244165,0.8639887983624367,-1.616617045453914,2.2199220936456867
-1.2172936901717952,0.2149796829887625,1.2934150632852732,0.32370442721427384
-1.0398342736080644,1.4502049684712446,1.6412295247934536,-0.045972332696159815
-3.516687753849028,-0.9366653699537775,0.9297677635534877,-0.5796044754964871
3.325501338990853,-0.3681031373989643,1.613396889705436,0.6226432807253022
0.7001452109628368,-2.8890212038198717,0.920129842473094,0.7288063815765613
3.467591133148508,0.5661895228314279,-1.0980065558151533,3.023660521250047
-1.128936543031937,0.7488488287817564,0.8416086971349493,-0.32587820912063015
0.6308679674244377,-3.5626628054718044,0.25302832214262966,0.9479947980563538
-3.5709613443911072,-1.540737065423491,-1.8301051899042138,1.670247373174186
-3.4397426097756507,-1.1880920100382646,0.3231669433784536,1.2377120678161186
3.266681205570207,-0.8707369615598833,-3.020150630828393,-1.487168376803449
1.118977960039329,0.7180022705657058,-1.9765871785878644,-0.9621898221589131
0.9947613341865053,-0.9712045799484146,1.2620956963158103,2.6828925641654076
-0.9870143619701393,2.2304066177938258,-1.4933749240474368,-0.09395732311918929
-3.2005647392518197,1.8646921214396217,-0.3891545699391426,1.3652156467769427
-1.0155119112790976,2.6940199591693204,-0.27547283451852433,0.04654042866028593
3.60407090697922,2.7652130373255672,0.06574560612585424,-0.6571408188454981
-1.392073642764338,-1.579285049501955,0.4880907513075422,0.34946564572396105
3.299754511070648,-1.1559270774431136,0.704234037405199,1.8860708011076315
0.9852786232459466,-0.23182935878474717,1.5964451693653723,-0.6418248727886124
0.8706559308038546,-1.1874075608023278,0.9673271586579236,-0.5596500831368372
1.0285273714115573,-0.516343225041177,0.8042632371063526,0.5337170263501005
-3.50360292974816,-0.3061021723111413,1.397974089803157,-1.6435537880160924
2.699666832645334,-5.439473781312568,1.188378856084429,-4.202015572449138
1.2857797192350076,2.466322772100369,-1.0408416226647705,-1.2393016831567865
1.1291947214491318,-0.3423365549614364,0.5943243777854362,0.8464481589695532
-0.9747130667402135,3.0421429110713887,-0.1335659278369957,0.1732093871324752
-0.979960995977803,1.9600276606290663,-2.4650373198393463,-1.4314154850413932
-3.328059645335075,0.4545319455494985,-2.427373403312882,-1.591501753934311
-1.2445215866635138,0.17420444447615627,2.1373552998047534,0.2953222805761325
-1.741275586475672,-3.3857533035330554,0.8900413050710467,-0.9980694918610016
3.309478109276482,-0.46361872389532927,-2.6204032170168015,-0.9259987783768006
-3.6759004029930202,-2.7462469042867648,0.1842825144984739,0.6635598224477359
3.043937086088903,-1.447397588930614,-0.7912176645719149,0.37443310167935884
-3.4464759478684237,-0.9450280881283452,0.4271403029236648,-0.14783454664815643
0.6639629506329211,-3.1937191109506853,0.4450505416069203,1.027357991858339
-1.5683547499360577,-1.9273204413999314,0.9005869938497921,-0.9066463388581725
1.1101233213467847,0.8084881629801066,1.455198866427711,-2.3573002271016557
1.041680655476157,-0.4977503159283083,0.7324488711329046,0.5663800220010703
-3.069317345271137,3.132614808603308,-0.3576544472672626,-0.3189461306666866
1.2296925704302635,1.5830327707574439,-0.6083364069230527,2.2254166689025205
-3.2742213346269557,1.2896174790838133,2.1122810299193704,-1.4859249474207907
0.5773122547865827,-3.4221509010702285,0.07196888003127191,-0.9389478388293582
3.2334657379343446,-1.5757888606834973,0.6484177454827378,1.733576208075821
0.8326792769792154,-1.9378996337386303,0.9980000681880047,1.1266032848780556
1.0854046661050405,0.16115473538030434,1.0715088793049345,-0.039142281994372016
1.0998580139070582,0.7770348652025736,-1.1278533429170732,0.2928916489329154
1.2687373584070438,2.3914334750928923,-1.0512007256333018,-1.2647503902178434
-1.2799588951967908,-0.8550521270158827,0.6714910086442627,1.8723452564307541
0.6360780854274849,-3.480518970565146,0.3593025059903015,0.9853420718147734
-0.8994650930065,2.972262863099652,-0.6152577272528343,0.19054475734921206
-3.716892276309148,-2.9823776879825306,-2.3524520924870735,-2.620484488211325
3.0203592239861283,-1.5743786929764154,1.770378394859984,-2.3338796636213766
-3.349671490735428,-0.8421270209749873,0.20783401421737457,0.14253691344107408
-3.7111765050394347,-2.7665446727030774,0.8663374464424637,0.6499354807543444
3.672764354736747,3.1914651430648986,-0.12751007040256937,-0.9199625264162018
-3.537890451613717,-0.8444469307574705,-1.840536837503596,-0.02029793205730343
-0.8873705586579141,2.9535917449515203,-1.322770730054586,0.13796363731797545
-3.4772918356402527,-0.6383813857955715,0.9698003065235439,-0.48063347953877117
3.146069926240408,-1.3363701661711413,1.5049601641418555,0.30531092760505124
-3.6721416203426713,-2.3941207156356286,0.7568303434956314,0.17922669904497987
-3.6076518082468003,-1.7758788581692981,0.6352413649679337,-0.06837766087316272
3.221429402979512,-0.9387032678289269,1.3964029460217786,-0.783909246599241
3.3570369081056124,0.6853314314022483,2.1419222874460346,-1.5751002284553437
-3.4641915780405172,-0.7716655946317393,1.2030807198290532,-0.11193973703840816
-3.262559410433725,1.1521502363296854,1.8642941811632003,-0.6749322434665854
-0.9367252882071252,3.0793405249544503,-0.9959751860225587,-1.0789260965847531
0.6352482541552175,-2.7394740464505953,-1.341673371925749,0.8934421824540143
-1.0101259216594898,2.236831016332241,1.566758266403702,-1.1355963921146752
1.2138071269171338,1.019168249068458,1.6206113251390495,-0.13946212516188572
-3.3762755800283677,-0.13435943656995034,-0.9777272596188042,2.9752001715374323
1.354960273468245,3.207748158075568,-0.27800208418732086,-0.17445016379446363
0.9740250531000668,0.16332682962940565,-0.7018055248545058,-0.3542698973811682
3.6642640281742915,2.486934639430652,-0.7010712860400982,0.1168791587997409
3.104949039150772,-2.057385683198341,0.38496576130702,-0.3688708757375984
-3.0928153384001953,2.3728224001015974,-2.0582880057482607,-2.634926400601462
-3.2829953360114663,0.7229175544430676,-1.457014820532111,0.9975393644149667
1.2556024529741117,1.820003101008664,-0.9894115456605658,0.6688093051909854
-1.2995776452996377,0.3833106378442681,1.591797959916097,-1.3620418816626803
-3.5407745849973122,-1.2527217127809314,0.814355669143654,-0.6698556712423225
-1.2536643896211874,-0.1684977540722214,1.404913294172661,1.41856730705653
3.24705023663565,-0.9179263408377372,-1.2950462922260888,2.4899015552803947
3.690383946618698,3.3932296642011615,0.2178945641846535,-0.4561399414218441
1.2337044420701027,1.9340325987277103,2.5196987065343777,-0.746543901357134
0.897772477106189,-1.6406114120160031,0.9224136045427368,2.0360492626271505
0.7562995357798324,-2.6806976811860723,0.37825423306872347,0.014056788943669341
3.3717768329230258,0.1812707693526915,1.5039028795730256,0.384295812496821
-3.3398789116738477,0.9432066676079524,2.404844218979836,0.04193551910850429
2.7989893561105563,-4.704932231689521,-2.799948898345838,-1.9660324227516042
-1.2524242971087858,0.14639087393530975,1.1763543086957107,-0.16159146859812656
3.0931007868903295,-2.4649947544309057,0.6933152367461263,0.5641439033055364
-1.1738252906855082,0.2009277589232198,1.2237280933728376,0.3464079804107428
-3.6625151040350854,-2.0160571580266895,0.5364950900577565,-1.3768158040775693
3.55263017930163,2.236091175063273,-0.6004332273744205,-1.6710382675308382
3.1748488557053403,-1.9386367495205057,0.8509163250372256,2.009478035227069
3.2700569896247913,-0.6328506741321502,-0.939426058850862,2.989773813133327
-1.433346848487074,-0.4576462828575637,1.5951321268411454,-2.4587123278535854
0.7215964329204827,-3.1425481452841626,-2.6290194397833138,-1.461093296189105
-3.3695699490301507,-0.2519212793982426,1.2910378328831575,1.360026808149554
-3.6058855465207653,-1.812813930457036,-2.1156111203419896,1.150674945350777
0.8913174825566589,-1.408925463117522,0.43487532792822076,-0.19678627946245203
-3.5532209363330987,-0.7218018962263879,-0.7344767523120231,1.6854558267186364
-0.9920785094764838,2.3801204192174477,-0.5170127862203551,0.39784755644936914
-3.2081616115289906,2.1276723996042537,-1.0821630592276457,-1.5050219107248124
1.0934252407769713,0.8997554184637541,1.8129289495102656,-1.9164031493922689
-0.9438317677117318,3.1797491386285484,-0.21041453444852,0.21392928187583046
-3.292222857366986,0.5849186977852922,-1.7468717664206725,0.5111141524684085
-3.590750821700269,-2.289175821856715,0.44799230998777834,1.2995770412538363
-1.3543950562810783,-1.1748818982049287,-3.1104655104903136,-0.21875819551250023
1.330887078648983,2.3868904964164024,-1.090549457919157,0.4384572369778304
-1.1084236502317624,1.0678022974987693,1.413994598074578,-0.61867275141355
1.144655648685732,1.2302831255651556,1.8560577981087363,-1.7869821767035894
1.0429027364342938,0.49812850510719864,-1.6132173539903825,-0.6844856496102614
1.111041432448398,0.7202506842371901,-0.7923949112736037,1.9506350647593895
-3.691119097541017,-2.727688246833222,1.143477267649957,1.110903660967485
-3.6149639832101683,-1.8387499557424425,1.062163569938268,-0.5002016630823826
1.0052999582557538,0.2871781536619059,-1.1935829855557478,0.11188580949820212
3.6085776515036097,2.1824513619678556,2.107339218955398,-0.13374089912667084
3.144765135144328,-1.8415026060218818,1.0247692973541531,-0.2617122734938659
-3.6758815529996003,-2.8886068577967006,0.022272034990485676,0.6662148219930359
-1.008964517110835,2.433714773953805,-0.029287512035528932,2.0350977480592034
3.722783475790277,3.508267270631472,-0.2702325744495162,0.01779572556789907
-3.533476225619241,-1.6247829761881913,-3.2778584979843592,-0.4233940404666981
3.2976937692138972,-0.44294400873636885,1.1021399489575119,-0.22426042627390425
-0.8365262539647199,3.8191903765755533,-0.21219092020417746,-0.8152773227224128
3.251840335710152,-0.57339167746732,-1.6102504212231723,-0.5501910304484785
1.117145213554625,0.7505077957196119,-1.0382086770675707,1.542897386606201
-1.3541649756326548,-0.4736101174539213,1.344014147462415,0.027377186373343586
3.0335592066886896,-3.0060144796415678,0.4587786805150913,1.2239199412763617
-1.125930503795476,1.9625631489412034,-1.070382006105421,-1.5092780418766927
0.897418227357881,-1.0439865941802884,-2.462749088814999,-0.7539399608667698
1.4361952464192618,3.028373648448399,-0.6652701586932449,0.25014147202628384
-3.5965928884210694,-1.8562531703246736,0.48139164717156413,-0.04146427108741902
0.6317935215377992,-3.2668388200889105,0.6366208190832651,1.4705320008385354
-1.0951821612739734,0.7703447134388042,1.1230500366933822,0.1172718151918938
-0.8265135528583653,3.9758258412762055,-0.2798661159735457,0.055456952835270086
3.7318298107326777,3.6579551598856823,0.25276079805982304,-0.35620122308668617
-3.2849334853537053,0.49415847700856386,0.8696823950316738,-0.4702040435698699
3.0914869010836012,-1.214067699777124,-1.0102227286790173,0.0485074777878404
-0.8607049701889276,3.1160592680311505,-1.3011771517475905,0.19765308874297116
-1.3812576797561724,-1.1298376727044908,0.4355037796588742,-0.157966276726554
-3.6869859617471437,-2.2851265066737403,-2.4517350681818666,0.5535026432497694
-1.0139117507435693,2.264367272000775,-0.6214660347691566,1.1834452410289473
-1.1454139863943522,0.4802927768125422,1.3334463927558227,0.43954857448604506
1.0119212735801246,-0.39351117065831337,1.6611611864508018,1.8112322962796417
-0.8466475614266287,3.5026261283612614,-0.22429484364888988,0.740487401650622
0.6025538014869306,-2.423039973061451,-1.576295298204325,-4.413547506373622
3.1549122002512973,-0.8982000733472797,-1.314101213899078,-0.25192783054320933
3.197103707084321,-1.4273122385441912,-2.0462055213498287,0.22690419567138725
2.924751094054244,-3.4785226149552493,0.44304160439056706,0.9865127252382909
0.9110735670656454,-0.755601624010198,-1.6707680351840735,-0.6773704783234473
0.7893900846310759,-2.284169912593188,1.087254075333398,2.2108373432738713
-0.9307653673555785,2.5807997045171107,-0.5992212869660325,1.26241421756351
-1.6690292127491628,-3.5067780851448727,-0.026452341703047322,0.49842817314882637
3.167165870860602,-1.3705146336566745,-2.4693549106158343,-0.812068539089468
0.7878572262725013,-1.0603176255016113,1.4359865702351655,-1.82007763480328
-1.111324401474803,1.6739609251376701,-0.44905387602606534,1.37291294071852
3.4744406504022316,1.3550470837929538,-0.7569050632788429,-0.27999642823340115
1.0124505912492539,-0.28718194175541556,-2.3621919345280453,-0.48115605671784856
1.2229075251717914,1.7499800552630722,2.263940379976872,0.05764216159188416
-3.5492012610058246,-1.6459366501621928,1.339580430934657,-0.01289060668151563
3.082634645723313,-2.238166739464503,-2.5883560261988534,0.33995146735431997
3.190618519379565,-1.2843999324964308,-1.6817761197392624,0.6898624112365794
-3.53727307412184,-1.480835912649136,0.44462835541076157,-1.1718056837238695
0.850030803791578,-1.3444705376330985,1.3065726566163465,-0.9944207953336828
-1.1173276715484635,0.896839037643329,1.2962483354992849,-0.6860663749889888
-3.2500751563230135,2.1165686297447945,-0.058840554551722594,-1.0939340081719489
-3.441861123870951,-0.4169335379405655,1.590125281894756,0.4336299457472732
3.1992794604362267,-1.1561892355264278,-1.4144144193039558,1.1429645652765947
-1.3338187708826577,-0.8846168408630967,0.6445335779690174,0.36483085309325336
3.559542809227846,1.6810465682836757,-1.4935351445283012,-0.1683572758069028
-3.5108669856394474,-0.14755225057037577,2.259792465486127,-0.35290827024270116
1.0103431320667107,-1.022738764593544,0.6859619319708703,1.870515613665247
3.172630845134992,-1.4103681561010486,1.224619904582689,-0.163594232089907
1.4158206762138283,3.6593334436756666,0.30421415505230376,0.8364637745114868
3.2906101813418682,-0.0006363617148019069,1.6342574319424585,-2.178987073508907
1.0603096813728081,-0.8122675785575029,0.28090324958930046,0.2731345487329605
-3.232029491409904,1.4473170498597019,1.991721608416167,-1.3966350641155532
0.944375166931235,-0.6984617780341141,-2.688723198096736,-1.0722343482406613
3.4936082741397403,1.937268850427826,-0.20746180504096023,-0.09855143832368968
3.106254577596307,-2.1862718000228023,0.27324314906576824,-0.42407221618870883
-3.357820117051575,0.8255385905085006,2.138365682414061,-0.4076843283304269
3.03088822007507,-3.196156935915224,-2.599468766102491,-1.4207321535427238
-3.101654186013345,1.7692958963106127,1.7248316419793286,-0.015519381220576608
-3.425464500076796,0.3557847646229353,1.9899704992984482,-1.8499215711711332
3.1958729901010847,-1.1776019905727182,0.9301196605646118,-0.4619113492257371
3.398540986506767,0.8733496341412662,-1.2560149862147558,-0.04680639994096811
-3.6271749144400016,-2.5539808069094763,0.06667154890731544,0.7862734925806519
-3.2746398653765003,0.926432342645538,-1.171754617018071,0.22582221006368963
-3.3602592259247963,-0.32872681413544236,-2.3663513335975517,0.8253821816954108
0.8805829413937444,-1.6639364302223114,-2.1098492003483003,-2.0099263009872628
-3.499444364212987,-0.5895828859595953,-1.8081398618372857,0.0893891200212154
1.2641644288973948,2.734253596738841,0.1804475214401381,0.506694942562876
3.2923994689003737,-0.06688651087318996,-1.2257722445006687,-3.5054986572087534
-3.405833945348401,-0.036374733891680264,1.5527182794040801,-0.6933302954040826
3.557927778215663,1.7783732650561836,-0.9588689053383879,0.7154616595560845
3.814351513822387,4.077014023516446,0.24090082609466473,-0.18813482971155857
3.1471168516718366,-2.272204487671588,0.4604465551291177,1.4832758926027039
3.5730116150908784,1.8328435199622757,-0.9512802418271366,0.734956115396011
3.2672328288135457,-0.854282865670868,1.5015654301317545,0.5037036548046835
3.4466076244247255,1.2595990801542691,2.2155828213989492,-1.3342783075484348
1.4126466174312307,3.4606032791075885,-0.31274076820818003,-0.05627118145036369
-1.0164752980299614,2.1976908170230356,-0.5411805069248695,0.3332531421815527
1.344178272593069,2.327101808379981,-0.5966113252366734,1.233490774777364
-0.8935627853600191,3.2019913751991838,-0.2657574511667977,0.6499959703034397
-3.3845819614992316,0.658854749380122,2.366425457628218,-0.053651385887352215
2.9305404356912526,-3.5769723395514808,0.6334984296814379,1.4185435011845857
2.970394607473399,-2.648397710109864,0.7348053757997468,-0.9945914169247217
3.2933243731592325,-0.26765792448473974,1.878740082692241,-0.18463083276579584
3.0589544205358474,-1.4146344643130908,1.628809380245307,-1.4248934627730563
0.8812638195635185,-1.218753613562525,0.8886023592902453,-0.5385199980206755
-3.236205335343701,1.6848121420328837,-1.8055076583271883,-2.4627043857438227
3.2799471064487142,-0.4794962061872364,-1.7816553992497597,0.30308048081071576
3.4768544637042766,1.2930380583909231,-1.1998250494938285,0.10814393225275488
0.6912915290899849,-3.179062260708155,0.12823764953085257,0.6509463790737052
-3.5310541900415866,-1.3999048529620433,0.6165179735253412,0.09851617670289217
3.1966934594809544,-1.6132565427467547,0.349129546505782,-0.21241074714369892
1.0821940299403485,0.15471241094077332,1.2343653598516473,-0.896733551346115
-0.8483653766805929,3.757789268144362,-0.22050551141062727,-0.8370283111219947
-3.08674989000028,3.010265356012353,-0.25845599493630145,-1.156935617304252
-3.0836262710231916,2.071382837748358,0.8471445523300369,-2.043709534024729
1.0860565350272315,-0.16748782911271812,0.8505501175398976,0.6630268180741231
-1.1996932785118988,0.139246366264381,1.289642304489824,0.2965823483368833
-1.234211502703798,0.7059496927691502,-1.0107937680697712,-0.6442264133091076
0.8637074205452292,-1.4943136397855503,0.8579533749930877,-0.6366101388939598
-1.4527211533018403,-1.3983045873023021,1.153907126643068,-0.28745379701443635
-1.259667594431866,-0.30404279033676246,0.9805263234837367,-0.27353970535641164
0.9729446192153823,-0.5104141024100934,-1.2964315619659197,1.29014867348175
3.64968037419357,3.1466881015722055,0.1847437412338596,-0.5421645234828051
0.6636550049812602,-4.391464932196301,0.7167361791556865,-1.9591597580712998
-1.2137964775488161,-0.5844485648403192,0.7946630336453413,1.1780864795151018
2.7450649231058963,-4.67716158026258,0.8063474731056912,1.4045503487713535
3.5983097310588765,2.139878846437927,-0.6521876542260621,0.0003407878180167719
1.078269541014681,0.6788961465489536,-1.1410233043193232,0.2550270694234907
1.247633030326155,1.4802587850370057,1.9115691398759147,1.231445490704782
2.9716897993611515,-2.7364694935952154,0.45170325867620276,-1.4627073033095963
3.062621841293972,-2.4845144974251965,-3.211869731707792,-0.5729867921106122
2.9464774154448032,-3.370185486926452,-3.4033241767118376,-0.8675238436376405
-1.150129125938077,0.26717067597866684,0.797772612406635,0.7828096100267851
0.9666872521668561,-0.9085931377674802,1.0224891154985127,0.849297398860837
-3.3513046519833805,0.7390583039101352,-1.1291169098782248,0.13244050603492682
-0.9436921490214797,2.905680644440178,-1.3379428220820575,-1.5250594007241787
-1.06941926120756,1.1853999480119999,-1.2913639845262819,2.6587140455986447
-3.2835814719534255,0.39183736572681216,1.445174848289731,1.5663076076201385
-3.205681851479531,2.1360410744091576,-0.5584809745959456,-0.6527263509571948
1.063637804963034,0.7754305524217099,-0.9858681573470254,0.2405733350178127
1.0906335851216529,1.403081815262652,-0.40236496532451527,-1.613037515963861
-1.4712913626695157,-1.366499063518321,0.9754275158459682,-0.7012320026741244
1.0590343892227316,-0.0848519248118122,0.767272630404251,-0.5645964232250411
3.578024319006978,2.1166911547243674,2.3296681268926815,-1.0271372557876484
1.0827829896696883,-0.42559031091752453,-0.1924518789583901,-0.8426044171648931
3.1793680726760845,-1.5986542240676147,0.446186442459108,-0.2039462205612744
-3.2449630897237385,2.026935854793329,-0.7767360072433286,-1.1580573550360778
3.0511619717698713,-2.58032199407277,0.9969914081445432,0.9017552975762675
1.3063919172952139,2.4536875051624802,0.009812443864301388,2.1025297670173875
3.4693139667937785,1.4989350121386413,-1.4520980051738714,-1.909574305764547
-3.237267300436079,1.4310271837955857,-1.2875393912069726,-0.025766562185364942
-3.6473877905252254,-2.3675139970990715,-0.1814057435569481,0.2275579969916732
-1.5352908366070037,-2.6591554444599064,-1.2268995583213358,-2.599574087432501
-1.2512795448020342,0.8035643116996094,1.8973004026849263,-0.7984493600998469
1.1297646006513715,0.6247633417202947,-1.9222208521858168,0.23108150295358434
-0.9560880327797587,3.0638389958390637,-0.22563196819754805,0.17318329020268833
2.7747088332569327,-4.830452807875093,-0.6512014028390557,-0.7051044360787087
3.5874656780972423,2.2374966474190314,-1.6254227872192812,-2.084412418346876
-1.2098128720458217,0.1946079677116681,0.7685821422749017,-0.5311432796375201
1.3113786265975171,1.8774991573485778,1.8771645955300773,0.11628754844747001
3.6408670935177736,2.922316352834492,-0.34796202304670254,-0.19057446569004938
-3.3603767966571807,0.4290867088239443,1.6728613312011027,-0.9403545022347107
-3.5378761434066393,-1.874959768890545,0.5503535858778309,1.3948511535040102
3.157349727162686,-1.2837028774571586,0.46738323002705506,-1.3777148757470763
3.2436373236993106,-0.173642551428673,-0.9586376850517101,-0.8470494285700574
-0.8558804572814445,3.3349109795638863,-1.626245701191784,-1.7865441558174346
-1.2370193316747147,0.06999186157053135,1.16708246755174,-0.1833608341319089
-1.0843229247703423,0.6631387345093065,-2.2747430899438914,1.264006771368062
1.220985040810278,2.3284689153508653,0.05835125734380096,0.3850918409096482
3.5456047316404824,1.8360220665588347,-0.6929173397332125,-0.10880862623733191
-3.6251577727801934,-2.723811452938421,-2.642583288412526,-1.4318114908826334
3.459746024989562,1.3635054617516376,-1.7412271435399163,-2.4002635942706183
1.0390264212185931,0.1808803851833734,1.4590809742298074,-1.3092839109719947
-1.1089820426737687,1.7468357337373466,-0.6427017536493046,0.9364889454664095
3.269862432511627,-0.42313566044185025,1.9453580727383293,1.0187280204906468
0.5729077146769048,-3.2614618875143573,-1.0408317647818621,-0.9285212679166062
0.9755577272369129,-0.3156221997039037,1.5855468142863853,-0.673066188109772
3.709433132211019,3.2710923095816655,-0.823585957083675,-0.9112808161813692
2.9633980968933664,-3.0615022663336044,0.4279679024608925,-0.29549605485705543
-1.3214566606458131,-0.8864901496919183,1.2358434194965673,2.655948281078012
-1.5875833261114052,-3.4427787012424855,-1.3815983281961792,-1.3631532093569827
0.5843224790838111,-3.6096385674997844,-2.3683600747649,-2.7117514885452363
-1.3728086454773334,-0.5789873814957133,1.6016162410140442,0.43065522104250764
0.7846296774199549,-1.8506419926726982,1.4673030719404256,1.2855049391473226
0.9407103357378637,-0.7725950096154858,1.2908037567932067,1.2842545785067332
-1.0483103064432628,2.6942370193793757,0.1389368527492226,0.4325728316094685
0.9790998680034588,-0.01179364480973513,-0.909017735503031,-3.1273750397203255
-1.353708339978296,-0.9258564187270291,1.554509043285172,1.569571496089207
-1.4790766711537289,-1.9349847194562428,0.8463121541157814,1.8642333818465064
3.001933944922587,-2.786911001730647,0.46465248763264466,-0.20093176691638434
-3.398866182697369,-0.17186818674554064,0.7809821579560128,-0.7155372743666399
-1.1451550579771885,0.9303766140539577,1.7147711986554752,-0.28422609359999335
-1.2272313025258434,0.15276967614396514,1.8813511164733585,1.128815275220616
-1.0691226699559262,1.8913714051746782,2.2458100989929015,0.053415193783973
-3.1120474005974463,2.8332373300375133,-0.19472160901032157,0.03978614249364394
3.2403246559456327,-0.6197820016443621,1.5813642575116669,-0.7215338525499307
-0.8851022713876341,3.529389694607491,-0.2508365765187455,-0.920794585907602
-1.2697321473293743,-1.1029245740901732,1.6918375574860625,-2.7627560060457
3.3581480112516067,0.915312924996179,-1.2108989766220892,-1.7364361496042702
-1.1426519077023756,1.4877982433503327,2.173258465520864,-1.3742019066443867
3.141763920797571,-1.795259586702145,0.32421136661030225,-0.28569994411621713
-3.1601636119780956,0.3809901054481722,0.37039152713122664,0.5850996549297001
3.1862752498695124,-0.9112896593985671,-1.3375185967908654,-3.801759289751382
-0.8119248281991519,4.1671274299935,0.33505077880477624,0.9661002809331106
-3.3403909637948193,1.426887579572612,-0.21887100225396822,-1.3176976049308236
0.686882504026665,-3.239997743742819,-2.2963893924099965,-1.0813706864472086
-0.8487878258498098,3.468537584213212,0.02130801677875508,1.145971057817529
-3.2737385546371196,1.1384115599930478,1.950550940404953,-1.503214965728851
3.065789522928627,-1.7943807377618843,-2.8912183926526334,-2.66740197911969
-3.1273644969950327,2.2210127849212102,-0.747744211609323,-0.15231443112260712
-1.0377199764397385,1.6790255722716507,2.152219059517281,1.649980937671407
1.3034401173584915,2.07770531043444,-1.2263778678400985,0.31927535238272003
-1.2957896210724869,-0.6747988331930392,0.6727984810716201,0.43947974106397764
-3.4074252997862655,0.02987932355369498,-1.4749716754848432,0.7183366490747608
-3.72125287801743,-2.930457917010395,0.5942353888423377,0.18638067929546853
-1.2803754031963743,0.12860940422775152,-0.9060199699132301,1.666204463327498
-1.4788027877424872,-2.2500612943453926,0.39121592935526467,1.3600092594346445
3.4176635882725366,1.6404146751241717,-0.1987793124514106,-0.2821248338360996
0.9065802209001944,-0.7326998497435991,1.8679015623579849,0.8439209660927303
-1.4468496379545128,-1.5807215510610093,0.4646220796173172,-1.1480406467985236
-3.4067981188305527,-0.04733841469807526,-1.485489389775724,0.7012452490861674
1.3826322086956957,3.488871357856666,0.444321021121472,-0.07160617784170788
-3.5024937406303773,-0.6076391820488729,1.2912742039632685,-0.0739568438045563
-3.655281787949035,-2.427734715251949,-3.3101555288526865,-0.7336070619817299
3.4894561001226023,1.3149745891345292,1.5583840678095795,-2.114665385472711
3.4516151782374043,0.6750416052603777,-1.6284669389283417,0.7195313806036314
3.2084820600351955,-1.21659216264643,1.250491110748966,-0.09135044144415347
-3.47410572000572,-1.5520981655825161,0.19996239147989345,1.145788891398393
-3.3936480211349704,-0.48012489309647277,0.7385077209152676,0.4312983488948471
1.0530659912610563,-0.03735773104999628,1.2965132625064848,0.2885617957267989
1.2183804634490472,1.314465788015117,-1.1451358891420198,0.47467140946466757
1.0131840018780154,0.07564010637441516,-1.223552304910556,1.290451954700831
-0.9657536950617867,2.125771282545711,-1.413198437176697,1.1264380497932798
1.4636088965814191,3.253795368127136,-0.2894314043898314,0.7504532793960977
-3.6035706041066655,-1.6336760656899736,0.4916373863803378,-1.246937246706897
2.9198630310752485,-3.3246317758620334,-2.7324181318442453,-0.05385205584528142
0.615510767998231,-3.890444534360018,-2.7280187986218407,-1.7306041761570912
0.6663772318615462,-3.379998509706035,0.27775761999802,1.012953965392353
2.93774011063082,-3.453328380301505,0.9690532341800421,1.848594091441751
-0.8455229755853232,3.4827648964167826,0.023233557270687176,1.1513434781163787
3.201428495662135,-0.6593340377065657,-0.8700063274128553,1.4787674531335462
3.620404519402727,2.5897097762795798,-0.4674900103056906,-0.2595043395324599
-0.9879684770932536,2.2125232577838005,-1.4955329708817326,-0.10199883473169157
3.5751985167119513,2.392187423157582,-0.24168774799228682,0.052400744111696054
3.2296362127124536,-1.8531052435727808,-0.2556070321445401,0.3696094973886981
1.3098595926948295,2.6246597998117487,-1.2916122040493125,-1.6225734054337624
-1.135503681639611,1.5499656669529052,2.4321193465355346,-0.9430463575375608
-1.6078372244026338,-3.7059419114452496,1.0943114472893127,-2.8554391070275473
3.453118939178955,0.39700517426146326,0.6176935899906248,-0.7432698275941804
-0.7627133782768794,4.512192580541841,0.2941048836218483,-0.1767121181903175
3.1064128699805065,-1.8544417740734693,-1.8476738900670497,-2.857194086231534
-3.289536000516774,1.3105771430154343,2.203098495494441,-0.23969329989182264
-3.3859192244116407,-0.2203328843077098,0.9512645983323809,-0.295749925902524
-1.240872589633486,0.26299072492909775,-1.7557491127318123,0.44382916553656837
-1.4373545376659436,-2.010656005464784,0.42333569696851747,1.4455996558689268
3.3452423491467562,0.04116866096105156,-1.277846584210725,0.07968110520464668
3.2652462590178493,-0.13001131118410783,1.1824420444641606,-1.826559421882646
-3.288070230616099,1.214563144307917,-0.7949909316577831,0.7492399729543296
1.2213407296463514,1.1205355876353638,1.6340099119672564,-0.10689016571758701
0.8230639354297757,-1.6422335518464444,1.1573710407074072,-0.30780107130029155
-3.3926786689281987,-0.7815021115785957,-2.0620275549438265,-1.8088851364442369
-1.2314402023983213,0.22868860974883307,1.3899244782351416,0.33914045465369697
-1.340313006421422,-1.3332432157449057,0.6973898227732319,0.8731652619991804
3.123412288471714,-1.8596844889398634,-2.464345230809145,0.4533856636496836
3.141789463657449,-0.9820138842100392,0.8179176226063896,-2.5313031065525444
3.268896951126396,-0.3324564451302565,-1.1454184514406223,1.2114420856599701
-3.7090466907531963,-2.592261327611588,0.8188893001326347,-0.7178391394226094
0.8631676668370369,-1.2656169860619446,0.705956613687941,-0.990661092052475
-1.3285471785835228,0.2587280911014205,2.2595147251961833,-1.3937617772141084
-1.2529616787804985,1.083650263414994,0.1768753252077578,0.27040438599345545
0.777267255903422,-2.1374102343934176,-2.360888144963918,0.72287353183316
-3.5328267565217617,-1.534898357487884,0.7749364068839928,0.49065642970607154
-1.0651211339200606,1.1651243802740159,-1.5443986117080166,2.2425796180816575
0.9570919750703235,-0.5544218959455733,1.1389879747048364,-1.1487833923841815
3.5549588632725695,2.0017731944298593,-0.013840118280668329,2.00265006230756
2.9240877973034665,-2.682381120308762,1.6463388581266465,0.18860904563426242
-0.799907188311953,3.380571847962684,-1.3396557018888728,0.31714436305126104
-1.6056769837373859,-2.2903384633236694,-2.003988153354859,0.9933311848394858
-1.210167310998892,0.28915711257872156,0.8757306769766832,-0.4843930081985655
-1.2213919246835998,-0.016262466662205165,1.356244314016403,1.5011590428617618
-3.300521327923251,0.5123131619498863,-2.690341339423893,-2.0138095599051375
-3.3951008985189195,0.042450186604160126,-1.7239124198655669,0.3192197276629973
1.0899381273912188,0.1066323341634463,0.5424647028950648,-0.9089294653156617
0.9530321784333138,-0.011518040628115114,1.2546771802617853,-1.8122325280058609
-1.4349896395391113,-1.6826275817310072,-3.524121714419933,-0.8233836059857863
-3.3786649297592253,0.3441923770740595,-1.1143500358550538,1.2158469127816138
-3.4348100860161055,-0.7465461345962051,1.0230255021394967,0.7177409417605248
-0.8830784315521361,2.999569941738719,-0.7056149529353092,0.1788251362101254
-1.58439936139881,-2.7956569848989266,0.4616005864553832,1.1114263457747835
0.8564910048826544,-1.5342165811485946,1.1905475176564815,1.0175217251239719
-1.2620499001248249,0.18251022756349225,-1.9431998175430174,-0.015034881510478403
3.340802431188122,-0.5629126097246371,-0.27846174179052474,-2.1460940687735017
-1.5636525823719216,-2.5306840471796623,0.7676978763859005,1.646590562298911
1.2797209520218087,1.5589494195661675,1.5157985485479142,-0.3819038270289445
1.2128192682660721,1.3614123347600882,-0.9570415724121131,1.7648716456783045
2.7844428869317435,-4.542397390135241,0.5053053012060797,1.0699337291689186
3.4763849896336563,0.6934778103246182,-1.0999161974965104,1.7870875533016761
-3.1855271285287396,1.359560296179854,-2.306908734721988,-1.2648584155761204
-3.439491523104543,0.19261666510507514,1.5323199845966318,-1.483071748989733
-0.9591526681610101,2.295727391320004,-0.9838176093377217,-2.776268102845769
-1.389638839092301,-0.5227841376477942,-0.9928309856234497,1.4283203132556155
1.1065397886826367,0.2648175549929822,1.9326677571179884,1.2323573374181278
3.1244648789693237,-2.101788628961302,0.033868381223459774,-0.8004950823212368
-3.3564014718913318,0.6939971727199427,-0.9503285451439574,-0.7046555762454608
0.9152567891674961,-1.4308596447603457,-2.079228960460067,-1.9220965259882725
3.2742215401598185,0.12725465182111054,2.3153753661524177,-1.3281026798730393
0.7807482846793742,-2.2382903391386715,0.7547014317657856,0.5578193217988003
-3.5576936550596363,-1.7093526978793518,-2.9436214894761825,-0.0325142925968776
-3.5228506067412355,-2.077200082959482,-0.39103159519521946,0.11049630897595351
-3.459934063406354,-0.3966381039018244,1.5046124712779476,-0.8198673577166472
3.2984978186823413,-0.054469577083013775,-0.008062636658017076,-0.169293412675581
-0.9392466072880453,3.1372839808332356,-0.46629714646326736,-0.209191689514698
-3.2752699372528613,1.7395248672485955,-0.6105384027527517,-0.8090650275667994
3.561323150260525,1.6066127523917055,-1.0905762691136522,1.4451376777942506
3.5298246464016185,1.0567579953036172,-1.0516603711427372,1.9171042957249922
-1.6326667001187318,-2.2688156218513194,-2.2684233704228607,-0.9033438460361926
-1.1780860651354639,0.4797001136581109,0.9902502095849838,-1.2453016072152643
2.9539658034800063,-2.653209279711545,1.1684897784718702,-1.4047994537413488
-0.992566787910751,2.4105586196799837,-0.6892847589787333,-0.024100077690091554
1.3986786274687328,2.7890509670532393,-0.9478105852667369,-0.24524944596406675
2.932161210128773,-2.9080831280082244,1.1122961454919063,0.5553397793004501
-3.3204518231240523,0.44125646241035416,1.8671037368431016,-0.10712573067980993
1.0670970648282252,0.6077416645499685,1.339147671942126,-1.6036683314320175
0.7743611022946161,-2.496077872337343,-3.5947267175986366,-1.056352676902166
3.5946271522510402,2.4988142031769813,-0.4782732510659333,-0.3154795742234074
3.732390569050656,2.922203270368137,2.118140705305484,-1.1168090194171993
-1.649710218092453,-2.9906253492785417,0.36508952292117114,-0.3963749817734997
3.5991804797326896,2.5013930079832947,-0.7491700736305679,-0.7593388918836611
-1.3163860316170335,-0.6215348899359445,-1.8520360162655045,1.6496792131455735
1.3759436547608004,2.7628886505368375,-0.6059181032847832,0.1634405735076751
1.3046064220676088,2.2901708401838543,-0.5813234961639455,1.2510867365716511
-0.9694682957341859,3.099175413448871,0.12450790482655517,0.6031115255548811
-3.4912359702020437,-0.4952598326983252,1.8283935413914665,0.8162155730007828
0.9759670770624673,-0.10070834514437216,-1.7676660517947083,-0.8586228209582601
-1.100136900631698,1.48586599760699,1.0734566464120787,-1.7630993370604
0.7889650281527415,-1.994100822052586,0.8786571853428685,0.44532266683051397
-0.9440220988815391,1.6584870845202861,0.8066908708228895,0.8466896740131938
0.9674586890353466,-0.8941750586234205,-2.4465507316139585,0.7646643285588819
-3.2921013835586583,1.2740419947007302,-0.1438668721559959,-1.9856441415839072
-0.9762766570737902,2.89062716470598,-0.4991069368664103,-0.29736859134121013
0.6894724036916324,-2.5875934740353674,0.8479247194960692,0.16803569421629896
3.1820835456469347,-0.8814262853254949,-1.3058770844136673,-0.24484317517627338
2.8283616636471263,-4.362393887929627,-0.3392576160423201,-0.12654998288859962
0.6174389264257908,-3.124343513255135,0.3828180856714994,-0.38790541816574986
-3.184563298654426,2.2492571107208246,-0.617867890724588,-0.5881086649871007
-1.237314944939034,0.7094324563490193,-1.0096940944630348,-0.6530138893845021
0.9427617866352461,-0.14191574943894888,1.4899855069686885,-1.4681795234671837
3.1654003227381007,-1.444278718283034,0.6233403836982792,-0.9979009415645519
0.9714551360944452,-0.5842120518224242,0.9724959848750476,-0.30850608370634963
2.9521737263853134,-3.40767095992533,0.2024558961270148,0.6047260712548772
-3.404444927940836,-0.02181826229486991,1.6417855685452003,0.5724649647463053
-3.512728993358523,-0.7603013136292882,-1.3949713940555384,-0.38198974211986975
3.4540841997804836,1.3023784501505842,2.4718871563835343,-0.9083435693820194
1.2343359251582968,1.7618683116009377,-0.834185592642246,-0.2043124133406151
-1.0789673594115916,0.8802355799783113,0.6106636284913426,-0.6972679259887649
-3.6482541544551457,-2.5556418411904667,0.41177690427908586,1.2030501834168166
-3.3004302594578108,0.4287218089449813,1.5468139079248335,-0.49695285965839414
0.861032849920838,-1.9643834913742606,0.6078722973345235,1.4831146717421217
1.1109116372717533,0.26628558700673827,1.2490559831498427,-0.8476641583920138
0.8046349079324955,-2.4978922124023977,0.05718976493678861,-0.33725553572673805
-1.587685171103038,-2.969340270894059,0.20852960983029326,-0.1602486915068374
-3.4895606875981326,-0.9384112368007316,-1.6549819202935199,1.8966143669877509
-1.095327475784148,1.4317826815948715,-2.1905880233945934,-1.2047251618848434
3.1971300424790714,-1.3446570119439787,-3.0829083664715666,-1.659072657128604
0.8867593324044941,-1.6281998002980445,-3.13387757848993,-0.3279018609260655
3.3052213440317066,-0.6323076286598316,-2.988468221521376,-1.3998453910805622
-1.329645893703796,-0.3858921240951859,1.5588271238833675,0.5253109898974799
0.9593737856712664,-0.7515229585078308,1.2758870179515998,0.011769415233009473
-1.1644512762265062,0.7734277820630019,1.5098657429649736,0.4750396060966787
0.5352598796629335,-3.7380642911803457,0.5543879519250822,-0.22301186703578665
-1.2370399660697804,-0.1342901769410831,1.0022353118515972,-0.2039153751218885
0.6484561133002186,-2.7166082006356382,1.3522498314027835,0.9704849001717353
3.2388848301315907,-1.2591301660446432,0.5804591822570585,-0.9077039917190077
1.3009669105755939,2.2054426376635003,-0.8639270082241213,0.7801731055009153
1.4615694701646047,3.2801328938682106,-0.9237441035077525,0.6996925060887975
3.674555296062307,2.490837004362209,-0.8636074782531875,0.9700591827265975
-3.6158079523717506,-2.269337009811169,0.7008055799247649,1.704875580111115
-1.0582910881771583,1.3980320671215503,1.457728763776858,-0.4979185314664023
0.8476912510898553,-1.717693289131434,0.9160541222325426,0.5469669882302763
-3.6657523194590143,-2.8981589195454522,-2.3205556683596353,-1.0715223342382305
-0.9136329382228291,2.4545840343373078,-1.029767634302889,0.8256801426571155
-1.0493222566995504,2.0233435908651343,2.176090109233479,-1.1587305828169814
-3.467318839419694,-0.5725697581440429,1.5004833008280538,0.39935881743184365
1.4250338749384228,3.086383457574465,-0.3121109637232159,0.6874077139779655
3.5169981598472138,1.606705047741558,-0.6361398049046576,1.0720217602679567
3.6699651003905056,3.1568727442258817,-0.13262766937984588,-0.9245269328888461
-1.3489329590877759,-1.2774117465374626,0.8658542325940756,2.1287906064330553
1.2883925956501114,1.5280987132025068,-0.6872157811468425,3.6919069004781013
0.7098665301361581,-1.8551929753814356,0.9172140592788124,-2.501431213218152
3.42684522094952,0.4544677612669357,1.4057300044287875,-0.7219497922937502
1.0933679595376264,0.9221668060670904,-1.285905343782561,-0.08956835153550095
-1.551960438331206,-2.1546811335360982,-2.57621567136843,0.2211943468975798
3.3042955756005417,-0.5388140682026478,-1.768444053922149,1.7925112927212765
-3.2068687008218717,0.7277937467577243,1.422065768812281,1.7111450044469558
1.2317998950039841,2.2088836998528483,-0.5534286416383449,-0.48098496482878045
-3.440332513322859,-1.1847797926271808,1.0283219910678996,1.2971321528073172
-1.3352043692474749,-1.3548475965944666,0.17249650898259067,0.015265320219338586
-2.9492212150939463,2.810971806211769,-0.9274698899056317,2.1519224206484364
-1.2045297154160948,1.0556292035712995,-0.984984742915131,0.2810742120016186
-1.1633805346313066,0.8439151955045239,2.040975364373465,1.3532140458268436
2.9085076290014396,-3.9704964102398015,-2.430811799173218,-1.2591042144058777
-3.283908233221428,1.8682506128575873,-0.09155763027850009,-1.1844419646257414
-3.2956545345905224,-0.12808752187066957,-2.7326102294053087,0.539597713583434
3.0573688637328433,-2.431133834444979,0.7623533413419858,0.34040815125827967
3.3387736027045456,-0.5373474251938908,0.8378708354070513,0.5867558248581217
1.2425307504014884,2.3028259947225695,-0.28992215677036093,-0.04433984799764297
3.4807230327904923,0.9640798358353668,2.1298944688612416,1.5160905661472854
3.5284712828249036,1.7501982783297116,-0.5692469015678849,1.0633916234094036
3.5885483686017983,2.475125125173464,-0.48148195733549926,-0.3247868790039999
1.2216413934243027,0.5950240125995332,-2.5672096505626767,0.9185817257514292
-3.442193907219638,0.2554046252385204,-0.8745292932072585,0.3434287628586566
-3.367993912658363,-0.056314505780561346,0.7966360664719042,-0.6694141973163973
3.2792893342367386,-0.5108232823097453,1.2770789801237585,-1.0655797956802318
-1.362225169595309,-1.1377338490560949,0.3397101340707729,-0.16815969326663416
-1.2490877315595594,0.01672628201504653,1.2666926254117152,0.2558961015324722
1.3789896730629785,3.3065955869903,-0.5361621917962911,-0.579972024142954
1.1279149155502215,1.070663493051077,1.83549573457897,-1.8478423458400246
-3.470671951575259,-0.5002754881275934,1.578298253870739,0.402940515561019
-0.7227566925879804,4.649828557459397,-0.006333751154219256,-0.5129303523790069
-3.0861205402583187,2.8159259107714796,2.315419769914404,-0.9668199196776511
1.3337795880283358,3.0017795471120383,-0.10237664329292631,0.2190042360693165
-0.8658161582554265,3.7428058021182027,-0.5146374932797668,-0.48237271717778013
-0.9340578057579071,2.91126670986266,0.03421812721531371,2.207999099512506
3.263669588567301,-0.9616615768593203,-1.9841467146307836,0.389861810863344
1.4680924397964357,3.178652145830102,-0.9842684894102598,0.7209324866812202
-3.2699324878042915,0.11868052774937005,0.9958393899214981,1.0791433352524218
3.0028073638363058,-2.543353907168262,-1.7613198419896319,1.4919321481348047
1.2516644829634178,1.166696478231645,1.2056842363275568,0.32454758040636095
-1.353555860360748,-1.1900026287123806,1.1094550514793788,1.2809338914650643
3.1733861512646113,-1.7655473016757515,0.07859020722730972,-0.6811946851022983
3.172750357059396,-0.9520304460474311,-1.228031384354106,0.9904678849909212
3.195570555416386,-0.7573507014711849,-1.7245897730894884,0.20617640981799762
-3.3284045538726303,0.3697030534566761,1.374908364505294,0.32833824732856665
-1.2327504890895726,0.7911564712541581,2.0995450379581575,-0.33997396769086746
-1.0894321631540957,0.37148226492684566,0.5636456006451747,1.8644124990400417
0.9747581951564326,0.5386099499698505,-0.8624855660885579,-2.346095604103372
-1.1999326924949143,0.7800487983037866,1.2308790013410138,-1.6101721380317326
-0.8243352768099498,3.8272803002383076,-0.6460305803548225,-0.3995395263073084
2.9157943349426665,-3.773304315327065,-0.16528262836392438,0.09248517179162778
-3.2887928973126312,1.8770079743110815,-0.0030627407133564087,0.07352661467317177
-3.606392192904055,-1.827676141801136,0.8310440682943149,0.3838123724561377
1.1382135949174619,1.2268982110515958,1.9909936469771516,-0.5900199142810029
-1.6574617051605076,-3.513840716860377,-0.5492651813211997,-0.353446271168186
-3.300167429070445,0.6527668649602109,1.8950475317540518,-0.03620028269275679
0.6845040412706059,-2.4163212849108313,0.8037475097150031,-0.9986134375908823
-3.4720535561846875,-1.1281035392541774,0.05625520522577575,-0.6274446351996571
-3.2763825694194306,0.8360290947578649,-1.3677137973368587,1.0123528381448066
3.0191535316625058,-2.425567987508742,0.905191048667463,0.2900128749904128
1.2105520557657077,1.5833848550301453,1.8079731749106849,-1.6688103231778402
3.4018391861139654,0.6830165822244025,1.4764783384439166,-2.3450952189415193
0.6081769375626418,-3.6157803254352756,0.13824474115268684,0.47174030861270605
-3.304051818856528,0.7327553053971195,1.4700184642440839,0.39801507605012504
-3.788150975450045,-2.9200571844360477,0.07084833967863896,-2.1230586158565194
-3.2379817465428604,1.9753793515179354,-0.8310854928606757,-1.1175651301503244
-3.2330266720845624,0.7915588182637886,-1.2615720962704335,1.664357432196953
-1.5415884282005161,-2.3124244983078457,0.1838508942642372,-0.5947987252167675
1.1149000183364917,0.40495316864126923,1.450429180425789,0.45950531850346354
3.5564307858416466,1.7601630596583735,-1.4086377932904315,-0.16998055343755444
-1.4773429363070474,-2.2135366727038166,0.2199578873056245,0.9383639447832918
3.150805563055449,-1.554039615992292,1.5433181475587232,1.45517503748991
3.6825830243409405,3.367932652956327,0.4650112836292303,-0.05601865881897112
1.3111534386832433,2.359415147638599,-0.4088548457571543,0.42515884027813866
-3.7163392432306996,-2.8007233127885907,0.6103525481241506,0.23782182227322918
-3.7950644750823246,-3.267104589686311,-0.5923706016740858,1.2640267284977762
-1.076525641309843,1.152208780886752,1.7438108135765331,1.0298942157232451
-3.391168165093845,0.3720108745695296,1.4886255280153715,-1.4001454075916915
3.5787998835039985,2.5614381544042018,0.12588458457525484,0.5329579715309503
-1.0210281856218826,1.985131511744016,1.9133320047998028,-0.3269732076163893
-2.946347727162344,3.8567810762638066,0.10536288634035294,-0.4435608244273143
1.130735482143295,0.8996900106221373,1.2833781576771843,-1.5086325641282732
-1.0170575600902731,2.839037390308385,-0.3640475530893788,-0.36235466934708077
3.1674008522445978,-1.134351853373661,-2.0451796015986146,-0.3682998890639527
1.0162114687335233,-0.6148170286350602,0.7162003907518695,0.5279935983959988
1.1852322236317332,1.0753091525963867,-1.51642798384966,0.808247214116537
3.393747257187413,0.6492847002977791,-1.3808051332094038,-0.12601826441157654
3.3610546746469567,0.746419300903635,-0.5186488585267748,-0.11956214689238936
-3.3642130156818326,-0.36274794110932645,0.9393170666874522,-0.34658789929087463
-1.4152639301841585,-1.6134288119297588,0.6177299427124836,1.542786938140089
-3.612873199266553,-2.337573326794975,0.17010460582827133,0.8284135342736104
-3.313305602232687,1.1323866370997098,2.4301918445749746,0.10619548824949104
3.217103414947818,-0.3702578549585201,1.7674697615667994,-1.0475115753332438
-1.1080383908015397,0.9382060336515234,1.0516698627941903,-1.0859260351878295
-3.1672215375665678,2.5785905861080205,-0.1812761743305872,-0.10940337476003506
-3.2604280179250065,1.949402991249255,-0.06215966411788027,0.13016865736266817
0.9165724297910863,-0.853632291887737,1.2823903367357297,0.011489447032604518
3.3950389572218382,1.4821712567351504,-0.7908896722891664,-1.124374514097678
2.794394181676393,-4.618608415656705,0.14981197258303794,0.6260267746579534
3.5576273743405564,2.295670355527124,-1.0277597751500158,-1.2419186800578663
-3.369820001602691,-0.11468317922937944,0.4426001630483502,-1.104562777806197
-0.8030694715460224,4.1483979810598175,-0.46056604136658325,-0.3377182788411013
-1.3866326027521063,-1.4251416713700262,-2.8713165233720743,0.12767644218382593
-0.9996714760023654,2.4653920313702544,-0.547318681424581,1.1966718304548432
-3.546515739617948,-1.0961274856011107,1.1801393774179618,-0.19709500052984238
-3.6280419167709397,-1.1735642008670708,-1.5852620431345894,-1.0218834283646905
0.7085557131314222,-3.092486637415464,0.06477307386509137,0.7126826580504733
-1.1215758607156325,0.854753811196547,1.3775230540002819,0.5644056325130524
1.2837302799189731,2.8391772257971537,0.4452847864816217,0.9532649452296902
-3.171288139350032,1.6111783140350453,-1.080669981335789,0.4709356788756894
-1.2618487113499224,-0.015195535344351781,0.8354310704019274,-0.5991340432925802
3.494349883861196,1.5855230393969124,2.5969551457083915,0.449224323699848
-3.286673554773701,1.0831952655983195,2.2902791004547987,-1.1170984313779526
3.0637582863642194,-1.7964383527147463,-1.8616702157010898,-0.16441456048078043
-1.613147201088277,-1.9810758544774065,-1.5242904820388372,-0.7701280900363348
-0.9361109597560165,2.393620705041712,-0.8556841850889364,2.072654354148432
-3.214743906188208,1.7385290610539657,-0.9281752280534015,0.47042598713875616
3.053479464037312,-2.5957481883076547,-3.2261251439662826,-0.6147548570327334
-1.011176429405361,2.257363049315197,-0.8937831615232178,0.7377142742329355
-3.092698995538284,2.745657015567915,-1.07375575152717,-1.2565653019692307
1.1472722978718835,1.3502163838484884,2.2783455742549856,-0.10081863174286698
-1.6142272318104662,-2.6506085931798986,0.4843460399531226,-0.30084391743638506
-1.1669184955999878,1.0780268251205567,-0.5486537209425125,1.1305702698229427
-0.7518135202398819,4.318593384054895,-0.39593533071212283,-1.0461720001483295
-1.4813923472853812,-1.917536993086127,0.5079117464473952,-0.009343418150346994
-3.3145624723008242,0.9399297887241282,1.563055903534882,-1.188766414597195
-3.651343422481534,-2.7005976726435534,-0.04009225084679243,-0.5269454380301278
0.7080326184542511,-2.4119525270046407,1.393234538146082,1.0822325346524722
-0.9834862715789382,1.515309768784392,-1.727653443758945,1.160404231793412
-1.3316702140621635,-0.522039729495001,1.1080220021939566,-1.2003728710088277
1.3601000387294544,3.3015232360764535,0.256202303861933,0.7124362058603163
1.272372183560582,1.327645536289315,1.227099600617562,0.3798905574788353
-0.9364504081151398,3.210070177146064,-0.2935119706404935,-1.034580876566794
0.8367209303260879,-1.6123103634542806,-1.6739789288299607,1.7701065526275084
1.1410505526800616,1.1203794920109433,-1.5303543941028175,-0.46027263898500415
-3.3209998921810286,0.7513659767616271,-0.7889692557424504,1.8068701426760239
3.5662457504046188,0.6344179079425325,-3.142501592641747,0.13574998151334192
3.274634155478169,-0.0841872099994663,1.2837649636306507,-1.794819729848242
-3.5983572797378263,-1.916361401895041,0.20216723055633976,-0.5059713797162763
1.1056973177553915,0.7125549143599218,1.0077186236703914,-1.9817723628608195
1.1582730245143973,0.5580095449226363,-2.520827415495104,-0.6169319548326733
-3.6066326355270832,-2.4060778683149113,-2.2557079957050203,-0.8971921609735162
1.1425616258565943,0.7980265707969418,1.9841013269656629,0.13732111453997486
3.412470609326093,0.22215599966147598,1.27990696116281,-0.810009604644752
0.9395630889583729,-1.1656257190068544,0.6438455437988998,0.3235905171101257
-1.5649002131054146,-2.8393391715574556,0.06208199749942323,0.7424687341961438
-1.6038870498553777,-3.126541110392072,0.02445369419810194,0.6352759585335498
0.9935329253748171,-0.1500375030880532,-1.6793680273169125,0.3648043777203395
1.3261040418373327,2.347749410877347,-0.48472256035459793,0.45123917048305273
0.953465297480385,-0.9352938871494594,0.9324637362081246,-0.43504096866972336
-3.19984224119937,1.6296579513776666,1.4939802503831647,-2.1840854403365846
2.871414357071278,-3.4892765745784433,1.0367264213325662,0.3424696680141705
-0.8691440722744679,3.6815112363455222,-0.31980091845290326,-0.039162701181489075
-1.0085184406485759,2.245863574117146,-0.895210184269955,0.7350313164911985
3.4297185517955597,0.5360665186459854,-2.5812679452548846,-1.8251722400589263
-0.8200276416624335,4.176862184236205,0.24928379990468236,-0.2982097837757672
1.2187680543681323,1.1725919234505067,-2.5343304783027047,-1.6376215644012657
3.061806182820472,-1.3719951821359573,1.6338138886991103,-1.4036371469877587
1.1070657993452702,1.5482760850549546,-0.4984003530219982,-0.771121788242652
-1.2421400587832603,0.30520328411478903,1.7191418765708568,0.7465475972895463
1.3107782372660404,2.7665565382002537,-0.655524545750181,-0.7148046424994653
3.008884335119479,-2.74564103282654,0.1986401709593214,-0.6298337828523529
3.200672977499983,-1.246710662456591,-1.5893153042571804,1.963226527027809
1.1959224343132027,1.201620646624697,2.0375613900616125,0.2799336308615397
1.0637360100657884,0.11759234553347342,1.4114501606509189,0.3611233806784389
-3.538997747357883,-1.4930242676351817,0.6048784556668733,0.05975916937917501
2.9595163797881128,-3.1519510699003046,-2.271644252311805,-2.484875197128323
3.4195739958893943,0.5417841551321013,-1.5508957753931971,0.677486777663286
-3.2238597618880203,2.125011967883593,-0.47172558290216626,-1.4862755123627625
3.735613060624505,3.396372692264408,-0.8074838934455542,-0.8550735268928803
3.427528945808548,0.04733454712531134,1.0046790872449562,-0.03307931684324691
-1.21105517896683,0.9160373589639856,2.116232411751023,-0.2944564473411645
3.449258519248115,1.7065923017027174,0.01239276045522626,0.22394618090078244
1.4260530373512093,3.5441245504367003,-0.12568142330843762,0.40840370662683534
3.0079276555468115,-2.21080480049662,-2.2627816434280303,-0.7305897014380985
3.2334257343634567,-0.17475426623351542,1.7936808573577314,-0.9881296771430658
3.6012409911055414,2.8301127823912546,0.14264753236584168,-0.6560676214866142
-3.5569362772628046,-1.9065778265158306,0.29529175826537957,0.9677513488726881
0.9087874961348421,-1.6640894374046211,-3.48570764557011,-0.7328376330218819
-3.1579535338951543,2.712694515121054,0.35850383513466655,0.7881281254562015
0.7848977685479452,-1.7762449894968737,-1.126608252974477,2.50431962948937
2.9764693442424086,-3.150349876081256,-3.3743616179920535,-0.7873506323191276
-0.821544953773157,3.874098256648119,-0.4550602232636925,-1.2069243717513805
-1.3765645458725264,-1.3658743554313695,0.9225938100200529,2.0710331565226947
-1.1823960534458093,0.2207163817350912,1.0499109151796908,-0.08174226977176373
3.244815281239667,-0.7894176309792935,1.055841454277139,-0.34605694600163045
-1.4696878431390756,-2.0577639380370933,0.7435736597667788,0.5674244267395095
2.717988296388144,-5.225065547301185,-2.8690418044841155,-2.1549160388725577
-1.4340644591890512,-1.7944360628239797,0.5943877062046145,1.474191670785107
-1.5079075036192813,-2.595945547196722,0.34569266752681926,1.2443889245657591
1.3900948377130882,2.3897196988067098,-1.0019451229775136,0.863371924023483
2.9759454938289367,-2.4610977974825685,1.3559713026170732,-0.10515549049738541
-1.1458185619930252,0.5679993273717809,1.4151760903985433,0.4261463066218949
-3.1650672683803904,1.6548559928415654,-0.8241823653760237,0.8955564306090402
-1.347078905709251,-1.3851643569158198,0.41885278320234487,0.41269518111742276
-1.1093024321265366,1.0723469215223052,1.4143916743409177,-0.6154591950454079
3.3544921137042336,0.7028871268771145,-0.5245575285779484,-0.1336916181699811
-3.486875656735198,-1.541319317193859,0.5946626057468739,1.515555760639579
-3.515653566912433,-1.1859275579658288,1.0797529649883704,-0.2395952806980791
1.1722780595818538,2.0359977063351256,0.019155763343752512,0.28117359568823513
-3.779691679410521,-3.3722928031526758,-3.78106087441726,-1.4915388734614887
0.7023122562881015,-3.1883113255699524,0.05286839701641749,0.6730874447408457
3.052380743850104,-2.464889376304055,0.4200662320499295,-1.342046129911078
0.6957349891971291,-3.0446460129324464,0.6677775669909747,1.5490599881150353
-1.1309703141957559,1.035281989093591,1.8158430563106343,1.0135621969371404
-3.5739033833654212,-0.9504319245478619,-1.2864812261764882,0.7515487083691996
3.5403323886711218,2.5096159405825977,0.3504552838550367,-0.36634783519132874
3.403486200870884,0.9149343691314414,-0.4772633281135978,1.2253555961496263
3.462195861006207,1.185122628998083,-1.4859897412707097,-0.36982700166023796
1.031850377469414,-0.7817486338408051,0.8806018601683,1.1076222408737892
-3.3270021640798935,0.28096939995535986,1.2763094903519394,-0.9595531022456004
3.212066102775423,-0.9516722254954667,1.218350911945239,-1.2227447076838747
-3.37079943821249,0.18473330716557862,1.581989218621725,-0.6114359527487926
1.2389544472996152,2.3396699095989812,-0.46191537720999964,-0.4594438390910681
1.0415148472763969,0.09646580750495538,1.7276534814798836,0.735867444239233
3.6114417958722846,1.9644926018551907,-0.7923919613390481,1.9812768580669713
3.48846854814491,1.329547929829588,1.8111089896654615,-1.7035232199617276
3.0298523914661333,-2.641609038946543,-2.913244680476716,-0.2470368868509349
0.9932777283891305,-0.6366679650713217,0.856571348906542,0.465203139584228
1.092309089404579,0.33798116172593484,1.4408335457855188,0.43631250584106496
3.320937296165681,0.14907707151878966,-0.5121229877634442,2.179859773614744
0.9512615869629492,-1.6184527315984443,-0.260842759292435,0.39340223206283786
3.1037435548843035,-1.808925363511875,-1.7522691513565232,0.5062252407202212
-1.6179702242967646,-2.4021713982460837,0.6945645868106824,-1.0253230148329973
-1.150976626192302,0.7250003896711934,1.3603118597115378,0.5113462328828428
1.4293101726690303,3.438264099390175,-1.183785944779082,-1.3284896719912258
1.1314443065127702,0.6828081132524156,1.9209148375096998,0.15434604239955338
-0.8228607407827241,4.15269958200221,0.5840300846780747,1.3620706972245207
3.287112828521793,-0.3756577946685679,-1.7681273410790852,0.3385278536349891
3.2693206712970255,-0.8711197675827603,-1.7217925373247533,0.8310808753036729
3.2861179798408187,-0.7254826040486847,1.082917700347489,0.9662014532157681
-3.687868077282012,-2.9930066950870997,0.17223566834225987,-0.22444485054156166
-1.38315959026001,-0.8485713275450285,-1.446257310126826,1.129319197007604
-1.3410169135837477,0.0997950931512054,-1.5269659797092707,-0.45679397095290925
1.3231881805692822,2.322617874071658,-0.8480973697389961,0.8219148089463575
0.7275969308804395,-1.4599625220535686,-2.498714530616116,-3.8948581980134827
0.9298158464981727,-1.2183372089152469,-2.7605314971333623,0.20355690170935828
1.0139556693810983,-0.4375122196126375,-1.7895823190016833,1.7510442266586315
-3.420494238016786,-0.009382454200970737,-1.3239236727569343,-3.663322673211979
-0.8309987939468391,3.9938546983777368,-0.20958081549332291,0.04775996675225789
3.2654173959145494,-1.5041845228592285,-2.050898653360634,-1.8791284917402278
-3.6373436995456414,-2.657017241510758,0.12802509191591022,0.7235522044586938
-1.2171422328418433,1.003088185744395,2.1087142593276726,-1.5476879403077206
-2.886369029120176,4.229053109522704,0.47271819772643997,0.10044648384516353
-3.12163335617551,2.1591462632160296,-0.8508976606223095,-0.1827696056593209
-3.411120239809467,-0.9782149563812788,0.5342382745903144,0.5089456818374328
1.3217817658641318,2.5113839656809303,-0.2330362035398577,1.7161719820877177
1.328380358741296,2.883160693835969,-0.3892331183945967,-0.2651156060458783
3.2889140560298795,-0.14798609577037203,-1.0731712569497611,1.2201100262708395
-1.3345936012712656,-0.6326071180597246,1.5932685304034735,1.6621796264460618
0.9244134730863646,-0.841770455852288,-2.4361138244389386,-0.6804823584402904
3.0360908591709346,-2.5243289637209796,0.662539597318679,-0.9549427607112873
3.181760455113084,-1.6598462710555593,0.5275775248102607,-1.054259420785725
3.1236907542369834,-1.5337156341797382,1.2283794263392676,-0.17427205846843224
-3.260289650169884,1.3774171413802891,2.375995706591637,-1.061530796813754
0.690437537646075,-2.6719366388090853,0.517421248741952,-0.24441277382351223
-3.1760264328532033,1.8942101641884337,2.445199831369789,-0.8783520497401115
2.9355909905931274,-2.667660613972746,0.45807801491132205,-1.432473614104517
-1.3124413859697754,-0.22608522931047723,-1.8209396603200936,0.27177977287493055
-1.0992425721233374,1.6117760797442706,1.958123636031867,-0.4507222294972932
1.3824427259313505,2.5801418984379696,1.9412100412256277,-1.306824279276892
-1.239791660075127,0.8708315915448543,-0.48735280045102425,1.063320308749551
-3.691406406905608,-1.4063662619288535,-1.4148993138370913,-0.6406265151606285
-1.2615508836041753,0.09019443405981352,1.1690356027121758,-0.18402361518676874
3.1579561776819656,-1.7608636561877418,-2.524695479799191,0.5107337662377254
-1.8796300384818927,-4.957960596812495,-0.21844798963074474,-0.028636210801837612
3.115992110762368,-2.09368560252458,0.28522914347419837,-0.38947957458100324
-0.9780725547504658,2.915705810061162,-0.49597378511980295,-0.28932337395617763
-1.261457975308228,-0.34695321253069067,0.7152333236530318,0.5619698119065646
-3.4852546493216696,-1.2067958469581719,-1.1134698347992344,0.7215303427410816
-3.6020917285950635,-1.8910575473521583,0.30091290677428495,-0.48959136600715375
3.594713008825712,2.131847955641362,-1.0405007014992094,0.35002041439966713
-3.53789567971112,-1.364822752714311,-0.0420677053775657,-1.9412424834561701
-3.3106240516615273,0.5749368330088163,-1.1307895814730726,1.3643029443768657
0.9928822993010231,-0.1682849394855192,1.9430464378897583,1.045824572267577
3.0370231744204954,-2.5167426156618777,-2.6257950846208105,0.24274704768829794
1.0276215663511117,-0.22576152500139288,1.4554093046790388,-0.588932722277054
-3.0698679932610404,3.111565974197764,-0.24505813217777087,-1.1187517033257615
-3.5818504134074702,-0.7220223743699262,-1.1483814098169374,0.04814716454143961
-1.085115292450094,1.1660305206864607,-1.8878252997799878,0.3884560513707105
3.044382819707429,-1.977307934366235,1.3329612630814496,-1.1930115430226478
-3.395192964917296,-0.8626557188330422,0.6368380528201165,1.8092709970273633
3.371586652827301,1.1526147918393992,-0.5828315633355061,-0.8319635613910554
-3.2477683403587045,1.0235695449332083,1.943931488276347,0.09974696443572952
-1.4039528397091634,-1.2368576007449557,-3.1414522461315326,-1.7356999703507459
-3.670664490321374,-1.5474728505414508,-1.1813561638653347,-0.285319197235485
2.9320114924113048,-3.7482551506336623,-0.25716661970912447,0.09511284530335266
0.921134501642704,-1.077310957150158,1.0484065947468202,0.7160299559220247
0.882260161745635,-1.7050327837354038,1.164503124759396,2.4188849975971074
-3.3923735722631503,0.23561521885025957,1.125011178001221,-1.8654518560708642
-3.7217595760960354,-3.404938944376263,-2.7329068457812227,-1.675260379070491
-1.111614083408829,0.24442108950432123,0.7303288400479453,1.00977339381935
0.8841076145427204,-1.5585635083194929,0.5904870467896014,0.19867191293176076
1.391075048988478,3.474564980623798,0.2795684198674064,0.773082885805461
-1.2542445030973892,0.2986687907930014,-1.4056916698424415,0.8754224989183875
-3.2985285847031913,0.6633003571262316,-2.399275590737961,-1.5220029216167252
-0.866989969199762,2.2078898549447405,-1.5478668970467127,2.6702438895953073
3.109008443563445,-1.4224061813145454,1.8139301520295865,0.6365369727460188
-1.2712150743674362,-0.7571709744172492,0.140544073106666,-0.4314831780889129
2.8079831251145393,-4.356047441938235,0.4425266465042238,-0.12190204179087984
3.053194867808716,-2.8682879518679694,-1.939459007342433,-0.440475407869154
2.9531353803717044,-3.5317622566796922,0.2936037041360892,1.0214013387833913
3.5582182250531234,1.8422876249299744,-0.5157526883957472,0.3301867063846242
-3.4547961526264026,-0.12898850686439708,-0.9931071386022506,0.22889544265827005
3.523130236376437,1.0086104801684947,-0.7201166622562332,3.568799904793666
-1.269498009047501,0.1569082638062935,1.862263524787821,-0.1528759598822797
-3.354956950682562,0.13012771335383436,-2.741438090268258,-2.145452655088885
1.1064381768890679,0.9850976571287989,1.7274917885136287,-1.880426577720263
-3.2666695613133214,1.7582485984904932,-0.43297694293387157,-0.35375509455502735
0.6355062994107202,-3.303910959487599,0.8651113044697848,0.576969240256198
-3.13591647358657,1.3282844746316134,-1.102535637793318,3.12116880830698
0.9922923205971008,-0.6552974987814534,-1.9800174629851688,0.4391154825288665
0.9016584692223059,-1.649290696589685,0.39918336098549395,1.1815208900819196
3.2859245530491794,-1.0564773005005232,-3.0217866897822114,-0.058592482788923046
3.011839854256849,-2.977334956277996,-3.6225233443999474,-1.1678612869743898
-1.096644531823242,1.0473632108710158,1.3163331962421398,-0.6341955798797745
-1.3305087761179435,-0.7532960286515591,0.9205018499711424,-0.4329628845272396
1.3253983546876624,2.974274542857821,0.14456622470653668,0.6167128662064958
3.164849085763789,-1.6016178944889432,0.9675575214446579,0.6447838914760144
3.503278013593492,1.6314914733073635,2.26475195869702,-1.1971447216870013
0.9955619686782142,-0.8423484232033532,0.4154060835846436,-0.001130023442193302
-0.9426391897899439,2.441628576985789,-0.8018204013133658,2.0316655417929974
1.3356203149362356,2.5199957034223037,-0.638155757055613,0.07336724451729797
0.6984843885478703,-3.0381835879211434,0.58156690424732,0.29063582446719405
-1.1916689944263457,0.8837354017964278,-1.6723219878474058,-0.5791606742654457
1.3130816176550126,2.417370567435554,-0.24513880663680052,1.680937552155785
3.110671830328853,-1.086595946027824,-1.4242574282555929,-1.6151083640435762
-3.4913603706761336,-1.7937874525365063,0.16802626842754959,1.0684386831795818
-1.6205788168293815,-2.5502953903376637,1.0004450159758365,-0.6933771480899497
0.8886037007499519,-1.123794381362821,-1.8129997099088715,1.482495465224458
1.184999996550342,0.6916329254689729,0.6206171130090289,-0.6994963826749541
3.324769991654758,0.7372204320404808,-1.2348031713200265,-1.8015380194603405
-3.5992815999002445,-1.3989524748324527,1.7102787327315883,0.484407330094137
0.9128433956790556,-0.6138006740775946,-1.4908733087650061,0.6075089077643536
0.8957349575648975,-0.9142614850282021,1.2741308689928592,-0.014988233520418007
-3.304895845130196,0.5718196934979043,-1.748854863947151,0.5028230698391625
-1.0947584121646337,0.7358290321791382,1.2947359124060278,0.5386339531571445
1.4721476403322935,3.8899574767722185,-0.07137753146209176,-0.7213148750110343
-3.35201715395803,0.8606166235247696,2.306854537927062,-1.2500713244197061
-3.2865384430548357,0.24816390937362418,1.1964858711665154,0.2980129787287256
-3.414399962664494,0.1113163328937934,1.1081927980374031,-1.9084600384807835
0.6293299479425212,-3.30158885269545,-0.1604923607315229,-1.3110194086933944
-3.372728233540514,-0.8230688819690406,0.4401377793925527,1.3594631142952367
1.1527151161230125,0.2253937894626657,0.828746534168285,0.8251027204929435
-3.5158944146946727,-1.1317562399568366,0.9709957536726724,0.5754738155778292
-3.4291427162304,0.39066116255362693,1.761305463045945,-0.9583627642564564
-1.3596095401748791,-1.2665975387615942,1.051422408716785,1.311116836785958
-1.3415510514535822,0.008837493833620645,1.745119229507425,-1.0274144289615494
-1.1883327297791209,1.0729173677285655,-0.779307052461891,0.7523489101761507
0.949330338596297,-1.0504929855621399,0.4828018607722827,-0.06912577312176735
1.2222823163338605,1.1107106193774876,1.021401762811586,-0.13173824575053625
-3.5404336549397155,-1.8515005050369415,0.4183493648266255,0.19449450633685963
-3.606222384767521,-1.6073313627273556,-1.2609720028486269,1.1843823522997126
1.0152796629614296,-0.25707765879513717,1.0906632871123656,-0.21894454769620075
3.213414036551142,-1.3609591810661292,-2.2210604152908644,1.0630109819703129
3.14133804987171,-2.383101535346979,-0.07549774904978082,0.5848548612501122
-3.041544355043024,3.6042085488648157,0.13875917682632427,-0.5677202477469927
-0.9001538377281264,3.4811966544570883,-0.34656812697275025,-0.10985274996765147
-0.9414188077537053,2.745362261908888,-0.6445586054332934,0.09378346154573942
1.0423820045182401,-0.2652163619674175,1.34095324615917,0.18709996289107494
-3.6490929377752046,-2.4871535820564685,0.46873470808199025,1.1664478136705736
-1.540270681731785,-2.8345731677561106,-2.624400231547856,-1.4098606344507616
-3.624552731767029,-2.0429900727595918,0.280768955988791,-0.5444995471689378
1.2979824918626088,2.5968325112221824,-0.7733585584179373,-0.7811547963036103
1.1073473754325998,0.8724203376446149,-1.1152507051579221,0.3238515783685957
3.5532795908573527,1.8016953829378963,-0.8812819497477655,0.6967195902213185
-1.3038404726759845,-0.3167567789962508,-1.2195438928611446,2.5587507902216395
-3.378102297115502,0.47108633600029015,-1.3257198149139833,-1.2021921134106832
1.3300011406250072,2.1250686996055377,-1.7897397236894397,-0.4554144785430228
1.3110012364168566,1.0969794377823645,1.4500443174442308,2.165006619979423
-3.360288823928044,0.5828973567138305,1.7009002893505127,-2.1403811474275005
3.4522596427500973,1.091886280501986,1.4398196143750719,-1.3690194316338886
-3.4486619391682365,-0.7449629893614702,1.2256695613092952,1.1780209071905772
-1.063760435398832,1.7522617354283847,-0.3716305585253134,2.6313302283432836
-3.3246029357206694,0.8378265819603957,-1.02657753027778,-0.6589212734377251
3.47769131918992,0.8823623242751337,-1.4165547766195867,-0.02596583765488043
1.069324053274482,0.034369614032931914,-2.5907043971623116,-0.8077198903761613
1.2039306454711478,0.8745654706954443,-1.093273429541772,3.0740514434244814
1.2553228160416952,2.080699144539875,2.5388552699064464,-0.6900291155809717
3.6911733572882834,3.443537386003766,0.4749754418519985,-0.029545769580315538
-1.1631637124218368,0.6101264650820175,0.9188338806509597,-0.3753884410508663
0.8832410866834858,-1.3803123125739831,0.9606552179229749,0.6617163477247847
0.7498753013307816,-2.2766840189103283,-1.8569810078240911,1.5193323535114704
3.1401530001191142,-1.8800586680548648,0.7481073337278202,-0.7185080355202759
-3.500672979060646,-0.7796059551846477,0.699127517643751,-0.9268228694112417
-1.4358322252286393,-1.8499140223975925,0.33629774506074356,1.049568873151466
3.2295952018331207,-1.1564848914572168,-1.6716040113955788,1.979584711098639
-1.2915949079552465,-0.7349477354265913,1.4413951879353857,1.8849661770815416
-3.6549417904128636,-2.3699879193373947,0.7546311759705391,1.6526967626093496
3.4129523405241473,1.4553114424216094,-0.7927988655335748,-1.140941885772756
-3.52684125941421,-1.4208448794391129,0.45223799149410915,-1.1449422065059423
-1.1196568448439999,1.4048355472343008,1.4088844968012462,-1.3772373409583059
1.197435015659623,0.7859161434829902,-2.8367549317593728,-0.9513114247496957
-1.261382723291295,-0.4985363357425507,0.4248662215945206,0.06172592642846582
-3.417381956865068,-0.6377704183865087,-2.2317053176058077,1.145008286684323
1.0740278352132535,0.540429972672052,1.2353955567405461,-1.636375621747337
0.63698784234337,-3.2106884414009196,0.10090510763230832,-0.8561490766704071
0.7943248020712993,-2.002681104506142,-1.8203688512935787,1.6172934313094938
-1.2714011358304598,0.11700043174674973,1.6937143039732674,0.6834757999782382
0.6557102517105143,-2.648194579666103,0.5222163696804211,-1.4869060165667167
1.3987774152983312,3.322799527421835,0.029378103474938497,-0.4856116296312142
0.9215374252282605,-1.0454502186217511,1.3240873262213062,1.1695806626189098
1.2191111001310864,2.306524305732182,0.055545755659225586,0.37672439530875224
3.380282219636883,0.7172762017820419,1.7092057581952111,-1.1210968540146313
1.1375663279812038,0.63798037911809,-2.1919898197342467,-0.20443790019334596
1.1218887833903648,0.7058835527258964,-1.3147785036607278,1.079188582195092
0.992320269478362,0.5917180036756393,-1.2897337957761914,-1.9225172635031313
3.1840872163130194,-1.4060797655489994,-1.7874341929213369,-2.6979154155397755
-3.405548949170398,0.35868300569151246,2.077164832257458,-0.5719120458793594
1.0410377814445892,-0.4323319881988114,1.175988570559813,0.17819039180313134
3.4560884941434886,0.9703997989554277,-1.8593120506757417,-0.8676565676157435
3.200241396114816,-1.2857738145210034,1.056750834523712,0.7042428996003708
-1.0912639318027384,1.5456828178159978,-1.5842899739332694,-0.3416601632436923
3.1278247289172327,-2.0919472059216946,0.03517286772475717,-0.7957667076340843
-0.951561215389516,2.713000384565689,-0.6484304749760835,0.07366402842221667
3.453082078359724,1.0527880867560684,-1.5760919574292995,-0.41282380892617143
1.4217856022781863,3.2098475647660525,0.02328939221534616,1.1126086678310314
1.364477199134991,2.9214314544259263,-0.9798545333338603,-1.0757636178928642
-3.6120208388521173,-2.3304980118763456,-3.3705978562280783,-0.6727926356557015
3.1514601232854242,-1.7850564665868422,0.4214963839909069,-0.2718220958358745
-3.6367800371208228,-2.5043213889585605,0.14721831821193854,0.778155149191874
0.8618731344723015,-1.4161145466396894,1.2060489557830665,1.0547290890931835
-3.71659827600669,-2.4171943003744105,0.7997833777103065,0.11398437212392015
-1.1737286578042392,0.5765124392721901,1.0896573820836928,0.05153281479184364
2.871034862533709,-4.112411521547394,-0.03401527524309734,0.4040950716651143
-1.1237455988080935,1.445713351965862,1.664600075058095,-0.9547748639546965
-1.4283609957746166,-1.8293713118193955,0.4548460720136037,0.2605722690339783
-1.1606822439324715,0.0977482990211153,0.2537508491448754,-0.13048453365470222
-3.2793473047560147,0.7505657232529359,-1.202736357935827,1.4172719974249024
-3.1832350015030033,1.3058186332089727,-1.9001909727268302,0.3420922134935391
1.2169762655856322,0.8835695975449313,-1.6138250969646504,2.22582646481508
-1.4562174703638615,-2.0328640339612254,0.2434664814525983,1.005707615784886
-3.3099156779059724,0.6987965977338322,1.709373461269706,-0.8456288785298129
-1.6529372441616355,-3.2044840693676813,0.35873683226171627,1.0229459614602134
-3.223599501479067,0.8371310966648913,-1.1612576934539391,-2.4782720506545695
0.9679623953123345,-0.39019458374413346,1.5728561186794023,-0.6635100291549395
3.543369213522658,1.4405292299535004,-1.384315922497296,0.9477114792151938
-3.8163234383414557,-3.928479943317068,-2.8031630516729575,-1.8646481751612207
-3.431252132839072,-0.002150053490662458,-2.095243783128011,-1.3964694270554872
-1.3444755670433937,-0.7378189146112334,-1.7715195946800437,-2.5801659895241995
-1.1878181791046354,1.1187625101010183,-0.5228336692339154,1.1777603946083817
-0.955754740673977,3.202172261637579,0.13826022525770446,0.6382228448285195
-1.1089893731584752,1.6435170046295113,-0.7910472077003022,-0.3023731052647942
1.0789429377134887,1.2007498149841564,-0.6872452076167862,-0.8457826330627408
0.825712229193198,-2.187462709641443,0.4348547129054961,1.4459941880011127
-3.4171884607114205,0.31392965372350756,-1.168045767020941,1.2608384286294667
3.0941143300956577,-1.9929116351123528,0.9631912855078286,0.4453037407997006
3.538996179566982,2.1159978187452757,-1.0514535093213508,-1.3035634920613843
3.2003937815212735,-1.1585688680738844,0.93265801379367,-0.45416878433165137
-0.8030721481065006,4.163417635753646,0.17930172895792165,-0.2778904401536359
-1.3528560069942208,-0.7657743976194173,1.237299963814515,-0.04918231939596038
0.7134050904128556,-2.2003439798303566,-0.4930830836470779,-4.510462104659751
3.2808567052033073,-0.32024619393442977,-1.6659033933996241,0.3678174991694498
3.197718522722489,-1.038167744646786,1.2940714762674,0.005412906250698625
1.021925750397827,-0.004344758291333723,-1.5710729024741736,-0.40709891477157506
3.183692606027482,-1.6419157265445978,0.6169754402050803,0.21421483225463933
-3.3553090295025862,0.35664799933236935,1.6041027139559296,-0.5470468811704088
-1.0037875419234843,1.8750952613653245,-1.2700923730836329,1.4647163624286375
0.8380374641991601,-1.4456956870393545,1.2703127427666359,1.0187104334853803
1.1943302830123343,1.0980518823148353,1.7732786692215048,-0.15985404266816516
3.643357089598773,2.504806700178919,-0.4688598444024393,1.334004979316221
-1.2178493256476504,-0.21147648391764834,-2.7107810726683432,0.5644129630776722
1.0806092749000589,1.3656325677170689,-0.7944162510094631,-1.2772539749562646
0.6446543421461738,-3.4589862778421363,0.09081276944162683,0.5503807014243215
3.698793675653093,3.462746750152623,0.476961711910694,-0.012793841154224253
-1.5774670221277252,-2.8711968187456245,0.13257235253532493,0.7012387383635714
-1.0833208347137577,1.670594613070272,1.4440597898781622,-1.2822617061796822
-1.0377846645890174,2.430388522823407,-1.0824824467441734,-1.3108758269029666
1.4071931677759293,2.5881476768280565,-0.8804417658204279,0.9418053389798083
-3.508894941338332,0.13820825629098912,-1.3463245483475963,-2.2232988014856647
-1.5440012526767646,-1.8901839598790469,0.586582791152453,-1.276686257923063
3.392020858519242,-0.12438953341858663,1.0766116750360741,-0.08105689738371834
-3.6420187520082408,-2.194003894189406,1.2122341357380786,1.3100767606549644
-3.5772981223322597,-2.3120063342532626,-2.588904083121517,-1.2796765740054536
3.555324173133659,2.2260861222767288,-1.0353794525983397,-1.2818833762731294
-1.9206672645980212,-6.161096635678865,0.4454427628822801,-2.662590682301375
-3.243380220486197,0.6927058714223441,1.147831477788132,0.004165436438615765
1.1166094111461597,0.6363907204951131,1.962634041211058,0.07809744434350013
3.5358090418694115,1.6881111687714703,1.9539026597257825,-1.5639128783450185
-0.9938441006234129,2.3002698262509664,-1.1384769433475206,0.3471216681584825
-1.1103652802246402,1.2232624720450862,-1.5329624698482356,0.7947039935524914
-1.3636548282890264,-1.5542135921131126,0.14605649128342038,-0.056071078713450045
3.0479415170864286,-2.159930269815248,0.9400101146615858,0.38450352424097567
-3.4434836253362877,-0.2734871609290372,-2.037222584742877,-0.2410903472074966
1.071153179768668,0.03742019702078945,-2.590358243122495,-0.8050571910579406
3.0271957115052137,-2.619049455280932,0.6504065246980208,-0.9912647543063412
-1.123980153140738,0.8661872524902277,0.953258803225984,-0.28786499983483477
1.1982311374525354,0.7333334619704901,-1.7941269547769196,0.9195301579086418
0.7812185055789544,-2.4054392548637122,0.7519647142541624,1.7814402489812526
3.493748364079133,1.2919825106009017,-1.2946333759278361,0.09753051979488771
-3.852492910218339,-3.8286496111662234,0.29109291137104815,0.6758170802193405
-3.47059511361761,-1.3691416830512293,-2.1397655969935188,-2.0179030876670834
3.3139205372706995,0.3323457861157359,-1.008426808311127,0.14507809965961366
-0.7696285640172549,4.342725023530634,-0.43444856630668777,-0.26892818277120956
0.6532664560557921,-3.1934857477177463,0.9668207336900568,1.8796005961372018
-1.2163151449271044,0.2538086138104854,0.8714133444378803,-0.5022656113247395
-1.1879131495482012,0.43049049635231007,1.2346820024930312,-0.8588557497360289
-3.343548807408425,0.2663153165193965,1.611700502958988,0.7024559621359981
3.6377516482225567,2.9787539821002595,-0.021141609546390057,0.2127934644000493
-3.282105997747758,0.4172583150920482,0.8586405310935106,-0.4789117892162505
0.7277725240815424,-1.1271693534381988,-1.4441299556555844,-2.560144610379098
2.8796191586697675,-3.8837904279886293,0.5923925129387826,1.3094842880468307
-1.0380026512678107,1.7644928477510815,-0.9395432291253117,1.8453192108375833
-0.9706206504857903,2.5869981826926223,-0.32757920301413834,1.7012404868897195
-0.9709506875493272,2.0332720257826913,-1.3364863719807054,0.26947709775958617
1.2582289030371958,2.691892430189223,0.4257503935734363,0.8978335678952912
1.3213107286812527,2.3621141191043553,-0.8433523905547348,0.8374924021760385
-1.5992285731677127,-2.5832482645976484,0.8541000332892238,-0.662254423895896
3.3349515155918525,-0.0188807542094486,1.99939669545197,1.1626830626152795
1.1418623910728962,0.2915603148638945,1.1830577409830183,1.2639010323044388
3.642736862567055,1.7423199368569207,-0.7093089234341914,2.5716092144775757
1.323700223980862,2.538569020993166,-0.31649811969003816,0.4628347517220908
-0.8370512633204716,3.5130811607831345,0.11475851388181407,2.4212293676564616
-1.3172923207316285,-1.0595856537566868,0.4416408484227278,1.329393080722171
1.0638676839237298,-0.5346224664931828,-3.0626081810410617,0.08950755087516224
-3.4507431706227267,-1.3294101547083503,0.30387114463199083,1.199564306804929
1.2190241351442874,1.544336161712054,-1.2975604793152264,0.1288236499163441
0.9208666886487958,-1.0889360158826806,1.2496324492660966,1.1769725383159049
-2.9913201069072817,3.035032025906158,-0.7545786962841402,0.9375822116498244
-3.70002511833722,-1.8044495635375122,1.3764718848249,-1.7501984479398363
0.7091238039129163,-2.9275896545513436,-3.652140392123808,-1.2107099069199152
2.988139691769506,-2.7230126899870815,-2.579031764474778,0.139424206420145
-1.159495288736592,0.8964998754762824,-1.5768936074737325,0.683561703108663
-1.1355711185472321,1.8910052622818496,-1.1544188020690538,-1.5116865234830696
1.025269628326858,-0.34798735998773594,1.4169212194099565,1.4175954372143582
3.113472309580741,-1.7104595134832616,0.8595940474123048,-0.6582195035532192
3.0551823345110276,-1.924466324767217,-2.224568437275088,-0.6271460900989526
-3.3892166729598117,-1.0149894553827985,0.34602833832622326,1.316651096105238
0.9511769617319159,-1.058243329233927,0.9090310314221686,0.7656796657941424
0.9055576825007011,-1.5462340251074427,0.8477552373496796,0.8057929545829003
-3.3581792218173963,0.2767143133582439,1.6811366286663896,0.6844814648411945
3.5120325776799297,0.3524882110553887,1.0443519408995554,0.11099060667923501
3.5197055358839013,1.607677536623792,-0.9073548035023696,0.6278871077349027
-3.175316854752713,2.692614175731279,0.2678825797621296,-0.47887134380768615
-3.662545811050974,-2.5936089072938926,0.454656956143688,1.1289262334921124
2.9357258601209275,-3.6274110765739587,-1.2829890001247077,-2.82891954399445
-3.257388922585544,0.8158305087366462,-1.5313185334525115,-0.22892567976033984
-3.504231504092713,-1.3463767390618706,0.8091570415727377,-0.7018822930341745
3.6394953180180187,2.461266016172844,-0.7252279480278315,0.9096234988188463
3.1014541721644813,-1.264334501863705,-0.6999953390470767,1.668434481605591
-3.3308185001651385,1.2752560249033646,-1.0186758286754292,-1.3835524831984698
1.0304879909878417,0.5840906732059707,2.176977517446149,-0.3824150613933804
3.655597557434775,2.2580075481895783,-1.6879909390972059,-0.4041160575586597
-3.6741457413436307,-2.8969889576540577,0.02093550899464902,0.6677724298936558
-0.8417596049125999,3.7976981068070974,-0.21507729996671826,-0.8238527847286127
-3.247505936925253,0.8944182652146718,-1.956213695953086,0.20942630545845317
-1.0397280279477095,1.8474749426971957,-0.6092104069463025,2.256812782853804
3.481404300923475,0.7028702228849496,1.0934905159074713,-1.0532531396571538
-3.5414507186618933,-1.327895897786936,-2.228502855669613,0.9023486189363793
-1.493699847850601,-2.3884499272433826,0.19643263035436026,0.8850779940532079
-1.5147465232365906,-2.5094746090032363,-0.1653432271403262,0.41422067795264145
-0.8685337594371604,3.545784353832462,-0.6832924093794309,-0.5035947514130934
-1.1488062827948857,1.2233620921145456,1.3845476696514807,-1.4408548148841074
-1.3914775342824202,-0.8366140915154954,1.3372281942969328,-0.8708788943934846
3.0548107391501094,-2.7440557191716826,0.7439422575258694,1.7201107721454554
-0.9618464451805795,2.9419103234312827,-0.7636845973466495,-0.7202884931679433
-3.199038115304902,1.2830800874871673,-1.4697678458399577,-0.06173305350989025
3.357279693479615,0.4390007869028381,-1.1367114109860996,0.23301089536501093
3.7326690444033317,3.4199095249938734,-0.4430887050641908,-1.2448893374761865
3.2751356411243147,-0.3687106816834981,-1.421326785367628,0.7564169811757906
1.3273116500495334,2.4870741126079308,-0.7581666844076541,0.8563061152050536
3.538368132216349,1.8045557627106616,2.221264703267325,-1.136885296590336
-1.3875737630835396,-1.3025530355482495,-2.856139160028035,0.17350016376047428
2.7929536322793553,-5.109034205878681,-1.8016679872172836,-2.281892467642341
-1.6168581547532763,-2.786248041928285,0.39222352486690076,-0.3213465382593601
0.7606601021711936,-2.7826788298883076,0.019253985441624738,-0.4391482210649035
2.723577029731565,-4.478144752667971,-1.1459661235068304,-3.9769673410040562
3.3573599863473413,0.40790121358935194,1.438110647775936,-2.441140283537233
0.9513179679607295,-1.176740818040999,0.12046959831112988,-0.5289497045276406
-0.9056369103018541,3.3450587561773473,-0.4385536408667134,-0.13473075302154058
-0.9928690208620559,2.2583252858706353,1.861811380890161,-1.4893183000873345
-0.8990306817284703,3.3791813714348127,-0.7055375450527274,-0.5654851333434776
-1.0971143674226074,0.661341173728672,0.8500485942337551,0.9218563553162891
-3.520025171537514,-0.9104747987341144,-1.0816195014812444,2.6890940463945476
-3.5855196075920475,-1.6654612936506783,-2.1844490383369624,-0.042758962960482726
0.9860523669345553,0.8444694557629995,-0.6615222908634053,-1.0025701653944181
-1.2927370658726303,-0.07321855636263486,-2.0514369101664736,-0.08288934122593292
-3.0892826726295493,3.224754702070635,-0.34660688438357146,-0.2918894067360284
-1.3885465572308626,-1.6909840763101416,0.378596199219027,0.3009020174475043
-3.2318191180214937,1.5197696395300537,-1.3715817388787197,-0.005090467343223904
3.530434618162405,1.7026262143405757,-0.6231474671142979,1.1028610386329347
2.876396581006067,-3.4148020215673944,1.0460918596109954,0.37193363515700006
-3.5526064886837614,-1.4901037327945617,0.87604752021737,0.5051643561893223
0.925703859567635,-0.5462791792551634,-2.1444863508032306,-1.4196325940245913
3.518774858242718,1.9264891478426736,-1.3479498600526245,-1.8130070682549795
3.335260113046094,-0.6840802305187542,1.2487896524661728,1.5846340935684717
3.3418940835124955,-0.5480687300170515,0.5858409294558662,0.17570239447364538
3.2377612238547866,-0.44092500742794677,1.1412682787827295,-1.92819451243279
2.919340865961093,-3.846121582820234,-0.26980147738584526,0.05666412783918805
-3.1485232582393103,2.547643329252552,-0.2325413986136328,-0.060466062601437394
3.1988162469452512,-1.790700986506118,0.7830481831531015,0.8074571514209311
3.487566743356124,1.0971759693323453,-1.0426885694266006,0.4676708870749592
-3.334915848366876,0.30207543895277766,-1.26169733378295,1.2556064112536962
1.1227477199349156,-0.1442924876861236,1.1214788162775522,2.570829300301697
3.617355760770177,2.7227451871382597,-0.3743649402503737,-0.25972828831346284
-3.1940514740187074,1.232052199488564,-1.225361276108777,0.33065104380271804
0.7523754479711127,-2.41297396155033,0.9823280277129552,0.9009983299643799
-3.070759484907083,2.8061383714971533,-0.8152643811225091,-0.8150092846916579
1.2534551648819847,1.1696945196704784,-1.3920013985844288,1.514630929183957
0.8136292201153936,-1.886542084617824,0.7108393773206457,-0.7887715556381643
0.8599866334819014,-1.7651983330098195,0.2925475564851847,-0.3279547738360265
3.4429422580941718,0.9689805847604196,1.8505560055307793,-0.5694790052890875
-3.4066946290695794,-0.20351127149269554,1.0274004999089272,-0.3189063853672486
-1.1420549595297849,1.254375687229475,1.7285428887115346,-1.8506506847852924
-1.0680475631176702,1.7258803411756547,-1.2144749699985549,0.1441729177049265
-1.2248443834622915,-0.14556196477698607,0.9061172340768816,-0.22072426875322232
-1.2026922115117984,-0.2097813660541007,0.9889968483987732,1.2264659051953888
3.2807105601331488,-0.4862213730519747,1.6182131191906977,0.6114651422072948
1.0133166910564155,-0.5252278068580999,-2.0518340041846685,1.317003152850842
2.9324311812059114,-3.352237737682865,-3.054932152884001,-0.4495555820883476
-1.1009961434445177,1.051494085487072,1.3165265923299643,-0.6313962535364671
0.956743917239871,-0.731107943318101,-1.7603019292829054,1.6228199688958809
-1.1065950703760319,1.5875050986446222,1.954892386732015,-0.46163793658028923
3.176352714895363,-0.5519299866949492,-1.1951262076141762,-0.14968093199429292
0.8129580892545405,-1.887598170096656,-1.1342273228163275,0.5863219350204717
-1.090177060034918,1.756058246997671,-2.1074154679537034,-2.797678823100411
-0.8010398960136182,4.05481774536017,-0.26969560852291397,0.09617393750035423
-3.295485770438817,1.1392380769820398,-2.2229231919086043,-3.0799248460017594
1.0333981117944215,0.6752511980198608,1.597321677524884,-1.1789806688663749
2.8065388929742747,-4.3807973864288545,0.2758549454695948,0.7204577433116157
-1.458540469001879,-1.3674270183147688,1.4951818146233453,1.3953388503429793
-3.427806983655277,0.16080105661960975,-1.0296180221997644,0.3605818352253217
-3.298736014089716,0.46524307563436595,1.6390938565028337,0.771290049059448
3.53269486944183,1.6594850136192776,-1.1509703400681113,0.23829275757042878
1.2744647067104513,2.109972175000404,-2.0243009227929796,-2.6064094261588027
2.8347528874533063,-4.487533592480997,1.4915150278846994,0.7471811210132016
-3.2920128722977426,1.1748031658931237,2.0298047264170416,-1.5259598375807448
3.335229387829698,-0.30201939352575574,1.0467386083485979,-0.14590420391561584
-1.0220609448057345,2.341694497235773,2.5371393362362546,-0.65972315170181
-1.4029613735663267,-1.1759293983224852,0.7485282222494286,0.20872548406793476
3.3291149990618742,-0.16452414716551586,1.5737456482349066,-0.532974396129522
-1.3335427595190088,-1.3848789813335654,-0.015842774219556734,0.8249490160585112
-3.2289002168607475,1.9768493204677937,-0.40376000314332217,-0.2742804038252475
3.334755837565078,0.4903814372336325,2.2007353173370805,-0.3501484433091234
-3.444361178226768,-0.3099684970063544,1.516654925426516,-0.7936199021528865
-1.024836083372277,1.9869556302277294,-1.5258396955102442,-0.18076928321874147
-1.176571618911243,0.19659104641061467,-0.2501902321803005,-1.9999639919867211
3.360536912994795,0.665687502862181,-0.9639272587614731,0.26019049673093636
-0.9614541336871691,3.1247555425739124,-0.12253362975428844,0.20273559432285332
2.9671494559868234,-3.479507846503374,-0.1257101968078367,0.19591589910890905
1.3688652301163668,2.892668579206214,-0.01940284189345416,1.002127829502732
1.0532669453928736,0.1394797302459777,-1.735934488521075,0.4626132639575031
2.9969783333124074,-2.6066141939927725,-2.0414806959175498,1.0304435131059493
-3.65669105701552,-2.6784749809337804,0.12463138416310016,0.7126175179390656
-3.43461813439193,-0.6641401812768392,-1.820918261178718,1.5345775843350242
-3.4955269479332407,-0.9955778425052643,-1.9338871537400784,1.431197679093207
3.391340073095856,0.9530226646291596,-0.15326579664451492,1.6230062504760714
-3.556788612204943,-1.3058386369566715,1.065822720768146,-1.5288531279552664
-3.537913742564844,-1.0944917707682515,-1.106135028578873,2.6297442591101174
0.9410140272642635,-1.5663554669931556,0.09166378721923944,0.8280166319742179
-3.092876561719499,2.7998847381835343,-0.5444986881287424,-0.3872801310801892
-1.3282645742223862,-0.725006055128617,1.2621549662372449,1.245217044002307
1.4241851592433823,3.4173703872917143,-0.6641614969245864,-0.48659605909158316
1.4103401781031244,2.7108109867554777,-1.276998944938146,-0.6556979092882889
-1.0263686174483522,2.1662681087325875,-0.38373289705091357,1.55769918164324
1.281702941004962,2.1740035224382903,2.387861791753187,0.2010331306784397
0.714937927280588,-3.1789623210666424,-0.2172521028467081,0.23749769206993138
3.340963907102149,-0.04234097665831073,-1.4520795192455063,0.9015770141569212
3.220110705334527,-1.2262463112715967,-3.068398403184382,-1.5983257759444194
-1.738524846089831,-3.5378181845951158,-0.866716809059406,0.7789642344626331
1.2439102784400922,2.0544683179528804,-0.29417462533897215,1.5515679504237627
-3.2840542507558017,0.473034243141972,-2.6022216164366174,-0.7697937248370971
0.8065930749797009,-2.012905815473807,-2.8662811519043143,-0.08219570980284288
1.0652206803891595,0.05466324538265609,1.22069445392768,-0.9292476587651313
-0.7946389329166645,3.6337064125101475,-0.9129217784595383,0.7648089028862581
-3.1492971105979914,2.0592388188263637,-0.4312401634681062,1.458960028961279
1.3495132213509278,3.285865895141137,0.5048201298531134,1.1107232422096378
1.231996874109291,2.1648420686741785,-0.5590136472359651,-0.4959102985621271
-3.4390053229040927,-0.6475465714000791,1.3070922470885717,1.192980915671518
-3.3642177807767792,-0.1557589804550443,-1.7531486179380633,1.71089899905039
1.0479857913637745,0.38088497417123707,1.2144413841455521,-1.6979830995687657
-1.0263661197797445,2.3289350788123624,2.8069083342700427,-0.22119254050145123
1.2887809843689872,1.422596409564384,-1.0201975929546754,3.2693618712707893
-1.1627800735388032,1.3029400168597705,-1.2236715080648137,-0.07079942421369338
-3.592288036614403,-2.086364841313598,0.7059954581474291,0.4958838256215372
-0.9927210328143977,2.6904202570430336,-0.5248299933665844,-0.37174075175319066
-3.624937509029497,-0.9022835309065219,1.9086751611573942,-1.031822893235157
-1.121856587196436,0.23566650786307447,0.6136322078301659,1.796719791662914
3.523575197633414,1.804846410142469,2.53867805551918,-0.7317909313021764
3.4623019821670074,0.5380515896819924,1.409210126118872,0.5636042702978393
-3.7260814944393528,-3.0169494475635945,0.399141908685631,0.9678199825376281
-3.2335345060046476,1.5478959729384516,-0.750194214158802,0.8655425454822434
3.616946872529555,2.4395463139178704,-1.598560028939338,-2.012538880077937
-1.3865807974369846,-0.7891415883994072,1.7386673427407655,-0.503344232268469
1.2744080144726955,2.626283627256148,-0.1523486482691661,0.08322881206124183
-3.3631260807900283,0.5142146049279528,1.43303967271607,-1.3229159583896113
-3.277625994462231,0.4870093713939597,1.37081910312441,0.33272414896511016
0.6756431583097879,-3.3497932656859346,0.031057200341019577,0.6179369466619221
-3.7135278262413633,-2.694626905636403,0.44639548997520706,-0.38279457493652047
3.145152600261535,-2.2020895395375533,0.815903888018218,1.9209504295175401
-1.000017524125856,2.305199070199808,-0.8872114203279693,0.7546918412204189
0.6406710286632559,-3.4403256798770623,-0.15783287103697177,0.1492045456785589
3.3421865710583885,-0.114185241349437,1.3300576369173442,-0.9244160818147953
1.0162633416153932,-0.22718889125984132,1.09445117100118,-0.20810157889732606
1.3783687502961381,2.8121334613726994,-0.46427543759959256,1.3834159089932703
-1.1527858651063456,1.4864962874448555,-0.40586759244957793,1.2851120525131374
0.9823479816847074,-0.7288797115593709,-1.9024295671977989,1.67156378684066
-3.248398188632126,1.2577639167733616,-1.405635125019558,-0.0946014666825944
-3.314597710847592,0.42379209988802585,1.6325913987282277,0.7626977780762512
-1.3457046598515559,0.40664025454334735,-1.3510715620425677,-2.0442884801057866
1.2297858099515206,2.1571445471206707,-1.0828599280888793,-1.3447524053909057
0.7301652046686714,-2.2602118573303804,1.326253150988243,-0.12457394619874188
-1.648940997913966,-2.690139024482515,0.9824216649439055,-0.7549830796962639
0.9316401572001539,-0.736590752978485,1.298350343595817,0.046993033871444025
3.187580704684076,-2.0794695762266002,0.14828747872092185,-0.11120217247261978
-1.379498111228426,-1.467794657084833,0.6379287997703295,1.5932225658206562
-1.282607556177148,-0.05695493617005103,1.515250529079627,-0.6171581830543839
-0.9124654607218108,3.0030299725994984,0.046806869112544114,2.2408990073638013
1.1193081519788675,0.22473196161385967,0.558882812901059,-0.868273521749128
3.0618280088885896,-2.73430231980544,0.4947469473107954,1.3155178977510091
3.5043285161703794,2.0688348262874117,-0.19010884005036593,-0.055241405532215626
-3.532029242421565,-1.5396936998132338,0.2526698490777302,-0.37022002814931276
0.5573382896059493,-4.188886420512532,-0.6023601806497468,-0.5352843937561573
-3.1404151481414613,2.501456979028107,-0.5095142781156939,-0.520131114364927
1.1329305611429716,0.45861192432013576,-1.0815097530642135,2.9201220064625977
-1.1431270648212277,0.9743136763928095,-1.6620923773840703,0.7043813053736302
-3.4907195939243554,-1.0000022806155708,1.1732080761485069,-0.19495522757933975
-1.3179785622366462,-0.9751037370286464,0.8873304420274148,0.9509735539981032
-1.3010056294718957,-0.2477539626893194,1.0550947632832801,-0.2746828331393181
-1.1779643838852367,1.1977520146684653,-1.035012540088207,0.3576512110835328
3.2837071831420874,-1.2077288422319234,-3.38728202448873,-0.5296302604477826
0.7899456013541819,-2.2524585939263466,-3.2169373912835924,-0.552691965759252
-3.3812762887648544,0.057244922665667886,-1.8170112922645436,0.3158284369190081
2.981505919547218,-2.8746150079792336,0.6159884718000906,-1.0819203694779156
3.3161025153413317,0.38050634698553765,2.1860908762752,-0.39039331223294926
-1.0167380004102777,2.807512729306324,-0.6393077549264075,-0.819985447504858
0.8897666991282317,-1.0167710652762858,-2.13992700201239,-0.35974452821663583
2.93035061608312,-3.6825530569559706,-0.24906664776290222,0.11938598284188777
-1.5305929903344817,-2.513026460439055,0.18005993392016512,0.8269614353349598
2.9532584413790652,-3.012978516501158,-2.4411103858615513,0.4686943288371635
-3.612021834624458,-1.8813767390095704,0.7369798061829486,-0.8975496013071781
-0.9859379119848555,2.1875140938429927,2.200394504988044,-1.106570716488218
-1.3601930765777797,-1.39854678683267,0.5122981545069972,0.4149500548007292
-1.5726867693845286,-2.6385897609400453,0.9172195518272849,0.756510429694281
3.2334193237817623,-0.8082527071516099,1.5755659776857351,0.4946720081115138
3.472916259819888,1.3871444433000748,-0.8677992155352595,0.518617052028643
0.9918611280104426,0.21328253491672744,-1.1289943643878988,0.06276482215893325
1.2842993931207427,2.2435153064832973,2.648023499496151,0.6273737429673023
-3.342613991193799,0.869907903356329,2.0576613580054746,-1.6541050355168299
-3.3527106054329843,-0.37350615636173157,-3.037305987137886,0.0020909007786080406
0.652198671001602,-3.0425751811160104,-3.002825738011065,-0.455328961414484
3.024337456984873,-2.9493279452350745,0.46620293640921817,1.2347409749728773
0.8713348377463164,-1.2769887125602293,1.2055533426763054,-0.17632139466764313
1.2109874758588943,2.3787108775326216,0.38403613611940546,0.7864183280007501
-1.2901465250291333,-0.0350263148217512,1.673846924790446,0.6272720756483989
-3.48224388433902,-0.44406863697774873,-0.23458158602575718,-0.4652964167106569
1.175414413077966,0.7160394435576437,-1.3174085477430464,2.553684657274404
-3.2184330159255348,1.5371607437272794,-0.9338287653797889,-0.4048162214810171
-3.399741034347588,0.3025820825027328,-1.4373128553874812,-0.4289704066689365
-1.5750694876195646,-1.5389170236276868,1.5400796815543814,-1.5917316512090265
0.728797681457617,-2.446113620450518,0.9083399033411259,-0.5504959341692163
-3.362485991936394,0.6491120668360134,1.709241723132661,-2.1184270428564598
-3.5947676839804377,-1.5002656176029476,1.0314143536003955,-0.3509696001664987
0.6458136429890975,-3.487980804699524,-0.1637319507542944,0.13430684427455145
3.5773318682785313,2.0736511957764394,-0.41080500914442525,0.38507328395314955
2.934743264017093,-3.410973393294471,0.8871219804947653,0.6022504424671112
1.0963556726945731,0.23431620327919414,0.9940837369277852,-1.2737694048080812
3.0607108639948613,-2.7130251492132578,0.6607773836466105,0.4728669309282206
-3.5092215295607705,-0.18003212869457452,2.0047683203652653,-0.7694153960430886
1.0919636273992452,0.6572256258838132,-1.138402363472564,0.24965136139894392
3.750756945694243,3.245864411264814,-1.5656547911508993,-1.696043132065202
-1.3758048625846935,-0.6091119809357467,1.5976069465456055,0.4208483041230768
-1.5047350266692439,-1.8823574508373107,-2.363290970741595,0.7475000660279827
-1.290912325349568,-0.3271128471083899,0.6992584912812694,-0.7202683687836071
-1.0385183963722076,2.1410180773480842,-0.8407207194446399,0.6723430577002247
3.255069417667555,-0.17428469289213983,1.7059461220696388,-2.227643545640393
3.1789147714393913,-1.5307254440199052,0.9771429340209138,0.670317378797652
-1.1931439663886885,-0.28291748870790684,0.6603902153987854,0.8172696698356382
0.9638985755983447,-0.45116092696115806,-1.8147396974327794,0.2539768461255931
-3.5733300381383,-0.907273660227421,-1.9438220035623843,-1.2836152184380274
3.7515727077050562,3.6656011050571173,-0.0647638896165507,-0.7418328186893127
3.397172908462264,0.5562064491405665,1.0230603351935357,-1.9729451368830682
3.3162980855634063,0.020402235403282367,1.7529052424847844,0.7652177861845098
3.4668603911441527,1.3978533319947732,-0.2292008533658319,0.5821316817653859
1.590209071006117,4.751457442865656,0.3625506372957671,-0.03019917113055197
-1.2185840478136167,-0.24411017336349908,-2.98715503197832,0.1176991974888956
0.8062246843131864,-1.5053698637112085,1.446200273732069,0.18219684038411685
-3.3273891711072765,0.9930486456104759,1.8894142989731166,-0.7919793541925302
1.023233021736167,0.46274468671763563,-0.5737155366326069,1.0025774487827264
-0.8188709040681769,3.916590641115395,-0.44972147925666145,-1.1901574935065296
-3.4267520877909368,-1.042863124714448,0.8627450545358747,2.1611164828532066
-3.6614572841464073,-2.4604707564653236,0.7430595088801357,1.6189862369633006
3.1175178832766153,-1.915090438357913,-2.4712592039276626,0.42946794413418465
-0.895506200678485,3.5697975169547904,-0.5377825138795993,-0.5448815943904506
-0.9374851211502473,2.6900030156206842,-0.8358699497161942,0.8932639211081412
1.2753855778600456,1.996446317231776,-1.0533573832328698,-0.5298072597722486
-3.2332804064751035,1.295808844522525,1.699117036404647,-1.8700914629637055
0.640746379779909,-3.561343348339098,0.16612639050692551,-0.3073373278570077
0.9851421793460702,-0.12326229875364568,-1.1535993011683148,1.2197631669735058
0.8791226134845381,-1.1239086947185377,0.9749801777667398,-0.5278660688533507
1.464516857755572,3.8758566138533466,0.17723643269814518,-0.31821467047167235
-3.286845693363929,0.742835460736195,-2.661200955150687,-1.9255372183347375
1.0703662993492167,0.15944494381681718,1.1463814098741085,-0.07844847575991903
-3.4712407769618325,-0.5605400298498762,-1.3768494105306441,0.9480657573552664
0.8623656032188654,-2.0390291174792354,0.02874716133979826,0.6548519085606044
-3.716527741593541,-3.4494541975659048,1.3469432634893022,-3.6607432848039325
-3.353611447393255,0.35057083464758565,-1.2756763413370946,-3.531276198224776
3.4716862449487134,0.883229175146184,2.1193801444387677,1.4861395993168651
-0.9255257868061304,2.730831772989307,-0.741615508018874,0.08457742314941918
-3.327065064037118,0.6280346583092545,-0.8733892898388284,1.7817117601206829
-1.1304386155016357,1.559790925022835,-0.66719787787049,0.868967750553797
-1.1997075060116467,0.7789088968415235,0.3954362810735579,-0.3682093578859981
0.9755219012655969,-0.5032994680033674,1.6486851273546934,0.526242969688767
0.9469320574532697,-0.09288863397596148,2.0186590413866092,-0.598938505673369
-3.4781340917857704,-0.6757651129042601,1.2844014960305523,-0.1039786380367861
3.368831589041676,0.053803488813557426,-0.15706116633215803,-3.6391453818191795
1.052129117581578,-0.2390546236151471,-2.972816091026223,-1.3158895031109443
-3.577186979621722,-1.4566955555850487,-2.858749964688476,-1.4637180368833682
0.9809933583787538,-0.639578273289082,1.3782515584520092,1.311610516487742
0.717783113866898,-2.723935271324883,0.2555333851869687,0.7921585829504242
3.3811131140278783,0.6408179440664417,-1.2861646310523813,-0.12880648933445135
3.2891918304041057,-0.7313900529190736,0.736781909035646,0.5366705332121116
-3.175960016737239,0.7666043506624824,0.7455329138060672,-0.3777045030494722
1.2460351459127834,2.007362807226141,2.5293766229806827,-0.7185824793755385
-3.4528235445824165,0.18945568385066616,2.054188240480991,-0.6400899309268013
-1.0306475998451727,2.063784230475945,-1.0808703562330266,-0.5680161805056717
2.9529660677558796,-3.0931665545160287,0.6743739585579195,0.09964959353463286
-2.8911897553156836,3.74613059515857,-0.22523279436584265,0.7835609260105524
0.8699202742671389,-1.5342536079273683,1.029352524668401,-0.21847564737097075
-3.4924777580533566,-1.267267636408626,-0.8241875142007925,-2.998963130320824
-1.4924411700511078,-2.375780956506564,-0.05187136418648774,0.47155077234164594
-1.2728626021793719,0.5895929752128912,1.8706580217733313,-0.8908121852960191
2.9590110456018395,-2.4220732999565193,-1.6942509952023759,0.014971710231815424
3.1465538154953827,-1.5335199514444038,-2.7624807660663735,-1.312814422559133
-3.3751754325764725,-0.7926808176761152,0.6463686502094358,1.8373837573678369
-3.399754087564172,-0.7228208663934955,0.6333748186211156,0.36514998747911576
1.1346079352828715,-0.3300049811875203,0.43264638913636333,1.7021040097279607
-0.7931327086785145,4.359290035718508,0.5241634922034064,0.1767045276996088
-0.8774043029817348,2.862441057033553,-0.4741826348444667,2.6255155320497994
0.5546861826999296,-3.614822889840376,0.5687216178888276,-0.15311197843180557
-0.8262760250087088,4.113516491715427,0.24090790625797076,-0.31947238703372843
-1.2188506949129119,0.11074983422852852,1.4416159771895118,1.51946520730188
-1.3498020271427185,-0.8622147470432666,-2.4041714676544745,0.6867059539083576
3.5146866437273006,1.5918085149833772,-1.0708207045872464,-0.6215958734639652
-3.2506203223852164,2.130812033996296,-0.4920291448722478,-0.6823137988502844
-3.575080852127489,-1.9839395622283527,0.5354919687442946,1.3476002165808298
3.557706296539982,0.8299286498591513,1.1961288669794408,1.5128492810245746
-3.0992611371467578,2.8330893960356853,-0.2809246921585966,-1.2251248667480907
1.1403288552287987,0.7380793322434049,1.9767063869003807,0.11293131816767216
-3.7674213577323723,-3.370802104772625,0.032436935321545096,0.46221320643615854
-3.1255663979957182,1.943531607118047,-1.1320440102047604,0.5777319474186148
1.234279919997893,1.3225155460554652,1.8907620823127256,1.179229335068012
0.94801223913288,-0.25763260011844746,-1.1246315006704803,1.1194116703519599
1.335477598479463,2.506034576723006,-1.0272354756991702,0.4233176561810447
3.0538726972616472,-2.1239880203612453,-2.8412341436034407,-1.5237897916596377
0.7791311954727431,-1.904027907246585,0.9377062669543612,0.4185077718785488
3.3499023966245534,0.3645716806672425,1.7702251926573145,-0.7877738388751688
-0.8481994518882768,2.607894442130467,1.5245703104653348,-0.07572154683709663
1.1592856135008405,0.3970089877538131,-1.7524360196692406,2.0760801943121026
1.2018823460079764,1.3305830611317564,1.0899314239569324,-1.7587980160604488
0.7796394164719259,-2.7147824788857475,-0.40663370755573336,-0.003331511619725729
1.1713897949761531,1.9738014966697655,-0.7137467604184824,-1.0573641461351897
-1.3894295270979446,-1.5132006761286705,0.7472024831469742,0.7822159706186076
-3.8377310464900263,-4.487299563391248,-1.8247856568330953,-2.2393077641626054
3.5852792952597645,2.118022633103961,-0.31732822861397314,1.6573599359576496
1.3497821900698548,2.102505712178611,-1.290659775784872,0.35114595096109463
-1.457051938031274,-1.9602379055503563,0.5720066089264504,1.4200928957634482
-1.654320742595751,-3.4371136116073933,-0.016689074922250215,0.5198424807058157
1.2762005052327305,2.636370788898002,0.10099459147164332,0.4799727797504556
-1.256934594455379,-0.8569952120569492,0.4894234721663167,0.6042984416632105
1.125932954884383,0.36529851892705917,1.3499392056109814,0.44176875020081247
3.0619303185050213,-2.3759735475478867,-2.8785561259462646,-0.1489323827230537
3.2372836585766747,-1.1192861830087146,1.1951413958277737,-0.033148695323806245
1.4779307989852417,3.7994089698215205,-0.4286930949823404,-1.1726247334762994
-3.1308408260668266,2.033789124962164,1.7987652296127947,-1.6295972016391407
-3.25492691915875,1.5166241050528613,-1.9018579975629202,-2.502958297171385
1.158306888206518,0.9920328063364916,-0.755661481317275,2.0446190570291902
3.407885545284064,0.7119124640997165,-0.7747222150416891,0.7080765607161627
-1.1347395445806385,1.1148319827503137,-1.0271968147508155,1.6287411100993523
-3.347161203590626,0.13435852007216512,0.9101620856991236,-1.4247780558386671
3.21365988927296,-1.238259954802513,0.8127005371270795,0.312098253267083
-1.1032572864701018,0.7572837762600831,1.2082413148448181,1.372418536515793
-3.309368433147565,0.023507784679795436,0.7317656757876065,0.6295302722223006
-3.2281139911474397,1.2177927559528003,-1.98024479729619,-0.9008548022039007
-0.9505464496135143,1.7799097838179818,-2.7410244506848103,-0.6464204066970399
3.3338717849432564,0.3791335098578743,-0.9820026241094705,-0.63836468981648
3.6912774211304518,2.729589497817738,-0.5734915473634302,0.21075714876216056
1.2543468262822561,2.0361813765593078,-0.8186117297847564,0.6976310232350909
0.927968859606503,-1.842647260574222,1.6294428780620691,-2.9636971553549967
-3.1797990571692436,1.9500274275611986,-0.6490287297166406,0.9530840171849218
1.1686492272729048,0.8415467026343727,-2.5786904421733836,-1.752235214581543
3.0549684923115565,-2.352182091110596,0.5958571044074449,-0.06151892083777397
-1.0237341226989993,2.048422660896146,-0.9956508239367721,0.6916042370659712
-3.4570059841700167,-0.8237075443956158,0.8772902441323458,-0.5171099688338595
-3.3939136206586364,0.4301531356135492,-0.582116885710404,2.099597354400031
-1.1865261123130713,0.06778609898644214,-1.570538026034871,-1.030994852886903
-0.7667536242858703,4.326088040791108,-0.049236156030679615,-0.6278155774711996
-1.1695435799966054,0.7756287769425764,-1.9389889157031892,0.22365720904883385
-3.6018515360129593,-2.299810512151768,0.24383758271183317,0.8253635661948958
0.9755194508345907,-0.8597198423541743,-2.4418449947232492,0.777247582429203
1.3303501096394594,2.8121765409407575,-0.7445386063947846,-0.7062998375843301
0.7212973275859259,-3.0541327739191733,-0.2012440255346116,0.28185448512536093
3.5150894072687975,1.602949774747245,-1.1589151833702431,0.21770472839043903
-1.132474791554342,1.3697591875528123,2.361344700428079,-0.9475679019097163
0.579121770705656,-3.8908391526357327,0.033448422252523764,0.3945898046854732
1.0875778246318561,0.07155058020738204,1.6356887635533954,0.722475861750399
-3.534442140387447,-2.074225934573739,0.12990333666679035,0.9776422424378394
0.843216696984227,-2.035048222756433,0.801393300364902,1.9158059944207242
-1.4732128413873253,-1.9001547235947571,-0.012700640609918674,-0.8439051852817224
-0.7527603420310721,4.340468052240721,-0.14246424061646418,-0.6303048911923116
-1.5760481634167214,-2.2304473472547772,0.8103880556995965,0.2947702244603177
-1.5924733554438701,-2.871458461769951,0.6543495604596976,1.5498142322930237
2.9970615185548466,-2.8452892450825895,0.4570493131860509,-0.22140626253845172
1.2334267072376142,1.3411192625429986,-1.3047001734771393,1.3374732017521795
-3.5803135544936002,-1.9491486613447977,0.723784332451057,0.5453364551403111
-3.6306309552117764,-2.1534294206763005,-2.683250598491765,0.19361653538032325
3.4155770016565117,0.41746788316625294,1.7394817874807373,0.9210017745587111
-1.0223171598175083,1.147246911285902,0.737019326678736,0.6834435886718879
1.0562695978049503,0.7630669499169975,1.793304378288595,-1.9577605382816572
-1.086241947261835,0.9531440447096119,1.6689157548611193,1.032336089587607
-3.460287428179908,-1.2585146697923026,-3.5004937815839114,-0.7272161756331075
-3.6797708324588068,-2.7028645625738617,-3.692423979288182,-1.2475606365870917
3.2713099185889747,-0.6989467304630879,0.9065555129996912,-1.5484220378016953
-1.4769569217702294,-2.4350824865702863,1.514001826625684,-3.235628591946672
-0.7878551021224695,3.8407259298234426,-1.4847851494094833,-1.628892017311389
-1.278982791326413,-0.049421120601907245,1.603637970610969,0.6450224139913397
-1.5240360343022028,-1.3097997500089964,-1.1161665940796839,-0.14110633554236326
1.0021775935828867,0.13393818784753947,-1.4849827980699708,-0.3807890237926622
-1.5123190960671054,-2.2680589459914917,0.8031018019497165,1.7420047477071643
3.172135826033785,-0.7509543375333748,1.4456387988451656,-1.6240656145806531
3.361665139688218,-0.33216443901064235,0.9533254376294744,-0.16347571060549404
3.3370380617857496,-0.004876585183897597,1.6633249802479981,-0.5010686872671746
-3.5534427052067916,-2.128675676038842,0.5586943684650493,0.5317026951510645
-0.7672862373897598,4.423076910377673,0.2141255868808888,-0.19051574269475577
0.6076876269088801,-2.190480192316964,-0.9264273246364937,0.04088873809082001
3.2844839353521413,-0.42912762618712624,1.1721303987058243,-0.24168113879208772
1.3344988779933296,2.2245462531781945,-1.7289322982918915,-0.4771749567828321
0.9199967984471732,-1.614915012082483,0.6071269319841317,1.6587310428911617
-3.4535568827465637,-0.4553885885848632,1.4974951542721917,-0.840115701445225
-3.511065769375685,-1.128731178067408,-1.8624593340792417,0.5555902141035515
3.2230875963819705,-1.621289540625621,0.8058858141519354,0.863590800602972
-1.0395313845534566,1.6252165519107196,2.0573560101247734,0.38055611901755093
-2.854144147576597,4.290663202277573,-0.1822753847317541,-0.7016813084085309
-3.514752299120712,-0.33795829352036516,1.5698900528707624,-1.2270611097501176
-3.430276529563924,-1.1286736026270978,0.6021895482542329,1.7081070774157
-1.201707632526864,0.4051803118929059,0.18217813688409346,1.5906247385886088
-3.2133442261425995,1.6755814598549201,2.4158693008854115,-0.9562091056147206
0.7533090521814058,-2.80867916947094,-2.2390440758196064,-0.9258123461077306
-0.7193141085502672,4.811122384991693,0.5846039217691754,0.3377428131731844
3.7436355046648275,3.4894289142327644,-0.7942285196084463,-0.8362178102076013
3.283752641782787,-0.6112317616726113,1.5809661315817343,0.5336188157513471
3.336068256964412,0.5780455758994149,-0.2029342390301019,1.4870029872708739
1.32439205747746,2.3395515089759953,-1.3683905198544801,-0.021691523076262934
3.171433958590586,-0.6836605106943259,1.7256777741488505,-1.1574290580827944
-3.554408931177462,-1.1891674383280455,-2.231499719286473,-0.5547421407671743
-1.092336750323906,1.5616502569337252,-1.3311835223805146,0.06739343463627276
1.4812942320235964,3.873074828370434,-0.18902446655226063,0.07375147316866762
3.4262446546186838,-0.4679815044991368,0.5264480906301803,1.675028265524273
-1.1125711636813536,1.2318157092951885,-1.9446866909264249,-0.8365161960724862
-1.3450190188423332,-0.49398250107968006,0.6907481993901444,-1.116791661966121
1.1214766086669357,1.0652547700623751,-1.0901844590095797,0.3908731528734868
-3.5225239580213787,-1.0073098723536267,0.9206282918091364,-0.6050959969118411
-3.1607559761567825,2.597226423821599,-0.2265956579437236,-0.0468275788966619
1.0597404068164396,-0.0453416769802479,1.0444528025289943,-0.1147432896573406
0.7897881696615637,-2.282118025250624,1.0875431458267724,2.211428076875491
-3.6867196300039975,-2.918172997483226,-0.1575001269451535,0.2160855972783615
-1.4452646102778361,-1.3412355059872885,0.7485641686051676,-1.8989858809655134
3.304503809957594,-0.7068959652580611,0.8146563120788645,0.5288590147968916
0.8561661373969847,-2.29832502495583,1.5683745337825212,-3.123092214003329
3.31513487432353,-0.0013224181796402117,-1.62377642037094,0.47712051218545193
1.1542050594988094,0.7970096887983223,-2.583104184850711,-1.791448157141304
3.2175936574951005,-1.4950739073588608,1.1417254155484275,1.287246975840612
-3.528853486174412,-1.1540144639879901,1.4898863310658905,1.4189821964736733
-1.125182012883082,1.5551002701606438,-1.2385855732635567,0.08092142662057804
3.013722703225191,-2.1467112997661504,-2.179716967008179,-0.7327747975241105
1.3207822239886722,1.7474695001155882,-0.9958844198530785,2.1001967949632214
-1.060492277049184,1.288493325780316,1.0087332266076476,-0.12825279076176724
-1.1430879112504122,1.0255821505093259,1.726704486529624,-0.24871677534289507
-3.2581630580760406,2.0510406870141016,0.02005536338601674,0.1388860474896106
0.55954517834963,-4.193940393167151,-2.7683071496933693,-1.846483106785069
-1.1935387459517908,0.29190385301147453,-1.9319131089674992,1.4861999314691698
3.210426134714207,-1.043452471523826,-1.3306491540318666,1.1591657454476634
-1.0211274684559937,1.4433281291331734,-1.0538533746041474,3.215709821779858
2.842972378068271,-4.129050682769897,0.10635545373447437,0.3480551862016024
-2.8380466722147295,4.62694992121986,0.6144314934022282,1.4764660206647442
-3.356343619060648,0.18805891362779578,-1.7993635503178513,0.3628048037017958
1.202496115725846,1.5712334510447956,-0.9486152446801877,0.5554668183492883
1.2991029758269592,2.50955333644947,-1.3540680509138487,-1.6140812608094917
0.8154318223828566,-2.189589787751569,0.2583113423478095,1.0086587762556567
0.912689355753527,-1.469597188016075,0.8577512446336202,0.8329397539058264
3.4088481851602643,0.8837826080739793,1.846669527334102,-1.8522745023799818
3.243760470649463,-0.9709506078400595,-2.762721657207119,-1.0745874521509657
-3.602206909154195,-1.6617409974856951,-1.7510149557349062,1.6333039525512003
-1.419451758641009,-1.7602100116667805,0.4639870874819579,0.28511343396076083
-3.4658583858091725,-0.9789172654283861,-1.7546719306136662,1.8752100944908547
0.6484425654469224,-3.4684150254362636,0.26574106689217347,0.9816256917708105
1.0252922583558024,-0.3234594022799602,1.5832945829283158,0.5776042167894773
-1.4016887834036718,-1.3145603424258216,0.5875203556989816,0.20692204789913596
-3.3285741372975597,0.28063793105915985,1.363517942150348,0.2989836170766058
-3.514601807517176,-1.5277953387177443,1.0309333193445818,1.1014827038075283
-3.308909834575184,0.6954355151206322,-1.1151194380656608,1.4017403616589752
-1.0142524093188268,2.1415825769857872,2.1177678126431037,-1.089094050813929
3.0752485389103104,-2.683041829787234,0.5905725755202853,0.5082434604708191
3.078164323492822,-2.154684625760911,-2.0554537368634755,1.2173923413771375
-1.3237376187510455,-0.6989294197840786,-2.112822774135861,1.2131343269763706
-1.1126088255211857,1.2086592909390168,-1.5355203480219595,0.7970042159276705
1.3475970566032793,2.1168651989768117,-1.1271542936330508,1.5928628602509067
-3.298895727633827,-0.16948404791916605,0.9605843769199075,1.1893821711625492
-3.6432541860769465,-2.4260937658195934,-3.384212273377045,-0.7062881482278276
-1.4973894597458564,-2.458485627021506,0.02603388148920385,-0.3813116163312041
1.1284115213131962,0.6152822571966071,1.795874238403311,0.9365683050698009
3.0442533546154236,-2.2817799084202766,-3.2074224407778362,-2.0032730177313525
-3.723740513166723,-3.1702598387494736,-0.015254285498536276,0.5628638380206339
-3.1229450145789546,2.88736966253926,0.044233360989650986,-0.8180575748409564
-1.3685063203231438,-0.34451191112200596,-1.5847301922514472,-0.6079968075076507
1.2972195241973858,2.818960108692988,-0.07878988455323138,0.09308808083851385
-1.180912613833931,1.220991818160107,2.225283499241516,-0.21211596324240142
1.045917690810443,0.29923042610566764,-1.3007814456233346,0.9124553173125368
-3.623228653403726,-2.2233389970586157,0.6874680600141425,0.4443290568128746
-3.468843883173183,-0.9438495429266874,0.861085379192487,-0.5535133119864909
3.3762048535528857,0.6331925640855572,1.901027087009056,-0.6845937707335626
-1.5882808780979567,-1.9533845051533663,-1.9549604381515422,-0.3483190391661696
3.6468398343781625,2.8731366381093837,-0.5160091428674229,-1.4403191645860283
-1.131453874079028,1.6679364204200795,-0.13110076748503205,1.7561273101524872
1.3893145769350204,3.4127253002402,-0.25069800688543764,-0.09944972958233896
-3.3313504536641667,0.9384343455253836,-0.5806487042130417,1.0537781231135979
-3.573364988077601,-1.4132944427750538,-1.8135031079067685,1.706902840862461
1.1053679908845708,0.8235185965652464,-0.4589808207794009,2.3603953406129707
-1.5683181130503931,-2.61602387782966,0.9201333091849353,0.7662575035602197
-3.5935504918266323,-2.3617910258965753,-0.17959648592281593,0.41784460746054686
0.9181886077243907,-1.3464141200811723,0.6193104422658353,0.268471771639735
-3.5768393540531647,-1.4164765907503623,-1.6707367143092164,1.662073429353973
-0.7595598310794709,3.894683027853054,-0.49127372195511304,0.5053959639257666
-0.9354298979947279,3.434515771485052,0.23751122041316583,0.6970065394400787
1.03956189742018,0.23521234095441534,-1.1930261895529672,0.08695118150088882
-1.0740922818671186,1.8826007288837656,-0.7594475208058277,-0.21502588108466567
-0.7387553833367432,4.70296670974776,0.5700963925330526,0.29859803659365797
-0.989285617678423,2.23264702851628,-1.2422602798244653,0.3127530806692801
-3.295736296771321,1.1023198552342608,-1.3317284965271978,-0.14315791153735
-1.1275878369256696,1.3191452956467964,-0.5162270940060137,1.2143483871636842
-3.2925672729225917,0.04188299608615134,-2.391160299824458,0.9827045234972994
-1.107630165217822,1.2782949552588003,2.010983805750315,0.24948524525931445
-3.4638220796610724,-0.6832287127686811,-2.7563236831197635,-1.183271427707747
1.0174598914441908,0.3532393461200672,1.8272859953814253,-0.8460177554349344
-1.1360345794246158,0.9458669373088199,-2.188090031149968,-0.15173616056842
1.1379293057345754,0.2176026697853511,-2.0491443235246156,1.5877149338323775
-3.3989858585375363,-0.658435385681304,-2.8032839040318343,0.3370408803663321
0.8115400756723044,-0.5562099033156501,-0.920617800337474,-1.4802091313240924
-1.198136806526966,0.9280299675716241,1.9564518343109962,-1.5252939941447967
0.945454291837827,-0.5590610369026798,-2.7638451556005914,-2.274986325746654
-3.4860140462500504,-1.0904058975343573,-2.292268401666341,0.9871298628842068
3.3928792207640015,0.3103442119566295,-1.4054737863690536,1.0308014824255178
3.3811278982464947,0.6876657207289837,2.1587901389440343,-0.2559322242925921
3.1998952210234255,-1.9014242334659985,0.5101072090649049,1.6098814499508394
3.0057486477466093,-3.0071350891394215,0.7776474419806471,1.600496542056817
-3.081592686891459,2.3998684732917988,1.8274616847196863,-0.6966138538273323
-3.364613065906837,-0.35661622265018594,1.1162161949094915,0.08743573525895335
0.7675852452967228,-1.202318359065983,-1.045930894982699,-0.004687298202133048
-3.3414879934757598,0.7353866199031006,1.9720461159471776,-1.6814253407336952
-1.587182879473723,-2.314871352000863,1.0501383174031111,0.6710340580457604
3.2311405918046887,-0.881777655213963,-1.3094583575510301,1.2186461394630972
0.7987780789085865,-2.290669783382132,0.7671269965994706,1.8239486867590489
3.1405800264785246,-1.4771675464019962,-1.3700630499877011,2.2838833593102352
-1.1532238566420026,1.1969248660892127,1.807917240406197,-0.6102610567599541
-1.0585807734707764,1.9082430643519108,1.9113866068774092,-1.619938971882793
-1.4812215443645051,-2.2022630477573504,0.05921722698747209,-0.2923511367556839
-3.310080050256641,0.5166079649390746,-2.41876842668483,-1.5682698953362504
1.0669754300795844,0.44229633103603094,-1.5534780725279185,0.5219851265439145
0.9537995099622824,-0.13474381060672916,1.4911660255279546,-1.4622902643671607
-1.2590681657100993,0.20493510008988144,-2.0149280004400167,0.01760874283740807
1.5265220200569103,4.107589046082041,-0.4766379289013482,-0.2327642973254107
-3.1908075267734315,2.312392687000506,-0.3597983200636858,-0.15361318518447056
3.518779690908575,1.7686460622337319,-0.3830295999962173,0.2528430133908533
-3.3864208682434396,0.09959149887907418,1.5704884583538767,-0.6414612515427968
3.222355729169045,-0.7247618869621034,1.5672008027185445,-0.7579714577628192
1.343882001307695,2.553297274849454,-0.6336134938133628,0.0858903286129663
1.175074073659387,0.7680674207727597,1.3156484112231495,-0.6732440132519018
1.4026184826758301,3.5998023569216544,0.20864147768987837,-0.44209378766703067
0.9820385195023913,-0.573694952633027,0.7027481434317482,-0.7477039447875068
0.8770535282931393,-1.2270158868534216,0.7105193015922023,-0.9648837465955367
-0.9738212917533462,3.23158578794744,0.4610785450355116,1.0302524975225233
-0.7664002326525022,4.3569068475741375,-0.4324672913486054,-0.26434844651258194
-3.541621705941049,-0.9126896137039163,0.9315987825011915,-0.5718543013813997
0.8785671324493545,-1.7899082570821387,1.2748013538111407,0.1984810050251755
-0.9218880244476991,3.251747254619425,-0.451121446370552,-0.16755222486332613
1.0430464860772695,-0.2032895509907039,0.7519676477839754,-0.6113520083075992
-0.9425067420088414,2.811960025309383,2.6872275157927676,0.770008545988305
3.1600820073727993,-1.5476681659827747,0.956090934321441,-0.6129131978837207
-1.6387483533762681,-2.5226716660076463,-0.4578134781335849,0.13452352052334723
-3.4642976707042683,0.04019864049347555,-0.950853370986975,0.32518117014828185
1.1382761333980762,0.5031527378976911,1.3682066976240899,0.4867846949953267
2.8998904903369933,-2.9678698965228727,-1.2490335927622993,2.130835859573217
-1.006516255947544,2.0048215184455755,-0.7443113623401814,1.080022589142842
-3.5567716932744973,-0.6546919155282694,-1.042330618416966,0.07229987003948936
3.1555912158360098,-1.243105646898573,1.3145236093791333,-0.1274253268507312
-3.3481273919926386,-0.26719123718961457,-1.9104449379274249,1.7242490532842898
3.3807124150259136,0.33302019701949115,1.5234270734538984,0.4381722151767142
3.614527006541246,2.670353197467121,-0.20496270872570904,0.15373833295234005
0.7385707234576264,-2.725378551128993,-3.6254235327222903,-1.1367605266471326
-1.5473831609353328,-2.260914765346727,-1.608702017832583,-1.4274005239208964
-0.9117242639663066,2.994604721220098,-0.476543441909892,1.386398730200514
-3.887511309385888,-4.1222612257233235,0.7744955571073506,1.4263196193494982
-3.7218071416546423,-3.21608218528297,-0.29246387520435635,0.10300993203901042
-3.2574944699567836,1.5962373340505585,-0.9746905823210876,-1.269217465138388
-3.625515682900629,-2.173029890929632,0.6909942010957534,0.2528945951546437
1.0929636003410659,0.3686627654046877,1.6081061859662171,-0.40264852911069615
1.469900633026171,4.01618211270176,0.6022916847755792,1.3743842314195824
1.2774955028275483,2.411058756944555,-1.0481920488352374,-1.259058646448771
-1.1545331086852897,1.3479435995207545,1.7198059624752386,-1.013308934692878
-1.0072010157444715,1.7062232028372641,-0.7011762555144436,3.7040386707516735
-1.0104678593999303,2.4150380453719174,-0.369930212687409,0.3632167534185465
-0.9785756493646344,2.2702494100536423,-1.487871049758589,-0.08071224066870238
1.3509810567004519,2.0930138128747133,-1.291849183413105,0.34846278053265767
-3.3748623580860477,0.631775363206424,-0.8716932526528555,0.5312797104226102
3.105801464469815,-1.9664716475909572,0.9188373665015181,0.5140417541370335
3.090309311326933,-2.719388047554469,-0.12026775732809275,0.4647683055127447
3.214242326009957,-1.1111134053922669,1.5148706343294454,0.3534288723357573
1.2302674865973604,1.4305763720365412,2.9292104313179483,-0.839164373668693
1.2166703785350885,1.852781273307569,-0.4080200022881869,0.21885563913342967
-3.3534644257620685,-0.03898489810254572,-1.3029518352673755,1.3454650546545166
0.8057251909630392,-1.8711832537274624,-3.1893027130989577,-1.9077569825878637
-1.3217598302018319,-0.6535814811227917,-2.3767183082019137,0.7629469071578406
-3.595145427718637,-1.6153090042642582,1.1782673509068988,0.8415329182978327
-3.4902646315658936,-0.2517776392891219,-1.3349352835059143,-0.19939574232266125
-1.5711026463841975,-1.9766141508329103,1.2603225375656202,-1.3087669361822254
1.1727904783829495,2.0251939168916437,0.0872536500095253,0.24866316168375818
3.334434342867013,0.2520894928299447,-0.9053070262885317,0.5695332290733307
-3.6808921496967746,-1.9321118515332536,0.06999829857996503,-0.18699959683713618
1.345586831831074,3.177174383490721,-0.031598416689220456,0.223443265634683
1.103066881838945,1.0341816145866065,-0.10535232753521306,-1.9519633200035365
1.2488624001195505,1.6513314551701979,-0.48334320743669995,1.455133426080591
1.3707661070424935,3.3190445380854112,0.10287415265503305,-0.5198585030241512
-1.6937401499593494,-4.126590489466326,-1.7440312665203284,-2.054216797879906
1.0328184224186314,-1.0049579362210972,0.2555191742203229,0.2020970289781341
3.3871623824682784,1.4061889034932407,-0.23086774278688416,-0.3515601936018211
-3.588262822567695,-1.7001647635565063,-2.624311401912536,0.3565197936445339
-3.2978689498804767,1.0097831796141523,2.0968128825918217,-0.33470810213473506
0.6547258791343377,-3.4132178824094908,0.09699967793734077,0.567490384451351
1.063511157200196,0.056218538194127865,1.2208054739655556,-0.9287061480953448
1.2780373805880796,2.2125146550107977,-0.5444268549280358,1.1675414290224466
-3.669819632769399,-2.5273202112607582,0.6451905933348806,0.11544527083059455
0.8602113571744118,-1.4153376104463484,-1.6480534283459245,1.8401749656195057
-1.4877185985354315,-2.220759499096257,0.4902171722905152,1.3776647888774356
3.3430241425185225,-0.8990168031845598,0.7386446613905643,1.9778863324073446
0.8187299095939206,-1.51278754143768,-1.4987732939411005,0.9530152984054345
0.6721157241397836,-3.4286302419552763,-0.5013640738341786,-0.26149301960627247
-0.9376749673181586,2.6532975987817053,-1.0913341726501824,0.4730130336285839
-1.0433403466800566,1.8930004516407495,-0.4403266715589222,1.4236369678543432
3.0090290640073643,-2.6209079667598965,0.995865295927828,-0.5774147842869206
-3.2607254847778306,1.0207346953740122,-2.277973271284563,-1.4170996312770117
3.397149176044666,0.33158798981706894,1.7955392454934438,0.8821580126669756
-1.684688560078265,-3.62354994313725,-0.04194411537563682,0.4573276558954435
0.9726747790413542,-0.4719146382685556,-2.339270952372247,-0.6045039100731489
1.1020488576403984,0.11768385527403205,1.207026074744651,1.1482806622993418
-3.4641421614400434,-0.6186168262093061,0.9723134289009893,-0.46590435702454003
1.0176977791145358,-0.20292676348310834,1.097525411166881,-0.19890312425554552
-0.9641028844973913,3.1307565471389402,-0.20909488428928663,-1.0555704346622325
-3.189096874309561,1.566074441831238,-1.8871752383089067,-0.8251810703185962
-3.3238038316724086,0.9044206279073147,1.8302545926250335,-0.7648944457666844
-0.9687352779671252,1.0798820603056551,0.6581033028560278,2.1236546566548813
-1.1110232670341784,1.4631839104210518,-1.0731000992241242,0.47785433005236766
-3.4513352718505925,-0.5812531897141638,1.4127267333778515,-0.8607274410867147
-1.1476582470298047,0.976476470089499,1.9712733673614504,0.13946593528228055
1.0499431156056893,0.6152628129901713,-0.8914753298622493,-0.6079247024762925
-1.2961525860732102,-0.7449298297313698,-0.7209330585719866,-2.751166305909112
0.648510228238362,-3.355151519232653,0.3754155536285829,1.0331536079222998
-1.0110985316348002,2.08552978343539,-0.6653060925659642,1.08421201674939
1.196324988215601,0.7000766063196487,-1.7985343344142497,0.9093320469158138
3.1546782119047703,-1.3748891760720163,0.7273873036244408,-0.9671917688030808
-1.5920029697295477,-2.3648912686432704,0.5911385413758713,-0.23214885567545154
-1.2314046450985678,-0.22916806501239806,0.9826431517180921,1.007806760532159
-3.630718726642401,-2.09230110926056,0.613509637844252,-0.9765426245314596
0.9214421656955477,-0.11300402661971057,2.247543455599851,-1.4830526632965362
3.159457784225383,-1.0831555635607235,-1.2449993690175158,0.9416934641214966
-3.5799347088929663,-1.3682681483290755,1.048605231742013,-0.30233078016591586
3.39576941320379,0.760601203234307,1.9177802570470799,-0.6363923377019828
3.491429782717021,1.2422925349459535,-0.4539069186086585,1.3143581273238116
0.9307272530088667,-0.14151412551338186,-1.7789196853910272,0.38173146563776367
1.1515081668977847,0.8520872283287635,1.9911479021507281,0.1589290625088831
0.9329962867445777,-1.0871948304878996,0.9999314584306931,0.766512680878073
1.4420216563391952,3.0513199487593154,-0.6620695576182031,0.2579838695897693
-3.3999991464111354,-0.5084281008172647,1.0548041723705497,0.8010061386013092
2.7764689863806065,-4.827193308629657,-0.12822703947910216,0.1457386729084038
0.8558689789072023,-1.389064495326073,1.1904947788486402,-0.2137071425635426
-3.6841892211914864,-2.0376291502269583,0.9682599392482197,-1.7984910831401328
-1.01752965250443,2.233408561914066,-0.6254904634560041,1.1718599836606918
-3.46412458854662,-0.8370640622895439,-2.1633110786002723,1.0812440933060765
0.6037915417789038,-3.0321740844258267,1.0597807530619443,0.44785768609866344
1.2697758451019523,2.1528191743336893,-0.8030417098527454,0.737375706583282
0.7346671866287469,-2.6707559064836817,0.7854844518839095,1.661394645156229
-3.172603142294272,2.3529913557485114,-0.6916669543860468,-1.8085933850462947
-0.846540552332897,2.843734313524949,-0.8904865222641186,2.2264520047692127
-1.1072523749931567,1.47238714508421,-0.40874540594505104,2.5289814136669087
1.212708632036274,2.0736694542465024,-0.32092664887867633,-0.11704031811511509
3.1412533265409572,-1.695397518400907,-2.1708072139713326,0.9498075295695554
-1.3851628466989907,-0.2922936381009071,1.3591563267739737,-1.557097330169042
3.055795913766566,-1.6240934794285447,-1.5205528760238527,0.2805075100983964
-1.2602214374858853,0.43750727910126563,1.8979265873350963,-0.052307107065053884
1.065823723858511,-0.11984873452836421,1.69791548152838,1.9125967148629741
-1.1159837219586024,0.7235796499523144,-2.880823424635796,-1.0369827769883744
-1.16145766377493,0.04560658613495661,1.1102593687355775,2.5786498646566662
0.6359064348026998,-3.02698160422492,0.9921954021427372,0.4834265245760479
-1.1305266268594165,0.6425146088833892,1.3559654051213168,0.4801958190523197
-0.8745200928140304,3.7200629815542756,-0.24627093377347314,-0.04827463650220836
-1.53677009163415,-2.073675601137059,0.995471515915794,-0.49978961833726915
-3.6416314135717105,-2.4563726032412605,0.22212652716469505,0.7702855689531883
3.056466419880632,-1.9647399639474494,0.8994447897323734,-0.7728069722489299
0.8783913646457294,-1.8453616881699382,0.7398610433805326,0.7221377710258753
-3.214102058088652,0.4405535593958988,0.7880483472165428,0.7887178394895582
1.497991994708355,4.064702055893847,0.08680867548276987,0.5481742691283086
-1.3160960028638276,-0.14944236726806906,-1.7158024732509192,0.30720680906642206
-1.0259479996546952,2.3787449565648187,-1.4080440871578617,-1.715247533401548
1.162618359296261,0.9599956200712183,2.092581816570054,1.4560890905253514
-1.2562359148445772,-0.17543371620492676,-2.0418243910759006,1.3767414342863507
1.2199361388250716,0.39108173410968544,1.0370855049665362,1.5284141829044788
3.1257109089326005,-1.8241070166788838,0.7348771942556259,0.10137997219193966
0.7578018141284678,-2.472324339532842,-2.217228849923775,-2.301632149436615
0.9246855230627553,-0.9134774014427326,1.0689686328119494,0.7768037364004914
-1.4078384167478233,-1.6510511726841126,0.8847617077773418,1.9749121764525124
2.9415066077374243,-3.24237170259829,0.1329768744157878,-0.8080404635199979
3.1221445435866175,-1.7214265801084234,-1.0822238499383738,2.58555592186928
0.7217841732479962,-2.4023642251810133,0.8242997561579939,0.29639034875604886
0.7834292537934265,-2.4144127612006603,0.5483515176856223,1.3118926082620326
0.9753093730366224,-0.9248441574264917,0.5881137892417961,-0.8439394759628064
-1.1720471920997386,1.32670935560068,-0.5140944761439457,-0.03213928759561019
-3.2173160295067578,2.3199310093172376,-0.03161376703312706,-1.0220273811934453
0.9812403991058691,-0.40226838153567124,1.255080494145016,-1.087449936031983
2.9027981709767365,-3.6752826468659108,0.6888404889711335,1.3591789078850827
-1.0288680459638933,2.5704048459886555,-0.6291405276778044,-1.6719219044074534
-1.082754246986043,1.6813971579707143,1.784865257865727,-1.6950616161101224
3.410595817602206,0.502555611684873,-1.2168279581987953,0.2465687252944366
-0.9675566383430159,1.760225285649263,-2.4718515956536296,-0.22150388443943486
3.214263372305287,-1.1283789491759337,1.600012142243755,1.6061688552795907
1.485795886660127,3.5379711688107163,2.7333106169838373,-0.16941301803526518
3.5602788077919767,2.3017019993514842,-0.504668078258138,-0.386708053559841
-1.1843297670961321,0.2697568830064852,-1.8937057771394978,0.7112020096792839
3.289503873251747,0.2788881982127729,-0.49360747087378765,0.9723139091665295
-3.39877055631673,-0.6876143258607773,0.46177573867000243,-0.05510360656995895
-3.251273870253664,0.6631070824032842,1.2322731650269165,-0.8299294082482459
-3.316847961722786,0.5696515815233956,-1.3143879377472973,0.09077268339995644
-3.5158140213167455,-0.82632798807888,1.6505038066680078,-0.5073774327868732
3.0144879751832114,-2.8524351601507196,0.9608104003373961,0.806855377444841
-1.2792239641774286,-0.392242667296989,0.968308026149513,-0.3029749960605002
-3.7012869202420613,-2.9469663980831378,0.17715731581017286,-0.20568947970624638
-0.9881723256814331,2.6864381751414865,1.0342590538619063,-0.980815871701938
3.458212970650754,1.5134604266906855,-1.4025845689697158,-1.9635236905685498
0.961348788307662,-0.3964917035131125,1.9125348303423442,0.9678290558518734
0.6317041682204336,-3.331022139811417,0.1750325900631381,0.5751337921038142
-3.619060486588192,-2.357148336352734,0.6019223885019731,0.419370744061764
3.2016355168846102,-1.9729967417947725,0.25042859713646753,1.176359386077084
1.1291398051264998,0.4218483897054722,1.1064035684197746,0.05419847842606381
-0.8919571893695641,3.4931218174944494,-0.5955437010700432,-0.5122976482700662
3.5482695577709267,1.905893073157698,2.3016617230605654,-1.1017469973386727
2.9226514102099377,-3.7149284256194686,-0.15764298302380275,0.11372404935544868
3.266716015483194,-0.4716838638142805,-1.5097783508443692,0.749312771414219
1.0970761877210116,0.04992384593389241,0.9477400482213015,0.7130619435227072
2.979355021690583,-2.7731298168017684,0.724719308979943,-1.0425254471350223
-3.437918384158798,-0.1338597079176869,-2.160171843177894,-1.3866419433856172
1.3295626491530834,1.5121775999290579,1.5962414080504694,2.1104567227965756
-1.2545855173685432,0.3254618967022002,-1.1306962291450375,1.3273094189043633
-3.3615700664002492,0.7257010805271376,1.8540869934091309,-0.8867833543609599
-3.496662473843936,-0.460292551428879,-2.203983769416738,-1.5045139637200993
-3.60167560599044,-2.45105835708025,-0.44159450935117706,-0.02684274284516936
-0.93467492051901,2.7145655618313786,-0.4721920195799798,0.517723771512175
3.7719138328771136,3.9669093554865005,0.5447583493934584,0.15685698795264508
3.2791113688591516,-1.3166830570608474,0.9161957932564578,0.9456847540983007
1.0102715058622445,-0.5294394874064956,1.324258812023268,1.3778066032874265
-1.567616377512088,-2.271070045795879,-2.5914417123480114,0.17756163781925383
3.1182271932798002,-1.9302317917666423,0.8368603773706685,-0.7338936111604513
1.3373885265674754,2.9689112157673625,-0.2892656914225661,-1.0604650365643271
-3.1935163862340876,1.9082101029346334,-0.70264433574319,0.9903672412736241
3.2094998445329614,-1.119251926759526,0.9379882271265176,-0.4393815078145561
-3.5812171688029504,-2.1506097679400726,0.19422406365208128,0.9066543453297058
0.7241002669545478,-3.0016716137656743,-0.010067785974014578,-0.5173391783604105
2.966035447575425,-3.0996664325168393,0.15174360617403934,-0.75247577842989
-3.837753948336213,-3.975952008616875,0.2243994714470178,0.6908358720014282
1.1359712736757224,0.5686030184402164,1.4715182474406965,0.5242011619144418
-3.558350786551659,-1.0028902681917111,1.7617857940236847,0.6290740254713844
-1.1751391696259423,1.278806757309643,2.2327768351096378,-0.19081036208975322
3.1354943614789965,-1.7467583787063714,1.1986513386820747,1.000880345910008
-0.9559545290781821,1.919918109179749,1.342707970735994,0.5211728979180795
0.8281685749736513,-1.3115792851882822,-1.6574337162250181,0.38335557054343483
-3.4697170569578577,-0.7524805461779278,0.6084997726919311,-0.9266377791297152
3.5955031859689885,2.037325733162951,-1.1003266084535446,0.3723813184287503
1.4160095885807198,3.3881284689358653,-0.48374046322409375,-1.3155924836123811
3.3086425823245977,0.25387807993830885,2.014366813332625,-1.6816200888141752
0.8673143214360206,-1.6705992674985204,0.305459220560102,-0.3023787859125309
3.348611357217438,-0.19294891407709444,1.0611896705159294,-0.108044122370289
-1.2939066090099465,-1.1194317513474703,0.20400803589596378,0.10065636253522602
-1.1506278020480118,1.1946180636034494,1.7201835751041095,-1.866731785395265
-3.3410532741987566,0.12925997961740496,-2.6482415677643947,-0.8924110333865743
-3.436362890462352,-0.652924041229055,1.2377419023750416,1.212085289364909
2.874728786793542,-3.734392143103263,0.06755285524562143,-0.9798764830057773
3.2015489652041405,-0.811244095102244,2.0779068832915817,0.05927839137576939
3.1126595925558154,-2.0029663642590503,0.5685949462922609,0.07917617576412646
1.0062606203138647,-0.10681724870050256,-1.9452391140755982,-0.05858844226748639
0.7881635144217273,-1.0100422101348785,2.2157708498973516,-0.5469374596183936
1.0221598880755352,-0.07876316939371415,1.7048199364445809,0.6716560951283249
2.9718469862917947,-3.324554786013433,0.0698299733764273,0.6867444670082172
1.396961229852033,2.999250900431031,-0.2552690444506094,0.6306482555170718
-3.433555646946781,-0.21537736842943184,1.7792584562549036,-0.3446166073261849
-1.0045822801364743,1.9994080125928297,-0.995430724485341,0.6671412592168142
3.4973742931201217,1.5200786224064071,-1.1694867535708127,0.17930259935998893
-3.815214720263047,-3.8439443371078132,-0.626737753129641,-0.5291615823426666
-0.9690912640343593,3.1005693371315965,-0.21315636420422884,-1.066076783590443
-1.5188350963143908,-2.1937613177648614,-2.2170059787783467,-2.2613203195586897
0.7305736527529275,-2.054136796391695,1.1232503284874449,-0.427946313081105
3.2254804573858338,-0.1826170331423954,0.21669183339460135,-1.4536770266237349
-1.0117964814199634,2.4068591867045974,-0.37068981376701365,0.3562018567256324
3.044979700808113,-3.0640258786373713,0.10491948396110155,0.7953998889586917
-1.1942899107831333,0.31173903325954977,-2.5898147020476157,-0.7698746493294835
-1.2813600624776618,-0.29700429449614313,1.5509416723736145,0.5208213287763658
1.0176939405490655,-0.12160103930972994,1.1768111202971308,-0.19417719678559098
1.1920675628191268,1.3348287660631453,1.6141742235296466,-0.9112455162830438
-1.2869572971903747,-0.4000546568176739,-2.07150297618322,1.2958262721115097
2.8809331036949497,-3.8054801828117872,-1.670088891808781,-0.4295375612622082
3.0942518153784677,-2.7220691066376266,0.1508547253882627,0.9108714767761732
1.3105690399476748,2.9841206289961,0.12677481750643316,-0.6623280117031213
-3.3291392510919144,0.9079088635524124,1.8303899873820437,-0.7632059597075167
1.4085737678439478,2.8725613520511164,-0.8492553193287345,1.040188419850026
3.489560083279367,1.1468847097875463,-1.8354236348928146,-0.8053546807717269
1.3640017863713565,2.42481067166178,-1.4307318011293517,0.03745716103818793
-1.2937438299412565,-0.5076098271308251,-2.3569320635729443,0.8143366548820636
3.131481565767559,-1.3239728432726596,1.8253015289844052,0.6975750586514946
-0.9414290794362485,2.6155731140968546,-1.0069760429656027,-0.3729406781908768
-1.3117532156283438,-0.8920364463511014,0.8987330757843472,0.972506920205998
-3.5886305693964826,-0.8114617296586113,-1.1504927899260564,-1.2477407450170255
-3.276856984610926,1.084335939564058,1.8551315834052697,-0.6999547073392332
3.1323666049470975,-2.185635489634569,0.6151701312823266,1.4551327565807115
-0.9651907264242305,3.0428743262867015,-0.6556619744406623,-0.6739229827367412
-1.1263559550690558,1.5410666874824759,-0.8048055853167342,-0.33861183903586534
1.3279624921006663,2.915243292209176,-0.6359457348277412,-0.6623553113616519
1.23059985840957,1.0827123485762145,1.1071079185816073,-0.9683769680642917
0.8405664219229663,-2.1012411535420275,0.7926427628544547,1.895942663231993
-1.4230727928464963,-1.5721515427126216,-1.175664782980632,0.6998615321992339
1.3887781940293003,3.5055832331571293,0.5341132288218082,1.192299186265193
-3.247305925115169,1.7479285911838263,-0.6840231126232748,-0.7661636351704413
-3.4536624643376053,-0.4042955060100294,1.8418581331086692,0.8466458888198359
3.4841481506881293,0.974005272171374,2.0440486068243158,0.26017606417311034
-1.4275324209051974,-0.7918517899304984,-2.072432461879613,-0.3797302141439267
0.9343603888202733,-1.2653733343095546,-2.81459651492959,0.24764366201157728
1.2327365288248804,2.265430330827996,-0.2954895400383757,-0.05299204564762009
0.9992990199615465,-0.24723335393923238,1.5263519605848999,-0.6256593730365204
-3.2308651506915487,1.4305776588573365,-1.0369212539185395,0.38724786831343533
-3.082575316552773,2.4698897573851637,-0.7144894094641779,-0.06062946424684
3.4173958189067744,1.2162978260625301,-0.1193625287557741,1.7225770967175464
-3.5294979611160744,-1.7551871547091973,0.5661039264598515,1.4340108508222085
-1.3491315192671942,-1.1978681922909873,0.9425717102810477,2.1615320896176278
-3.4079828139750945,-0.08921523004527428,-1.4903135793482476,0.6802448939574891
-0.8653670713468337,3.532350245930137,-0.9356290861139812,-0.9160037132680792
0.9499572551842146,-0.04174701829386195,2.0249883508246898,-0.5776975187646708
1.0334753380352621,0.3027467839973408,-2.0320067480001165,-1.1225872800799903
-3.1963665195999127,1.5720858302816287,-1.3636669275530677,0.018797685665718645
0.5422601213050996,-4.129688361981916,0.3623031736384309,-0.07783681749087425
3.2191207100179775,-1.125285951501259,0.4152572575075123,-1.29150162463112
-1.158807555167458,1.1161127879097537,-0.4562950261726224,2.4047492668257986
-1.2090896550623518,-0.03514021677859388,-2.368411776263166,1.0117953631403513
0.9948590798942637,-0.6284369656441202,-1.9765194228776632,0.4487385172577639
-3.2549195686168493,1.9478226285893687,-0.31274962668225903,-0.27974381516265595
3.7503431572864736,3.516151712504089,-0.2685101341445839,0.028513309377826198
-0.8861193248122596,3.017270485927054,2.057957802116085,-1.2081675279594648
2.8202737671557654,-4.209666867320325,0.617833271648095,1.1658076828375705
-2.871029375919017,4.456528853572483,0.5039169257666312,0.1586968802374721
-1.2793152912412555,-0.7095477313240268,-3.1225439048505264,-0.033362874203166026
-3.2983490764059007,0.6620106782728811,-1.2146937424294562,1.3843006566021419
3.2486018607364535,-1.163209881368054,0.8437733226822874,-0.46556586524715665
1.0899239487515107,0.7610905195644482,-1.1305155348466456,0.289213035032584
-3.3408324637263718,0.8599353136702168,-0.6093375557814041,-0.25591934346160855
3.588452001062619,2.058551431123945,2.0030199496101377,-1.4313674351222854
0.6378853964209292,-2.504839883148115,1.6326599520200809,0.20282894160178044
-1.300472489656626,0.5427814004169197,1.8638130449021966,-0.9125753859043713
3.047028503095355,-1.8865826390519966,-1.8734876316954723,-0.20072721898716195
-1.2848749096602305,-0.5144377486914592,-0.3447707623726132,-2.255092091943847
1.2434436375989701,1.6852954115542127,1.9098681426416784,-0.37534128558734636
-1.2266632763998937,-0.17100690407993785,0.5633591817609286,0.18748084820541253
-3.3072370095254304,1.7107286402270772,-0.2968841151308537,-0.42356876601042237
2.94447676251694,-3.227381665396519,-0.11601317661862347,-1.2076943773437363
3.0821777651713043,-2.67876656971309,0.31912039999017333,0.07587526937215804
1.3168833652933074,2.014639013024418,-0.9569025204947462,0.7363350518433395
1.300020754453666,1.8107224096067518,-1.6901614954786583,0.630388482039835
-3.387578139112804,-0.05864325130073517,1.406963321601846,-0.6510675026660376
1.0781952294583672,0.6887034865139129,1.6005440161614184,-1.1655377003503051
0.9200939902268032,-0.8419694850783179,-2.3881195003561198,-0.7395777704542735
0.8225524007073333,-2.253719918422919,0.2505347863339934,0.986746388890454
3.127209268639395,-1.495368710211479,1.233312319276842,-0.15987452826766996
-3.3480799857367893,0.35115612812893643,-1.6344997083438595,0.36956640361704185
3.1018804375827416,-2.5616675102623607,0.2465042180676984,0.9381495196792959
-1.0237888619223472,2.6808846578622507,-0.09236447655967467,-0.7849286948873022
-3.6888935589154954,-3.0768349658964813,-0.0016838913028997774,0.5949943909200032
3.2606105215626906,-0.49015355721685033,-1.2614563706066506,1.148639615964828
0.9703402135344763,-0.6831444204682465,0.6881361181939343,-0.7832760231730524
-3.6274417385143316,-2.311027695447694,0.49168358744500884,1.2323533936352753
-1.6048040824617213,-2.2871494110627393,-0.17499997639137688,0.6171610425239009
-3.3180648405193223,0.643685339609404,1.6418912957048444,-0.4432015130320347
1.2023477451269657,1.4382663695733142,-1.3112804046927362,0.08566679106654934
-1.0290592711030586,1.9479446047334197,-1.5304184420659843,-0.20120515920871204
-1.1304177012141752,1.477594897799978,1.737368750805674,-0.9679975638415149
-1.1007993193121501,0.7849611724409375,1.4626329459229968,1.7900884344079306
-1.644360281029955,-3.445887680177438,-0.28925597679802034,0.07824620259786512
3.1125368996400935,-1.6737789574463047,1.5268510126772346,1.4065546766160677
-3.430579942527496,-0.7812531080100302,0.5376558407611922,-0.9203285026131811
-3.2900594923929547,0.5145627679298597,1.1918203933002256,-0.07899238081902081
-3.473092434250035,-1.1943169274559886,0.5704928596498695,0.1970493548744486
3.1564967149857166,-1.554884679077372,1.2926408043827287,1.047842374800261
1.269070942038955,1.8650806528620518,1.5957121914446284,-1.9789840190316326
3.288966396972551,0.0020326860224240476,1.5456509367583313,-1.3507364871379952
-1.6371635644206861,-2.3758688757701405,0.8409115600174073,-1.0677696302188546
1.0708723665883764,0.13671246034185547,1.1424656302119502,-0.07322717916447939
-3.754749241034099,-3.837135004632938,-1.7392644244740116,-2.004036258381609
-1.3871672836924607,-0.9827948491089904,-2.836790857281377,-1.206048370656545
-3.4212098893348935,-0.10186207286762436,1.8814842709446984,0.9542236886455446
3.1647237933483487,-1.4248120972010625,1.4732241547356775,0.238804737691988
-1.0523504769859187,1.7260411700685658,-1.1475016081450495,1.3630009366043017
1.4307480978859761,3.765935983598876,0.5689674255659706,1.2844079418774532
1.0309767208491953,-0.32048920078385706,1.3334587454559959,0.16718138549466716
0.9986237173929203,-0.7760757682289401,0.6958437593007334,0.4609824261882805
-1.0967383838452986,1.4435428910349954,1.0684285011469496,-1.7796346449120075
0.8621985252688147,-1.1977567387515278,1.2366964764395445,-0.11418526513381327
0.6371021205893682,-3.3574214007318184,0.5385824605694561,0.17464718621389558
-3.306542641260162,0.4892168111724141,-1.3239950568428835,0.06233287549415785
0.9324349461308767,-0.8039870622851526,0.7670581049736017,-0.8219304339172403
-1.3956594985353312,-1.752006979101418,0.20695468595242628,1.1319355643680342
-3.328382910016208,0.7662958561575908,1.7169389685737708,-0.8216868835925
1.2236648057405572,0.8618965290122674,1.5094863409363175,1.876060108796785
1.4827077744253814,3.8082540054613285,-0.42744498403380266,-1.1682269524579907
1.0709729974360984,0.04672250902760352,-1.2035665428111664,2.774939130771825
3.409929768693421,1.2511175017513507,-1.1662493352801553,-1.6153255685854717
-3.3572698548379654,0.20436142454113773,-1.797420053897659,0.36932654028088324
-1.2874957795512183,0.018855918302658082,1.9316266807158597,1.053214416703714
-1.1117921305250877,0.9164571325086533,1.0484872526775988,-1.0904463495963426
-1.1063007545573105,1.2422934139246613,-1.530940346584447,0.80849791891307
3.553493146971022,1.8657008205201653,-0.6886826517658489,-0.09961538775937125
0.8713810964946761,-1.4563530304201031,0.9506445135355298,0.6329832144815285
-3.592254720677217,-1.3825537060278326,-2.1835840517366965,-0.6409896818885095
0.7856819614190415,-1.6641394338686502,-2.4975377011850726,-1.03955177474844
2.8077533573176363,-4.247294311871215,0.5257914291724389,-0.11409212901749351
3.4628930621506493,1.0977927803971494,-1.3206545960341847,0.02940453967610321
1.1922531181190823,2.1359729313682734,-0.42110744148596607,-0.5520760996319203
0.8293593355301476,-1.587901789339483,1.502301723266376,1.3820635045112155
-3.3995508887885633,-0.4197987934031047,0.93101844545155,-0.37468137855668626
1.1072216216073445,0.5782142144009892,1.9549069604713614,0.05675886406468579
-3.114994908573455,1.7673476240095811,1.7930185316408653,-0.040806271056698984
0.7993842549603376,-2.450615488726326,0.22487958075682377,0.913704941872481
0.8648174168639041,-1.7266473619033282,-2.118268488942945,-2.035284857770402
-1.31893041326087,-0.6697394545800915,0.9314883848669183,-0.40211364367033964
1.0719911702816198,0.9472336886896212,-0.2780467954485982,0.30206689867555986
0.7845800437389525,-2.338606905185607,-3.574594032297147,-0.9982983648081801
-1.4698366542134311,-2.418082883297594,-1.1936939824861588,-2.509430866313651
1.0694650707147564,0.7211711649830564,2.126726160350992,-0.30505685098980034
3.4082943421674248,1.0013426633430749,2.1119250350766503,-1.3991865756832869
-1.131945941882702,1.0127338638243817,-1.907683520772256,0.31251598877957826
0.8885264650370016,-1.5885553837567803,0.8416196740267488,0.7903294890225221
-3.5736709145658256,-2.0099878577592185,-3.6003472969187484,-0.9975060945954892
-1.041823581697297,1.9679467182584067,-1.4541392128913906,-0.2151742655603365
-3.3166877691259575,-0.2502540521203286,-1.6562078277536652,2.1411950178269605
3.1768090370879074,-1.0842245739701124,1.4509043711825544,-0.8642879758681516
-1.1727903597723341,0.6462077775992768,1.357914743583047,-0.7700433554893426
2.737608383828013,-5.958578390237964,0.5449012190398903,-2.4640704551311217
0.7319136495977743,-2.711597018657039,0.9436778205508991,0.7960248347714763
0.9313660770120336,-1.09750434160836,-2.2229697377814013,1.098393677143488
-1.3133440504699359,-0.40015807543187076,0.9604942067592083,-0.30254194033391896
3.0945796457849752,-2.187518336653102,1.1410053212604674,0.8467302812510867
3.0537745025274505,-2.210503586175911,-1.8947565282225123,-2.987417534117414
-3.5950061597503997,-1.2989539276533677,0.9496098595623566,-0.7353085890015856
-3.402057217605401,0.18772771954976034,-0.6130136613078818,2.0136795367663773
-1.0675247540568975,1.5041785817440256,2.041396604627525,0.32953817232106386
0.8587125169688601,-1.2270065238190644,0.886053035920583,-0.536719710830068
0.8820826717654731,-1.7524723205817252,-3.2245601336745278,-0.3457565868637158
-1.2646570139535023,-0.19555767652413328,1.5161608020005675,0.6175059839757228
-3.5918941434345166,-1.9744501858648613,-2.9785797704739423,-0.1275886153247278
-3.071032887895791,3.0948702027581896,-0.24701472304580765,-1.127140782088263
1.0365503069870698,-0.19583167658148196,1.023921536797901,-0.1626075159265548
1.245734136718482,1.303812557719943,-1.83143502144163,0.47678385431806247
1.019559222512063,0.3783707974982766,1.8304941351408681,-0.8364051308681735
1.050780008915254,-0.30241470604788906,-1.8457780689568644,1.8276544089562032
0.817797819647623,-0.7656670798438565,1.4742770682781725,-1.7124194088823819
1.2751295921244805,2.074581179807785,2.2192712875676657,-1.076472009282848
-1.5576884908257236,-2.055815265867871,0.7411264741242184,-0.9024442684979789
1.2822749445481032,2.457059429095516,-1.0420989725469267,-1.2436002256866745
-1.2937940731457163,-0.3733414719341942,1.6276778168534645,1.7569677863070277
1.3679486129727276,3.1331813099182995,-0.17981614060764087,0.25721537959707846
-3.2781405546735716,1.1833100218553783,-1.59220028936343,-0.5581447954201842
2.961378023801876,-2.8793443767543874,0.5947710798469563,-0.2826623554708194
-3.795470820006074,-3.4552108604852556,0.3402939448376731,0.8157095753038255
1.0021798883833617,-0.43496588567012207,-1.7208077479706037,1.7280346601469647
-3.476367819295993,-0.0036445456011643305,2.0287900623864017,-0.7093131036669768
2.9348796274513442,-3.3700842469608174,0.8921876946779517,0.6177698212964784
-0.9636261648656995,2.75053584344073,-1.6299281347905477,-2.0244682061914347
3.0113790261388047,-2.6997327709244927,0.20422851469788816,-0.6097570438655604
-3.599544736273397,-1.5328088333440366,-0.6310222600571829,-0.016465813249532606
-3.3550595723216254,0.6521433671453849,1.7098601345564164,-2.115711413393499
-1.1229564650986872,1.5313330868996573,-0.9903842745941039,0.4767815654455951
0.942277820076268,-0.8848965916677277,1.2582401104475964,-0.035271821652823505
3.120878921010763,-1.5704325416089475,1.223657953262078,-0.18773744047553265
3.4236306316495377,0.458244639758878,1.8127650289612343,0.9273718411126395
3.6394858271607324,1.7892889540591905,1.6706378015584187,1.0210997740944947
-0.7593819466124799,4.400009520006696,-0.22404777933266032,0.21664540386557893
-3.040459485517107,2.7122503846065165,-0.681974110462369,0.026124986771545466
-1.6006847371762591,-3.2161989728525278,-0.5090126453512916,-0.2477408243746259
1.4026612386032349,3.031690536121133,-0.16364831879778016,1.9016899260397684
-3.4031588962705777,-0.3217408591271719,1.0117783197558168,-0.34940820951132506
-1.3247941360755997,-1.1752625647773933,0.6293470058384559,1.7543387523526692
-1.0321562884503594,1.647518157628871,-1.3004293151128152,1.3877120946271837
-1.0723371382389466,1.76970968014187,2.0693418332242715,-1.2361775024888488
-3.2236928218815772,0.8704229684456067,1.0089837529698937,-1.1648878589026301
1.4009722515291276,3.397852284473358,-0.32110455471123345,-0.07987936528992262
-0.8919411620127127,3.6013968635131213,-0.14650338514549832,-0.8862505476508686
-3.061861046871542,3.0056292058363066,-0.9650766055129554,-1.1859898789771106
-3.3949725202347354,0.5967672462127406,2.10840833560777,-0.4969970977431821
-1.0070958107002639,2.711809114805881,-0.6989222879094735,-0.7970351183360949
0.5431687649203387,-4.638226386977759,-1.7756410944173031,-2.1760396236205213
-1.1252834177386792,0.8883651912897296,1.5667631708036285,-0.2507926985283027
3.3874381619820144,0.867587746502273,-0.16481866337845436,1.600247167962071
3.244333691519943,-1.015007710213015,-2.0800413961915476,1.1903997937980388
3.0113155504717914,-2.082193069393249,-1.6493045812702436,0.1404957444906564
0.7996568500139508,-1.8157398285373243,0.949906260534083,0.44892916795008564
-1.4044547860808052,-1.235226942578176,0.7610474680313736,-0.6185556006051096
-1.133433344229733,0.9496680769028227,1.6488090759101581,-0.25431874795937903
1.1778200518312747,0.8515195559718145,0.9882915255370521,-0.2445716698558372
0.8832255633916333,-1.7441363543997785,-3.223465312452793,-0.3426711644000436
0.87541999322038,-1.790941011381178,-3.229725902980159,-0.3594544662197806
-1.3827783421432378,-1.0695643085953426,1.2159561159188104,1.1248305163652388
3.28458789907561,-0.40680397035029675,1.4257324279170966,0.17407524911097688
-1.2695767237021827,-1.0367226119351274,-2.3856167015828955,-0.7622145312939222
2.9661996863490616,-3.407946428512423,0.13397445244292294,0.6298273494347322
-3.6104040859058757,-1.8931886383603427,0.8709205307188168,0.30057147686222035
1.4456066052765792,3.8488513019195145,0.32901497661304896,0.9100444219982776
1.0686524874207755,0.6167581065034263,-0.825561567797138,-2.9037519700230425
-0.8383161163381098,3.4312996134804683,-0.4182984418788379,1.5453988295647476
3.356855874249584,0.6372754956413429,-0.7173762132840333,0.6638669995622932
0.7148352823462168,-2.5529594203525554,0.28295811453792596,-0.6118536273837252
-1.3537447786323382,-0.8742369897833312,-1.794816213370537,0.708170935423398
0.8788376349568471,-0.4947001768016319,-2.370347047928738,-3.5455445763832407
-0.9220598561594037,2.917527547574267,-1.681979057378512,-1.9352859234801114
-3.151739607125214,0.6924388860031813,-2.8957768473651107,0.41144763579045857
-1.316745878104017,-0.16484278274091665,1.9070935729234615,0.9877207809284372
3.434619672004507,1.1364409543840117,2.2867794508088886,-0.11873754156487118
-3.2341880413320143,1.6180153650392728,2.4071594978317146,-0.9713508376526526
3.71889107971835,2.948418577761713,-0.29395090861879625,0.6979976129713343
-1.2841613142904396,-0.40806838119816025,1.0531232702427105,0.9534624140709418
3.329747301748993,-0.06793362135100652,-1.9035581085205484,0.017148035028205062
-3.503285871670844,-1.024752710764444,1.5077238781652953,1.4610725142670564
-1.1813195834155406,0.7991551005005915,-1.0675027934203882,1.4957131170041171
-3.5400020050351704,-1.036509387371299,1.187791543861967,-0.1738626774941415
-1.0389799248075922,0.9611393614674765,-2.5553886885112203,0.9925408398585126
-1.1065008180242155,1.0109191049849044,-0.8795613027439921,2.182370039727228
1.181655661080758,0.6982331093920714,1.7194023272281105,0.9421662181214536
-3.632219665036267,-1.7465348835263987,1.0944784026027705,-0.43278089274997844
-1.2464369871937102,0.23019866873918446,1.4378743260316573,0.27729020767280504
3.4170764781912135,0.9683909393800544,-0.7209210050030991,0.8397764702120595
1.064773631777984,0.3248860357390959,2.0081194603498562,1.2272857047829147
3.508482998102088,2.192782003397571,0.14542067465058417,0.3738285663232244
-0.9467336799141126,2.9673707559445446,-1.2822076132872247,-1.5609101894134945
-3.541285937639726,-1.3632150896469255,1.125151997700421,-0.3255343046147725
1.30661999646869,2.7561836327110596,-0.2302775440012702,0.12339620234800858
3.2645173169320376,-0.49471665432706335,1.6854031744373266,0.5842376820161255
-0.9192853310980166,2.7260396966581233,2.195824146609278,-0.8795714596276549
3.3602414305307184,0.1578559611451756,-1.5133133322056225,-0.28554996495815277
0.7180787879759807,-2.5334004798732033,0.6250124852860506,-1.0217208535671312
-1.085466307176058,1.6026794252443166,1.775033845449173,-1.7254687313868153
1.3955064810133262,3.358216870527269,-0.4875137952367063,-1.3386210823778582
1.045925043805138,-0.5317402578533404,0.4568050347231416,0.11118400361071099
-3.2776419353419297,0.4423446383943892,1.3643870598483792,0.3268805590509384
0.9291985579194303,-0.4851315325615,-1.9962275010577992,-0.19808248093152706
-1.4562337440735476,-0.8063506425446895,1.4547705435921807,-2.5944703828551874
3.290967273515391,-0.03153220128410703,1.7174282979124103,-0.9277259347412808
-3.670115776320956,-2.8389246342517,0.10364424709809061,0.657430995044251
0.8013921160892202,-1.1188033455174629,1.3604691321319518,-1.8194070416759127
-3.3502961847933275,0.7845735330956183,1.6112536534071775,-1.2736198502710645
-1.0949044566409551,1.7580539045867274,-0.43818494143191206,1.4091908617809228
-3.596763945866071,-1.8314850293230474,0.3973498566981656,-1.2935529756147186
-2.9001148260243133,4.255050108478641,0.3140973224242233,0.9327778745283306
2.794798284836867,-4.576134734765928,-0.2716829338338796,-0.19959768849267293
-1.1272705656610362,1.732723149389304,-0.12337878792714956,1.7868838951050696
-1.4806105737919508,-2.1002498695251433,0.553763144710967,1.3638128734535049
-3.202376761829967,1.2167158819914505,1.7198315030834965,-0.24123972422654638
3.2592198980386318,-0.41565453071359726,-1.1564344470445092,1.182800085705939
1.0317796757069644,0.4841750460725064,2.0952889998623534,-0.3921455909188263
-1.0666427842171935,1.843363896410424,1.901837977339897,-1.6308317375808379
-3.57368504769249,-2.2277359069122413,0.11008783673466385,0.9054236943976067
0.9056671644827654,-1.432924022668401,0.33686025170922057,-0.21314869234582454
-1.1362061900930533,1.2618831218499087,1.4789459462068988,-2.255293469848493
-3.5448622993832193,-0.4727301668264203,1.967682424539034,-0.8916445672363152
3.665394399397913,3.124969735871882,-0.13692837721428167,-0.9350978377618167
3.294009716600455,-0.8547598366477455,1.1162401918448661,0.8496697278364465
3.044317529411193,-2.8829291575581473,0.47533302688667983,1.2609588034018668
-1.0668334348537243,1.7688744372362537,-1.1198997301510194,-0.6709267646223078
-3.467659585593684,-1.2089982578545648,0.638397153869428,1.6213251371029904
3.1910086010135026,-1.935998062511952,0.41820903639536977,0.33624107231497996
-3.302743784850666,0.7918863855003995,-1.305546521423166,0.9728786618902346
-1.203172887204261,0.25261446734490145,1.7107893107558236,1.9805491193781748
-1.2294157540212596,0.4412256622998537,-1.2078572715315,0.11948672410139202
-3.386813381237848,-0.011837589773886357,1.574565320826893,0.6037635706673204
-1.1850013333615348,1.1310767406100548,-0.7720442681788168,0.775640754037437
-0.8850312302873888,2.9661195137132297,-0.9607009039171508,-0.24097090067347343
-3.3433635581977827,0.12930397525399318,1.2481998697113055,0.23543785168166156
3.6399641316919635,1.866265186302345,1.9312991554690795,1.4541770129871432
-3.508162918340567,-0.8788511063333627,1.2575027341521117,-0.177712799759985
0.6929870075346715,-3.21029057008851,0.04954660322942621,0.6664231729769489
-3.489712625667608,-0.6214635017046284,-1.6358125802119414,0.5135859400662122
3.739093720954466,3.478036455060255,-0.18461641237567863,-0.8170768280236378
-1.0566927979534617,1.6755083165029123,-0.7008742386349601,2.221566274114144
-3.1727200600931456,1.2917928643359884,-1.1296270976669496,1.612606931094141
-1.3400903837359033,-0.6526302585058495,0.6560136494762755,-0.8374991091133422
-1.2467175463920492,0.5184037122222097,1.4675230869067994,-1.2635214716429146
1.0176969116649128,-0.0391549044248026,1.6223785359453753,-0.574538569278767
-3.683106803947333,-2.870249171789116,0.37103266095805604,1.0846182912545386
-1.277874553514741,-0.024251227133496762,1.5199293712640058,-0.6096086281978861
1.3653800377037766,2.4842127859427547,-1.1723024373349142,0.4651235954694662
3.019658791712123,-2.286492598527299,-1.4086028796801127,1.9701135380662764
-1.2071879294605639,0.8283799722057072,1.7590024134529016,-0.7425036937354598
-3.2605579092171393,1.165230492299251,-1.6685117596331343,-0.5371780040743881
0.9828298556143495,-0.5145640806232707,1.1454479461094709,-1.1366400856833223
-1.0888248670162257,1.5300694005313735,-1.5861432967954412,-0.34705346683476024
-1.4423814383833093,-1.2494503680042648,1.2598737889773837,1.031317905599693
3.0571628875751826,-2.4274859295458175,0.7633318372642752,0.3351970736799776
3.014451436772317,-2.1799102779852833,-2.258421768884554,-0.7214617868892146
-3.6091897421213623,-2.426008607439238,0.34290958338883815,-0.012191353684693897
0.9058316386917511,-1.5662913045292137,0.8452897998460747,0.798150626599878
-0.9159205772903323,2.451626598549135,-1.0300974733917596,0.8227129791514202
2.98620688866517,-2.8542092541266566,0.6187578885189381,-1.0742979050641088
-1.5239614763364602,-1.9712193745322584,-2.5518924065087423,0.28804664348444237
3.230446130639001,-0.9255316042842671,-1.227713882757764,2.462364439500014
1.5650426925517655,4.363124783564906,-0.10300513053024433,-0.5606869763937667
3.388549246644601,0.6121934287568566,-0.9732975101057217,1.4982485868359428
3.001355456486983,-2.766251530540525,0.1952023227362196,-0.6313751261755982
1.0140650882887272,-1.209803249528571,-2.372308977968947,-0.7640886508919201
3.7775046657990803,3.3091519854610185,-0.24544086484981248,0.8232323465277773
1.011365194825357,-0.170840105240117,1.6234546343375935,0.6654279414852955
-3.4789671529683206,-1.585969778849034,-2.147587604438543,-0.5893396734201333
-3.5594032336934993,-1.6877296158494022,0.6682477276378711,-0.8367543208147391
-0.9474991669007424,3.228139262107165,-0.3103288844848788,-0.24049225327380683
-1.2022700979900631,0.9300655675485106,-0.8936670858298922,0.693666339999952
3.5923616621499703,2.133607366949535,2.1478212936137884,-0.2002593569601299
3.209986653270236,-1.389587232947222,0.7247332055452157,0.27880568669483585
-3.627145038010707,-2.573486133061375,0.13886239815865978,0.75533880474178
-3.7268375068571933,-2.755800333686386,0.3625125810629975,-0.3696320879333378
1.092634071875472,1.0630853605092925,2.4035832285195746,-1.0609828437318687
1.0476478551327504,0.19910250133639434,-1.3822219433023695,0.8995469370628906
0.6607117687704853,-2.5425726527791057,-0.8981198995498548,-0.7287909901481281
-3.4836371448612735,-0.8376032900196886,-1.641221544030302,1.9226979865756941
-3.731495604196147,-3.124579770616094,0.33630541646611545,0.998446576338065
3.1863487662553522,-1.9248993367219274,0.6022798011953077,1.608336343907613
3.1290170944320987,-1.7606199512725367,-2.2752203918891944,0.9174301853068952
1.1617537233704498,1.4272013540285715,2.2886254834034854,-0.07199039216129383
1.3081847527112094,1.9927980298795138,-0.9599040101633673,0.7263864975861402
3.5737317371486648,1.153074950419604,-1.541560968638022,2.3843276697355273
-1.2711131030223874,-0.01149696604253777,1.6088231537023772,0.6581883853924205
-3.593025057189017,-1.8176187699305846,-2.639059622003485,0.311678783367547
-1.1696479468598917,0.676500358461553,1.3621624042417384,-0.7627532463404593
3.3161564338486933,-0.5578792955382101,1.1540089841775731,0.963185557476093
-3.368753121206766,-0.5369994801987666,0.6580292339428678,0.434256639530001
3.217554177928452,-1.1944347028183464,-3.063305381006194,-1.6020199547847331
-3.1794092613734715,2.4891233718219663,-0.24045651539721175,-0.09332544073537967
0.8287568276844663,-1.567117456740938,1.4180132425678291,0.12517700546362184
-0.9302006509828599,3.2293473973554376,-0.20325412811758964,0.22854251556730004
-0.8713571758563508,3.053278614869208,-0.6982041246824678,0.1969956288738833
3.265584411030177,-0.7269586134863397,1.240773447760909,0.10926412542260391
1.0364815198591542,0.04308861971392508,1.7207708696173833,0.7159429392593091
1.2728472600987526,2.7953767046085067,0.3521147267283723,-0.32350151352002
-3.711213288216522,-2.4164876389648184,1.0719826250186066,0.5541870859810609
-3.417226968646342,0.19391452460845396,1.4651402952281314,-1.4659100330029102
1.2042001464453462,1.5878091976873496,1.904013864410869,-1.6604655734530076
2.942948459158483,-2.7272270953704365,0.8874248642541139,-1.878789809150687
-3.486238125409193,-0.6301184028637417,1.289459093847563,-0.08438109987497337
-1.03528807819399,2.6787013633671144,-0.2695132480978753,-1.2156883693466414
-1.3727438201398345,-1.6051836180679917,0.47706411988955366,1.595378871763072
0.7917806998680067,-2.1273265060077455,0.42880972872799755,-1.2836017121252163
-0.8803511148711738,2.9686572132914133,-0.9600889574871074,-0.24079596655837138
-1.472550354091495,-2.079036218620399,0.7404959722195662,0.5630673141496751
1.1928089725119948,1.542940582520946,-1.1548685793135212,0.07436094407990967
3.318942741845137,0.1577291938150285,-1.6962967184988063,-0.7185917593640816
0.9458354758447475,-1.3193162711740207,-3.438818945524915,-0.6312140506174
-1.5837720845179661,-2.8485569439754777,0.31952710688350633,-0.10832819326195622
-0.9259864842074609,2.84695498965561,-0.29318770190261084,1.7999089376376431
-1.1327680731491296,0.9859015188942905,-1.4755084736215054,-0.11139618912075361
-1.0717306246329192,1.4364645677598284,1.7818780384676587,-0.10226955621587244
0.6986260560127612,-2.4108854088409113,1.0548997996348168,-0.5853445323204963
0.840105820154326,-2.110740942458862,0.5410254222403738,1.479949626641437
3.0154151350827436,-2.899889278047941,-3.3410136737233413,-0.6973846883730566
-1.0290204961274363,1.8489816463040412,-0.6775988991329752,2.2821217746059115
-1.4738467041265935,-1.8043689663583116,0.6858905533545907,-0.8189184139540824
1.0278353403686928,-0.620559106884102,0.6291886230697659,-0.7383226382106325
-1.4215283107135697,-1.6980316785499727,0.7918552649485983,0.6871550757669844
-3.6248728437069184,-2.5197512339030936,-0.20034682810082086,0.3535070761889205
-3.0987389027479697,2.9583480181559505,0.14147960994516232,0.46843179480180264
0.8906484569981492,-1.1059767707196628,0.9775105415583285,-0.5178218916911962
0.821380545574654,-2.384684563158363,-0.11243732986848247,0.5238863576838145
1.3882881933600353,3.1029319615455506,-1.2276995672967417,-1.451141205162699
-2.9906726525641636,3.578184975796236,0.06817086954941647,-0.5430467692666308
0.6428058200706271,-3.651160106381458,-0.5307658684685631,-0.3409712509327577
0.984157741510083,-0.24650615429794054,1.5945835322992419,-0.6475205037741385
-1.1892592874076116,0.7250215908060951,0.6538847924892094,-2.421627452955564
-1.129324728283152,0.7714947077214671,1.4415622200465472,0.4986526490291889
2.9554944552092266,-3.480822741161947,0.04929262723600189,0.632179927016695
1.3344560655895727,2.4011891159552645,-1.0884895386941056,0.4425023086742186
-3.5638782681662304,-1.7292871888879005,-3.218125214255065,-0.48141845868315675
3.444958862309804,0.2760724590926454,1.3804489187579339,0.4682528231269685
-3.26996765415079,1.1657319799455799,-0.8956734351545866,0.7207834144094217
-1.59204156258017,-2.8795235352321047,0.315288907570133,-0.12015603830392793
3.5449102340626695,1.913739291543912,-0.27621742700836,1.5637792138795812
1.3731347957934867,3.262270551426627,-0.1552616811469619,-0.9438427470884071
3.042390484560389,-2.060654145881034,-2.513958020945361,-1.1180542766158423
1.2851698396979898,2.9035387300141053,0.4547421405699662,0.9602363949033695
0.9013402302594166,-1.0359492415125453,0.825048913762544,-1.7296996169314987
3.132431320196781,-1.842661436763099,0.6640750730792229,0.11579187719770076
0.8270809902869489,-1.5385031844915371,1.1705509913225614,-0.270216652045214
-3.6819194668609128,-2.2741640278985833,1.2070011323232326,-0.1924319492192888
0.7753114228942328,-2.397153917357484,-0.9029479417971211,-3.293309112799523
0.9909646299589725,-0.5120730769839141,0.7108511378270476,-0.7247226883828359
3.4024288944418637,0.759701340666549,1.6464217714284228,-1.0798972929104715
3.173849497317985,-2.016569081924356,0.5900533290082663,1.5767414307974512
1.1615951983577713,1.4369816670337314,2.4532090065281333,-0.9181168200002173
3.2556037330790715,-0.7893912659033203,-1.7315390612860024,1.6575835085689363
-1.3848322676239047,-1.0922314189794136,1.2133248835847217,1.1128429225011924
2.994537409909898,-3.2409718002227907,0.4747392269964155,1.091132908416866
-3.529276590972826,-1.0924679611774137,-1.8787454739818423,1.373305455273841
-1.3706399495087125,-0.35888270636383474,-1.4249888585816755,0.6163272534418265
3.581535181816071,1.6107920170479055,2.128605024174601,0.49072762928025904
-1.206974929620755,0.25163931760077674,1.0474194898765996,-0.06706758489046107
-3.605445473040921,-1.7091233069925837,1.0786982501688545,-0.4512668127496789
0.9319589455138813,-0.736187538694165,1.0271434304930323,-0.3997852463612239
-1.3188816959458258,0.003891983877645785,0.8768956269058054,-2.2975673018660543
-2.989371981135915,3.014260877837175,-1.029049031193789,0.49166509075503817
3.201996173334935,-1.2091190088560206,1.5891270088567535,1.5789983822406402
3.540871593629233,1.1738920754506599,1.5883357885400449,0.8027251366479105
2.998500181779328,-3.0101012953447355,0.7766232592663916,1.6029931291022697
0.6742989199633288,-3.1984312580521985,0.6474232192364787,1.4938457758578896
-1.3042514699533303,-0.17832546706641386,1.5861511411747127,0.5994896361605072
-3.358723680362741,0.06381404168970835,-2.385704333681468,-0.4733160905056108
2.974020460617789,-3.3613479099551316,0.5007426918807442,0.26125537789927145
-3.660863302836301,-2.0203322916224176,-1.8862390305935155,0.24591162673418857
3.110009945392803,-1.1314913178210597,-1.1819324460594953,-1.1890025002069764
-3.3517965031819617,-0.34631077962120477,0.7578543064169926,0.47349019751674915
2.9972493197089944,-3.194868134111645,0.00013030001539708418,-0.5265547701586564
3.6840666067217205,2.6313551058915006,2.4175845571856582,0.44268658482465734
3.5218564676326833,1.6592315401153366,-0.6287812608768117,1.084383872085354
0.581924178317856,-3.5535190562573598,0.32640956089807976,-0.5319465867366905
-3.602183162808004,-1.6966850961851299,0.34807001001394666,-2.467078473928894
1.3225625062890598,3.0564502771499598,0.3864918155253568,-0.21942246495516612
-1.198046754002756,-0.30973137175713283,0.9947257042331665,2.476291111201337
3.1940557073187805,-1.6300412621712073,-0.7667857619661541,-2.936577430612332
3.258610614641203,-0.6978815529059886,1.0682092110499712,-0.31565517745617366
3.3054392299166073,-0.23380964124636192,-1.5650971171099883,-0.4269785264746275
3.242198361247705,-1.1098429061328567,0.9458441897123244,-0.43836836961064374
-1.3828369632455126,-1.0837922634779849,0.963780783321538,0.7069580982851555
3.140066376519289,-1.2309397120307028,1.3156233388380765,-0.12734725708181158
-3.4453577959712676,-0.2583946417882319,1.5236245351014674,-0.7818813434577987
-3.5236667865761353,-1.87154285149041,0.3207312774990142,0.18225014182159913
-0.967562313069344,2.2291763317090214,-1.8123610436759556,-0.4786784314967533
-2.9404098813497535,3.7695527814740095,-0.2518957244861781,-0.8891734849927506
-3.3004768951002807,1.0038681305354213,-1.2557703273056442,-1.0018843273405926
-0.9115835966113709,3.3954553033308157,-0.6084115295436457,-0.5517712332111144
3.2082767801593386,-1.0490682576792731,1.1102698784092495,-1.2659941664708352
-1.1459447832228777,0.6875510218858457,1.1050768948080152,0.09007042758009894
-3.5094292106232947,-1.466308558758841,1.0390068322486543,1.122268783686857
2.710396611653475,-5.0161676333081955,0.3553938420302353,-0.3652422604163741
-3.2545540540929636,1.7567419049181183,-0.9550641368773777,-1.2036543416311498
-1.3205194572514163,-0.17091600068215015,-1.7184650534073747,0.2964166543197715
3.2161692827364226,-1.9233189677323244,0.33170259108539,1.1741464616661414
-3.0615040968281155,2.435465049708983,-1.0643830102312195,-0.4871357498660054
1.0950865737461122,0.9087772116188224,1.698149662939728,-1.1119531779046785
0.8754710880651729,-1.2602334878284525,-2.102327253509137,0.9901401625114503
3.256690523195703,-0.8505688716786081,-2.011224591946195,1.198453171598443
1.1283773496245553,0.7797703807131624,-2.240176928446227,-1.3804177714639057
3.74694296434697,2.8541199888216764,-1.3368329993954646,0.24979430348896717
0.8956911930089204,-1.3444926921941336,0.6938877630247048,0.23510818664668276
1.3332569991964227,2.6364541062157802,-1.6087802908108861,-2.002468270437216
3.3481993131215178,-0.4001417114023055,1.0399492907569736,-0.18133656349582797
3.4364008785778055,1.471684066881246,-0.6147873105551077,-0.6865169412243903
-0.9967168618027532,2.1880247525225855,-1.2483204398913867,0.29788139576206657
-1.4097307997832988,-1.1849179953079878,-3.1346422036299573,-1.7242396156442834
-1.043758484362808,1.8832651602863753,-0.35424547236866294,2.678867310852437
3.460163193098131,1.332909640350644,2.225582713262125,-1.3095547067613091
-0.8403135045389672,3.3656176813052263,-0.5618424026637423,0.31782283786693466
3.531741845903596,2.1597979114598576,-0.2728344016416074,-0.033047663942990774
1.045728075916837,0.5759795967486019,1.7691638395975489,-2.023036224711009
3.142744296140698,-2.291231059026859,0.37118454464170597,0.2095579548700857
0.6698183536405307,-2.4941478086767113,1.1536663333324326,-1.4103463907420206
-3.326085576702754,1.2080840519800833,-1.5495680447779459,-2.2545455136111343
-1.5193883935902763,-2.784442403353002,-2.6169489173933362,-1.393362444851781
0.9201028208577589,-0.8371195093818763,1.0131861770615433,-0.4273243379540667
1.2328221332178906,2.5281731872554634,0.4040145046623923,0.838286499307239
3.546962127939871,2.473356616139226,0.1823601211788705,0.476586021085618
-0.9805189351875875,2.32480752005462,-0.9587186240659662,0.7894018361534427
3.180856731413011,-1.9777173341858472,0.8462929663756175,1.9957283793369895
-1.1991755177953585,0.4440194136408233,-1.9822174108960435,0.10664425155336345
0.6227978521800958,-3.8785810205431326,1.359212632894482,-3.6984114445220637
1.3866092053554135,2.747466757726843,-1.0424397984912168,0.5665350121009117
-1.2190253123351225,-0.5019083827066461,0.4471778544527708,1.5566938613186119
2.967189251072888,-3.327116548875312,0.6665665098464602,1.5093882357284965
0.8753171932506731,-0.4528615004888095,1.9700486686360676,-0.7294672613281886
-0.7480101299240388,4.481788955345472,-0.41594401049204377,-0.21884067568752308
0.8929127342638347,-0.7894825641748732,-1.5138245104308967,0.5435290124434947
-3.49463613167982,-1.739269034702075,0.4342609553205173,0.24029810843327745
-1.0033091933742249,1.466419282887454,-1.5726170601897576,2.3752032883815537
-1.0879433984300833,1.020971756256751,1.4009983238621582,0.6123909305883898
1.1489338122991521,0.583603386322588,1.2911510273701823,-0.7387224887931237
-3.4717663437268356,-0.004014674174657063,-1.0438671921356482,-0.9521933681695525
-1.1359936548304532,0.5682143492191225,-2.214403803089482,1.2036908495739753
1.3390280793764562,3.2059801773019356,0.15608232919388507,-0.583486419136329
-0.9847559556889866,2.4911641831231286,-0.7941374387508888,0.7981563548736335
1.1473058993497791,1.0363100208586058,-1.6153950700174746,-0.46436398113862315
0.9984092631496262,-0.5809373841014289,1.2301453185302111,0.09740917444813776
0.9582294843242528,0.1393937914575562,2.2809972856626044,-1.3920325226736585
1.4708006157502496,3.792482044709986,-0.517331670305858,-0.3480566616494193
-3.5642924642462197,-1.974091572433776,0.6524968650676082,0.5592805347404719
1.0604684356661025,0.6485285523868477,2.117255244786847,-0.33221011968832115
3.7634388379931036,3.808565471873986,0.08911142013255152,0.5116775168176453
0.8620194714642173,-0.6185350955028811,-0.7176595693229192,0.6181208020372536
-3.547428752501827,-1.1876822465514427,1.1689383911261855,-0.2339550330449253
-3.536034032322372,-1.3985732982019208,0.9772253920203836,-0.28943385931363125
3.2194333104041823,-0.23053000893884387,2.0171308726029924,-1.8661846587715274
-1.0084286780823901,2.416217662727573,2.2968319911159476,-1.0464101406046558
-1.2683733467893197,-0.2059815592547517,-0.7641196424334887,-1.134097995536625
0.783254420145166,-2.130855487531984,-2.8823293354955863,-0.12341007095250096
-3.377922652682712,0.39261770415501096,-0.9930249163507224,0.44156676823624175
-3.1851197503726456,1.3975042109583198,1.9939125721846247,0.2344564531985248
-3.619746286101372,-1.9890959339509555,0.2876743245682217,-0.5240122680667186
-1.490467906709756,-1.6393784238053855,1.1208431787612585,-0.36235523493982325
-3.0703067815723775,2.9943869003837733,-0.12411545106919011,0.03764779046676049
3.2017976014443756,-1.9017644490033339,0.4228599527457307,0.3507486836810161
-3.4676319687358084,-0.9840406269078641,-2.278489482386442,1.0311689678379716
-1.426596450772114,-1.9334790888651863,0.4336490863446121,1.4720992314711208
-0.8075226635901581,3.9905614275228363,-0.10155073188057322,0.5003142928651876
3.686230857116353,2.7297733807944704,-0.322951117075145,0.6189102472232033
-1.0607674132566196,1.803110359592155,-0.7773402252953592,1.0097570476839828
3.4693536596763517,0.6186149599740515,-1.1094846773548628,1.7581224432071454
1.4449105008465606,3.99290200370944,0.510836043018453,0.10687701301698382
3.710260970400409,3.3232032747436873,-0.2053011649059766,-0.8747586911690136
3.4926751004960512,0.4948872224552808,-1.974811468531889,1.7343609203578858
2.9455082906837524,-3.4833215886043485,0.558672349942625,0.19336864044890464
-1.5211967609031891,-1.6925017396636282,-0.4619964567571306,-4.38800439313302
-3.0755577015464417,3.021784761494977,-1.0380064193850733,-1.1607206098098006
-1.2612612410311692,-0.2298640636516249,1.1249453400243123,0.9572224035978908
-3.407874306750759,-1.0859308576220161,0.7716393241273858,0.8786481958774777
1.5322611989684902,3.9991659856541895,-0.8364253942526643,-0.6876895055227903
-1.1501556033916416,0.4029429011269604,1.1617043351245768,1.2422830506335099
-3.416722887172961,-0.602015447352765,-1.6091966784594116,2.017816483417817
0.9086504488913468,-1.2542248728359848,0.9771373426590881,0.714318938310393
-3.3091853010759573,1.721406243888559,0.22668196608259744,0.43181840147783435
1.326803149480034,2.7884115307673745,-0.7477395241754405,-0.7142950426029961
-1.1789177803136077,0.4224018111649355,-1.9145982359728613,1.530341281732568
-3.289171101779415,1.8461254230412667,0.24349899417998674,0.4744075340218151
0.9187982120140704,-1.1153794679729971,0.8994367193276946,0.7551386696041166
-3.3592793346441323,-0.13066044746129973,-2.0696024361604364,1.3361745224108086
-1.6166876113245414,-3.043189963647791,0.6314824964484622,1.4896736278973772
1.4053209328632084,2.5398422057671572,-2.005742113849521,-0.7472728217740999
-3.5858391178228546,-2.0412469138650664,1.0498662700908343,2.1813625788854782
1.0885327569767038,0.20351867180913566,1.3275965476342941,0.3859976987253218
-3.3734000806287074,0.7128009654210953,2.0372027046313277,-1.7200740859423438
3.426040359201823,1.6415186784476437,-0.6785821176742031,-1.9180046177961305
-1.0923338336783548,1.2328525670150843,-2.5617482392184505,-1.6935372946830698
3.036326804878894,-2.6850425677823604,1.07012167103683,2.1268134603143976
3.4139241302416417,1.030597659838164,-0.9158596798035711,0.39557872572996344
1.31253173252017,2.931467761433907,-0.31492221677017473,-0.2717154502613034
-3.595262213058721,-1.4685296802388528,1.035083365878695,-0.33606818192444565
-3.5339205811603707,-1.09148547872311,-1.3564943220588588,2.224777129644134
-3.5275084375277412,-1.177341070560375,1.1491916019724002,-0.2593393233811172
1.0225560371132711,-0.19119176118337455,1.099077719484073,-0.192703858441061
1.031240822866973,0.5755205285226219,-0.16641834354024893,-2.1170631913602493
3.3966139561959685,0.4133408455788621,-1.3925700856589043,1.0702104640987966
-0.9990646040861582,2.2934114379921415,-1.1395842908774367,0.3444949858682931
-0.7787576411610073,4.288191125436231,0.1959909876424062,-0.23099453697513617
0.8327577765296739,-1.4462741203600318,0.931948146953802,-0.6400021165166909
1.087680026326062,0.4309648455874576,1.6847211395961206,-0.40448751002628747
0.8531077338061771,-1.6994129436467091,0.48529378631431097,-1.1270618488857582
-3.211736334261318,1.5166365891466733,-1.5472595612244926,-0.43634703753421095
3.037154687330438,-2.3628860359018433,-1.9200196132088878,0.29024829008537756
0.8459404736080508,-2.1427902269272754,0.44162215195123705,1.4601249166490688
3.4715063857030626,1.3443599634110865,-2.0895329082267633,-2.822964630701588
-3.7480747596419706,-3.4913033042809007,-0.05682207174750075,0.4487703928082897
3.2386208667769205,-0.8344306094554238,1.0499140945802468,-0.36254178134492726
-0.8652458472286535,3.6574330826995896,-0.23387202134131965,-0.8738037071661471
-1.0350553581355884,2.705532299159076,0.07211939158770904,0.4587409284010927
2.9247992290315703,-3.0546697772958558,1.3439809438916022,0.914918764108742
-1.5433800400110986,-2.218235197754789,0.29113450121412454,-0.5512698520676879
-1.116783247335646,0.9173660065562979,-1.0554864960420618,3.0022922238730043
1.2889851137892891,1.4802843267329961,-2.1269277247081746,0.15559351716492203
-1.3860915009466814,-1.1462608914754449,0.6841157903296623,0.24246468213789354
0.8258921109538048,-2.3415274888849815,0.07766224128983386,-0.27870512424658667
-1.319227006070141,-0.10031231695172073,1.8279117540271208,-0.2499616864863462
2.9771438111751904,-2.721846751840676,-1.6908938594559237,-2.730660571276502
-1.0558878498448823,1.8560730301017956,2.0798975403416176,-1.1917288302420221
-3.4754266140554604,-0.6731042782365018,-1.9133154814438713,0.05386005374251194
1.1821835968275098,1.0077245543143345,-1.4365399040088254,-0.0390882647365132
2.870737762493412,-4.186362954730559,-0.3149321343716704,-0.065015642426438
-3.28076645449901,1.0494475765944542,1.417081899271087,-2.391151941953104
-3.229434788525587,1.661776838821886,2.413328714915667,-0.9610925572366239
1.016601810943625,0.4194787421366482,-0.8296468742651146,0.5716599875002992
1.441885690651561,3.214159025499282,0.02405749132339211,1.1236847682327307
-1.0414359836003162,1.7370876355589209,-0.943234546634962,1.836503206843439
1.0364131046034084,-0.1425027746879779,1.1946864455015442,-1.001929284552054
-3.0884290256747855,3.106069197916296,0.07306150352237409,-0.7356180730262402
3.540324891558835,1.9507132188548404,-1.3920113175498559,-1.7460185325624795
3.359330373882628,0.17342575175993438,1.6865405503642008,-0.43391237201713306
1.1624118890722017,0.7875200359424984,1.6637350825000659,-0.24782414676730377
1.4528217610366223,3.085972159987616,2.104108539165382,-1.1203261477383077
-1.1607687650925838,-0.04955672200256315,0.9416673781886409,1.3136971596955134
1.096394753041428,0.9695447330422613,2.4791177639855855,0.16718585155948967
-3.315171662722513,0.9227817249597167,1.5617545806265107,-1.205714702065087
-3.262006255898394,1.7784353070341339,-0.4302311527381852,-0.3462814891839484
3.250791635350713,-0.374591683133566,-0.7163990203686341,0.7866195876709835
0.8686410759349033,-0.609674289703214,0.13075185114143348,-0.019646917019438038
-1.1065183036991117,2.2217646103924036,-0.44559126918783837,-0.5879849991090144
-1.1347944160762733,1.5237890308769735,2.196177683667286,-0.07537029127031845
3.6871016522065534,3.1981473995758436,-0.3110908915188147,-0.09122788583791942
-1.0082070130763199,1.2842096557563167,-2.1930414186044844,1.4867278081165833
3.7268635577276075,3.6656186829449977,0.5046154334085087,0.050068569628180126
-3.132573865276141,2.2142138879333393,-0.8454769808255213,-0.15148669829162142
-0.8723267551503537,3.7256184063548026,0.20803949938247832,0.8264581768745519
-3.469787709841392,-1.5793672681721747,0.2714145797340223,1.1118126855173478
-1.0522607213635364,2.0523863229791535,-0.6029839321809947,1.0637321847708276
-0.7855346403398279,4.406407189684913,0.5304551800798029,0.19357210019009657
3.462860491093611,1.292420917398429,-0.8805552097868024,0.4892224050372621
3.2335261087688116,-0.7394633359119313,1.1308095597217114,-0.35480120222697425
3.1922465248291902,-2.090132141984577,-0.2872901850391548,0.2856623925336501
-3.477381182049069,-0.6626053811544546,1.7212712204577414,-0.5086388200469945
-3.532941379300428,-1.0622187748540601,-1.875349296583179,1.386790345861517
-3.52525867195225,-1.2403695858754544,-1.4436625848464193,2.1938756083733195
0.8529636135618514,-1.0892794751628487,1.5695978120969023,0.30957127833088594
-3.4948389593372426,-1.2578521701279302,0.28994179065450737,-0.2699284536083835
-1.4019399953248657,-1.1964520840599868,-1.7500122804392069,1.8476268195630192
3.159882047259803,-1.53608579006142,-1.5389635566697115,1.0342986824783482
2.9517610044400455,-2.7466180980602166,1.5691027115399347,0.1990302892667427
-1.2866812623526638,-0.5317878312216936,-2.434578318700221,0.8336618964235147
-3.2209469021229586,1.3926425897018182,-0.9521145779920344,-0.45623006941227234
-1.3332418761081688,-0.6612336435698954,0.8170667949061055,0.3871774868070262
-3.505791498875435,-1.347085890791289,0.2785004738115715,-0.30558750413106583
-3.432496570149149,-0.2606657841187373,1.2034645451020483,-1.1582117755119183
-3.2073059798927326,1.4843020316514905,-0.7785685031940508,0.8095821765205155
0.9792911072106711,-1.3329526516566939,0.2113253084187018,0.08914536508445985
1.325619230247434,1.7409498785456692,-0.9967820726856963,2.1018040646517377
0.6050719704098932,-3.655656434692923,0.5867293468421964,1.328497164131282
-1.048909512196465,1.938615946099063,-0.759124221997804,1.050650043136003
1.115374958412583,0.8948015740660529,-0.7858761935035786,0.6975938205186027
3.0881269947537975,-1.987178635801096,0.3005831937260196,-1.6002691132139863
3.4682055520189463,1.4457067763044062,2.7624508268485597,-0.41747714954809345
3.1329648199672233,-1.284373517908308,1.742721710172563,-0.5432933841356066
-3.3344295465392384,0.26677767491835486,1.6117160817740859,0.7087315901448719
3.095276053985996,-1.802687140010823,-1.8419043746598593,-2.836599996031201
-1.7078797988958256,-3.757196407794271,0.015223737494497337,0.3798976743693128
-3.249512908313171,0.715676764895815,-2.916635703391282,-1.0976112190555836
3.669572707532209,3.2998912729121166,0.5429863974805204,1.1803142874411852
-1.2829403991678097,0.2714176775435918,1.4343836075065748,-1.3477825151872014
0.981477800850202,-0.4063467310308741,-2.330546828805335,-0.5817315363394768
0.9925118234287663,-0.917306303188512,0.15513471041559038,-0.43673884704425203
-3.4586051749099864,-0.5450926015307475,1.5041359862775918,0.41202183947759063
2.908237246329559,-3.242197075144771,0.7969016409836855,0.0011030270538525816
2.743681894713137,-4.4790892590112446,-2.1019526925651313,-2.5503710630389502
-3.450044994357143,-0.5187602288944506,1.4208008035382043,-0.8404181317755911
3.2480455386802283,-0.4087143477257334,-1.1573925975697796,1.2008810687385394
-3.3015226079801043,1.3101271403053523,2.114435268022421,-1.4901704415540318
3.729622494787264,3.408897771749539,-0.5333310553352765,-0.42338767684863493
-1.2370309885800423,0.11341570981437755,1.4638723620161938,-0.5273612138406082
-3.129660810647839,2.3351229786648386,-0.16301535421625832,0.6814874973624873
3.6774620865054897,3.212222128811427,0.2125433071818874,0.7650565418026603
-3.595761698226635,-1.88646948039184,0.301756683587182,-0.48735887159229196
-1.364316849063207,-0.11540797797452625,1.6411518599586008,-2.331633434256593
-0.9280679285658331,2.8580756986306284,-0.7453303757766986,0.9302910857014711
3.0126501528279563,-2.719574108386637,-0.04895141159222204,-1.0251395470112652
-0.9461396518633955,3.376398449886494,0.14256698316175107,-0.5850524280876939
-3.66414633549236,-1.5256228942137073,1.16252332353967,-2.0589839036448416
0.8240350181129188,-1.518029711731798,1.423813220209274,0.14426771718513123
-1.2543682085316032,0.23589473066880506,-1.3249620039620136,0.02868158243972419
1.2804604214911781,1.898171697150876,-1.772466314932105,-0.5954627034759205
1.6056330381229196,4.589475500506435,-0.3233494002365281,-0.8876889980405028
0.5867474490637575,-2.9201801769441125,1.3276927197596857,-0.3597473151564026
1.3165694018944623,2.301021086538846,-0.8514175292468281,0.8176151643314656
0.8676160113373735,-1.1868734358919661,-1.2995046334786038,2.3098239808260037
-3.0508014870890148,2.5816544968857027,-2.030743388258667,-2.55086704776379
3.1495451357454933,-1.2290330325998586,0.7935571114454322,-0.9726417875175588
-0.9759011415807575,2.465038667566951,-1.0682730714748137,0.3422031284934511
-0.8671478237248602,3.788065399872113,-0.23705538314105717,-0.027789591372556273
-3.400813359278572,0.31771070169381727,1.1344559457881802,-1.8307244645304113
-0.9909443915460826,1.9658769673879861,-1.0952158141377566,0.653972747143626
-3.461473775598769,-0.5592876295366701,1.2517694105106982,-0.005163434736259859
-1.037497565198445,2.6395504621522807,0.06361116582309685,0.43643211342389815
2.8438236702129958,-3.2494037079457225,1.5705090963788728,-0.006137942214558464
3.3051884569427683,0.2436582930164553,1.6461359608265373,-1.2919952374349022
0.569400217347816,-3.7564662269683478,0.8923164488168833,1.674051003728856
-3.1110328610193294,0.7501759438249836,0.6700881527630008,1.123531467853776
-0.8469480550940878,3.450974077640828,-0.2317748337860701,0.7340687871335201
3.5418215345957034,1.8001833867812316,2.375080824675745,0.12302994224462241
2.9085080980354223,-3.8127708117499943,0.2562323454434078,0.9193524417680659
1.3234641847294522,3.0500731826456144,0.22301922238941338,0.6199850134610951
3.2828491327597997,-0.35007764944667297,1.955200974719842,1.0445502229200174
3.289662592284171,-0.40310286935802603,1.1756715094429309,-0.23257198691514502
-1.3979889113992736,-0.9250915402700685,1.2369943871766957,-0.07590547680381196
-1.1633493105332535,1.1613719184066122,1.6270221365902613,-1.057534957434014
-1.2494283593404307,0.027155355044662037,-2.3567597005898206,-0.4278332509914324
-3.2167427922324654,1.6706153864275914,2.0956584828001112,-1.3469962334734096
3.3044905430812865,-0.5298674815183386,0.4948835081773702,-1.0863241147051355
0.9167066882234428,-1.5509186274127646,0.7787332363831949,0.8273966697878902
-1.4797532831973101,-2.2079427639506215,0.2896511447009395,0.9156043822785812
-3.575522369864183,-1.4246446238355568,-1.4692743459086044,2.1276458299502927
-2.866253156931926,4.494456486852618,0.5091958331240978,0.16882324500183005
3.6606566038631474,2.4272215415496796,-0.9596178172851425,-0.3113058964935892
0.716937272809034,-2.546386284917217,0.28391236121047714,-0.6098008477865063
-3.2377544248900714,1.80538912220004,-1.1986805141085528,-1.5969007348298339
1.1844192179721689,1.3476090436575618,-1.0521676200606844,0.49878044558956763
3.301464417408454,-0.004338841753544795,-2.0370697720409807,-1.1638278050201305
-3.4380953824577274,-0.6703457143511321,-1.8905330834783918,1.5516052295630056
3.190316808746208,-0.9784722115161458,1.6210800035012172,0.4100282578842344
-3.5494329631730777,-1.41279045247523,-3.1981668193499266,-1.8660392176523675
-1.4775390595384963,-2.1641746612589463,0.7299236366372951,0.5281717575526116
3.3019870934702076,-0.5094529414138224,-2.626574607730319,-0.9418421801464361
-0.8480065622795803,3.84993553430082,-0.11325454638203991,-0.7956582327682975
-1.49279602525631,-1.6871791120249346,1.1149173190472803,-0.3817794654018075
-3.3185172451504235,-0.3903063814627492,0.1776210995576912,1.1267148528562954
-3.3608209897537313,-0.06711701071603551,0.7003069170252654,-0.685820649878397
-1.3417126663905592,-0.7230874785481636,1.3308920732333125,1.2204508547530666
3.713774236847918,3.4172331132700315,-0.09792372166650658,-0.8294325786518663
1.3921558859832108,2.4403933337002006,-1.0841765320376033,1.7067646338845992
-1.1898303960202028,1.099338683204159,1.617527289586664,-1.0749758468196169
3.2743406159352437,-0.7616393390634261,1.3110105553811071,0.06976159051266222
-3.4621841876044672,-0.893584149620187,0.8677774300289741,-0.5361591886121216
-3.6193506130849564,-1.6680454877856907,0.9223616794181807,-1.6765180633455445
-3.271536483127312,0.6766542044697292,-1.4621964133854637,0.9803494031028842
-3.4189023504415474,0.12781545416602563,-0.6214519289352132,1.9932036695009328
2.9776206224152064,-2.004427412326603,-1.637428078271589,-1.0857377418759777
1.1206629685912235,0.21769175523834985,1.3359968580501158,0.3890238436497384
-3.088551718447386,2.751452760401903,-1.0728519701814476,-1.2541150116724236
3.4165507252985963,0.951809900862186,2.1055443805858447,-1.4098294425502051
3.3858984972808237,0.24009196290649318,-2.6204905250889987,-1.9324116994254152
-0.954508372137546,3.055763294139747,-0.5644859002074354,-1.4986404768860644
1.3029747258302156,2.798308933420332,-0.12953078533083387,0.14719848855806933
3.081616389860398,-2.1017887594226563,-1.798116746997008,1.6473874381285927
3.4006648832794193,0.6555717259037918,1.5583407131810436,-1.0896637859324023
0.8559583585726983,-2.006771009645677,-1.1045658388356472,-2.306836314562014
-3.3710969394481944,0.7450082381612795,2.3785055679757483,-0.03012524645950772
0.6840602473807809,-2.658240817600993,0.5879675550880693,-0.26469598415956397
3.0974498966260064,-1.5095016963586279,1.5497929412863112,0.22011904393083154
1.1035011255504386,1.1708871555811282,-1.5321977294459848,-2.0885744919818556
-1.0069331862360271,2.2816845075633005,-0.8906406864497719,0.7479095090694561
1.0713022982220337,-0.2153888008215467,0.8440696743340257,0.6426019515938809
3.441522128494456,1.7591711865530775,-0.18376797493489527,-0.22633642975404392
-3.6000486537995884,-2.249342203953852,0.6851873201645161,0.4371749916583241
3.488939598223716,0.8532604761482782,1.796472770640492,1.093650751725336
-1.1579212952051885,1.419205639862653,2.41479450426134,-0.9923414065116566
-1.4679105550086884,-1.1614411227326376,1.4367536504999163,-1.040212878698706
3.4278787352139637,1.0993437460616533,-0.9056621792259623,0.409459108405624
-0.9981321844783604,2.2580189385733576,-0.7171614364091913,1.172990000597501
-3.6477139069741362,-2.0618390868337113,1.0504678718917935,0.7068355050797831
0.6057306136863377,-3.701896125208467,-2.3580248356066598,-1.2513424450155757
1.0619457028986812,0.82763575032798,2.3723787889466643,-1.1437038906054549
-1.1774547389666161,0.7457882712540259,-1.5965927514052793,0.6282710764914731
1.1393122698170366,1.0235754812194648,1.483624800029074,-2.2800453448425753
3.2544998779252023,-0.992066506759188,0.8457972192185075,0.39821018689599025
0.9470306992634885,-1.1881050302229514,0.11880367014327155,-0.5327009567820397
1.14521948480211,0.8135432853759512,1.986199766793597,0.14264679849072107
0.9620300299395363,-0.08845772612106267,1.496593883460633,-1.4360114287231487
-3.637895346359206,-1.854910702772263,1.309524217003696,-0.0950081186359483
-1.2714861888582554,-0.34890133185173977,-2.3360103980551528,0.8724359779904399
1.311174982587652,1.9851915598947532,-0.7099072477108026,1.1313522964405784
-3.3822334202324265,-0.25370062673059307,-1.9102885381699402,1.7270290147467864
-1.2542070691171454,0.1848479141078717,-1.5819468991328958,-0.3999105781087583
3.314760565516916,0.316610501628974,-0.8071256357463505,0.5979747465106162
3.3005835849828498,0.09095666280163768,-1.1830648167024311,0.1065677725720452
-3.3082497302924034,0.26139766409599174,-1.672904786638942,-2.2750572278877037
-1.5718693815086138,-2.9154483181976834,0.05249514795875988,0.7114018556259293
-1.3310591189092353,-1.3104408862334076,0.429026700588638,0.43947501207037015
-3.143984197019209,1.7767335506295792,-0.8079636327060151,0.9407499341859565
1.2011623687975517,0.6358652515244009,1.3177463882820968,0.5639798504526903
-3.2836751192551534,1.296014282514911,2.1337418311230727,-0.21847302527451543
-3.4368773944310282,-0.8944784270475846,0.43370646768742643,-0.1265947883373768
-3.510969207582522,-0.7247213103428412,1.7990012406559732,0.7293352460868601
3.196617504432033,-1.2647400738904369,1.4941272786936903,0.3056254685357607
-3.1394833969138203,2.8366396520024444,0.2878868499992062,-0.429059350903185
0.6951205288349084,-2.6330507483541097,0.7071711940352602,-1.05071471717186
-0.9557112610940255,3.0841810938818863,-0.6497711731298043,-0.6620099344807691
1.0877978759327966,-0.6318972400694529,0.30500254729267573,0.3365552101137163
-1.4899443202131077,-2.0530867177849776,-3.2266645759574555,-0.5425612938512328
-1.0888211837851296,1.2360682916816814,1.5236274458521155,0.6976258525469892
-3.281900422322105,1.1166849645317414,-0.9025489562051575,0.7047612067685023
3.1462353028179053,-2.314976863671743,0.11788977736756341,-0.21046477582290676
-1.36803607462913,-0.8461112481801624,1.2264367151371247,-0.07764146110915698
3.5269309522059245,1.721348930909748,-0.8238111883105913,0.6461787763720848
0.5914967127004562,-3.5211082676832164,0.3312898860266444,-0.5244593303202979
0.6434652268628165,-3.662106780537281,-2.6978076384031158,-1.6508666323309402
-1.017653240227072,2.2882639589179252,-0.8212535379285691,0.7256837946660852
1.117391106225237,0.42066661299042657,-0.8346469758600813,3.29461186108669
-3.53586977854471,-1.1597584217571109,-2.499662438768949,-0.9726620706554427
-1.3451557090145945,-0.984805779825363,0.6315546775304877,0.32701384762334346
0.7175997007369619,-2.9277855300865627,0.3454336891324925,-0.07582962112259484
0.8542892224825601,-1.7199563743665045,0.8206712620373805,0.5348019734807093
-1.245811975437337,-0.6909398214209312,0.17139492260123868,1.0803977181200601
-1.1461409073160462,0.7675675943592011,1.027910648475227,-1.1415560301093621
3.1094508252605775,-2.112658628811557,0.5539857356878692,0.04831211361088442
-2.360932758702993,-1.456297283219357,0.8083437964949374,0.7522020181049587
0.7734681634329438,-2.3752477324211267,-2.204538505996407,-2.2635272179623134
3.663584965369239,2.9504370741957833,-0.41805602974649175,-0.1550788901540986
-1.1263138782436322,1.691672326220338,-0.21534476928559768,0.5078163082828918
0.6508583145480494,-3.33034402763613,0.6296183749245171,1.4476265366664265
-3.351474337161906,0.4119689789892605,1.9497743271696146,1.1340942258408178
0.5696269664646602,-4.155646425604323,-2.76341356466086,-1.8276809771954257
1.3151000324899647,2.8943694022511526,-0.11697946425704658,0.1829106579241049
-1.1286591851522652,2.177242961164715,0.32108935018496226,0.6522926483050939
-1.0838407932709853,1.7952834825522415,-0.9556764131028478,0.5757645823189055
3.423713416096403,1.0152926549731176,1.3495559120209988,-1.7577187614871708
-3.1869833090435544,1.6652036144459221,1.7503842213934204,-1.7698030992266829
-1.0832418249205735,1.8865765991718761,2.564246377359237,0.4367177298404336
1.3758160555797763,2.855442911326089,-1.5792902033837393,-1.922673427425141
1.018473955447351,-0.2893813140627643,1.0119185509400352,-0.20393109043500254
1.3279880830695352,2.121475336385245,-0.6047610739803722,2.4403036400011002
1.064999732058569,0.2887451687580975,1.752835911116862,0.8061439755909002
3.1487026632280677,-1.573590850349455,-2.426988958549772,0.5534186438541769
1.0718759393080273,-0.14504745802067115,-1.8247937951053002,1.8817278734151361
2.957690778270424,-3.4562344079475515,0.39922450195974307,1.0538094114964758
-3.3902457118627414,0.5617933862929392,-2.3003209095537853,-3.2840943576587995
-0.8081541435579188,4.195748678630875,0.18380232846097533,-0.27487651290970605
-1.1218288495448863,1.9319983200949316,-1.1489820566905076,-1.4921839703778599
-3.300664082802654,0.7214387225307267,1.1901044861683512,-1.6860373510335998
0.9511324357016762,-0.06779837167373248,-1.1667583352110296,-0.03221377195785101
2.930647836358542,-3.4249397374723247,-2.307496266327934,-2.58069002904107
3.179107507927128,-1.4184029460772378,-2.8213836634142893,-1.2435200627050145
0.6394425960390978,-2.5601631917328085,0.7834716019766068,-1.0503994752546413
-1.256688495144188,0.7062063377355642,-0.5781901580965836,1.0319059082229187
0.7772361131648752,-2.5072544581638105,0.7391446730567323,1.7430950026075969
-0.7489256272482733,4.3740384385710405,-0.4775786986179602,-0.20043341773004245
0.9596489207757786,-0.9685147882567946,1.1047561088236837,-0.015134112789012853
-3.649417401624331,-1.2610541427322857,1.4557019746452748,-2.8080974235305214
1.292820197221467,2.161886763289134,1.9802156196765484,-1.4517728311406664
3.0886003991226145,-2.0439881949786245,0.9566901545478526,0.4247694287238145
3.3806295166821316,-0.05964397226003289,-2.912763526243003,-1.1958338954311203
3.476617086922832,0.7154945761992024,1.2559730169863534,0.19612984999730843
-3.2806482911184367,1.1667169933415176,-1.3229773522168107,-0.11908694391505423
-1.847962717224032,-5.700645275179975,0.5066915852022975,-2.4957980680981455
0.8257293416709931,-2.3767835178218197,-0.11124419246910247,0.5269047701204417
3.0830696850997867,-1.5698650251464508,1.5409729203417122,0.20498276250001973
0.8761598378413382,-1.6988523313538753,1.0784268995746265,1.1528517626582258
3.240463428059237,-0.7818983630318803,1.3283870134483196,0.09685740011527573
0.653155903870557,-3.443750194206119,0.1817359513689712,-0.26811544205817145
-1.5903301729157695,-2.8989154812105924,0.4002527533256393,1.1317646198892393
0.8011348605958517,-1.0872921677067802,1.3652755342014766,-1.8187447533885104
1.3227288880922319,2.7650571807284066,-0.7507666057958264,-0.7239673701809802
3.5793007377031634,2.5665324502161995,-0.12396722305576266,0.12358526285451575
-3.286349864216104,0.6945547110715262,-2.6670412484118695,-1.9451917719132825
-0.8288967432887312,3.4475433134277083,-0.5509880145175211,0.3470994248470536
3.646942631451463,1.7008441668103114,1.65911006330505,0.9992819050180876
1.303485229214001,2.405666741761772,-0.2467838986236882,1.6730320284607567
3.119948617974219,-1.740218009373343,-1.6536588352315011,1.766760840141603
3.5088370994301235,1.6912496622509066,2.5234764650917714,-0.7698619930109764
3.0174137213250956,-2.262052610091725,-0.4646170871331565,-4.475400359716875
2.9948269868650326,-3.160458339176707,0.16621458715052603,0.7214225248157558
1.4644506967127446,3.776065354146766,-0.2706534386002398,0.05769036467943068
-3.658683472122094,-2.1463052938108316,0.17391145278714637,-1.8400166903977953
3.550452625225325,1.8064751286377265,2.22002153721962,-1.110579777758522
1.3704558909083913,2.6985677351534902,-0.79865718794821,0.9576596407079261
-3.486410759607806,-1.0748502028603975,-0.051810967686814875,2.4655988328589458
3.290851116682159,0.27127475836102977,-0.4945557912498371,0.9703281285073329
3.2693476201403446,-0.2723840972067657,-1.340538523488812,0.7676280299848968
1.0297416367516035,-0.3639852420205708,-1.6853540601695953,-2.38266432684403
-1.1763764447907488,1.1986911271126675,-1.237507105327833,-0.1071931542651042
3.3472501520270894,-0.15044008677549195,0.8901241973818537,-0.522424492923455
2.690158767311357,-5.735650894988091,-1.8849825080332638,-2.5116976880109756
-1.221460289943729,-0.4484063761201087,0.6386636083724873,0.7524668464653091
-3.5120834265336893,-1.2910238771941807,0.6311365870255796,0.1373858708862387
-1.6084629646925426,-3.1057355044765695,-2.661435390209268,-1.5117918914345114
-1.398871053087271,-1.1376100122324926,0.7535772540590802,0.22199596786663015
-3.7263821493443814,-3.025602846026196,0.9197296970197653,1.8240788818751001
-1.7907921512928466,-4.780203256765316,-1.8307511350880532,-2.2899467357921486
-1.4754310931622066,-2.069622286618368,0.5580894598581503,1.3720220725944752
2.944164202799657,-3.6341334310931246,0.19329176704663958,-0.2777076308030505
0.9615527324783356,-0.8981994479380778,1.0248880160034572,0.8364369888839003
-0.9422712428369796,2.442859545053638,1.2013953558576143,-1.4201563549350624
0.8735348925668852,-0.9641464476749337,1.4303720267603781,-0.8854836318509876
-3.3555314434123464,0.47634860929545275,-1.096882839048042,1.2664835680344244
-1.314487401504294,-0.8718474632701251,-2.041291519829303,-1.7836208050449873
-3.482158609445906,-1.143389776683977,0.8275435289625698,0.6191492128389833
-1.1537073670960782,0.5508619193705971,1.4123890572779703,0.4229890361241993
-0.872856273048644,3.858982283560808,0.544778260130994,1.2556890602250572
-0.9682343552491894,2.1131322609302203,-1.4149246747678117,1.1221147925527974
-1.4756053582336548,-2.403302741901688,0.3718488681912301,1.30880936721562
2.9756599727175432,-3.3300739436664726,-3.39657162372709,-0.8563782550532543
-1.3751983777205374,-1.1792067353894398,0.6055964614247168,0.25821188225794595
-0.9138289627548404,3.236856141544574,-0.9744084878082626,-1.0306150475522087
2.990551778179629,-2.704413901904922,-1.8780871780301394,1.4292660080429627
-3.0739847433578946,2.4892835396604016,2.0894767447167437,-0.2521721751445041
3.2817164298860266,0.3360501967648599,1.9078439445846591,-0.8571848341652251
-1.062524871532584,1.9614995212784854,-2.080430352495243,-2.721991060766382
-3.6080712469964706,-1.145305289028557,-1.8354441731892372,-0.1638837462004625
2.8861959699034894,-3.922443354874817,-0.1855906455425,0.04051747528369042
-1.3996809061694495,-1.740366462221784,0.37191395987195824,0.2823607401323819
-0.9988362459731747,2.32686417508216,-0.8844981475309595,0.7632361115335765
-3.407572330987394,-0.11295418410193649,-1.839480854942773,0.25244203612152183
-3.3689448032065186,0.4888353647009873,-1.5078367940942565,-0.3735932238210586
-3.38258851631759,0.08138754816218877,1.906593701665593,1.0175362034378859
-1.6056994670176694,-3.0679033929941215,-0.055095104254679166,-0.6086767218806007
-1.0294477046669979,1.8599718128356744,-1.0143590397058273,0.6195574703492129
-1.0606773507672866,1.7807981811148617,1.7986187574061399,-1.6616631471770702
3.0799209538535806,-2.563481751364967,0.767573130104617,1.7882088899371782
-1.2149321241757574,1.0938623787148793,-0.2074788715636601,1.5527568789288115
3.5327308758762777,1.7985978176817934,2.2874083555346476,-1.1399859240158046
-3.367014484278892,-0.18244662602045195,1.097315501682334,0.9181940893724128
-3.6336601808982496,-2.206160699527461,0.5994581251851024,-1.0219959051150103
-0.8090390733195377,4.10673079356294,-0.4661830163464447,-0.3515244964387123
0.9777451663955571,-0.38411582460289684,-2.0563586226212855,-0.1306754721815067
3.5802183747185827,2.2242177217997385,-0.0714348531147691,0.8167538089594566
-3.3915106228103875,0.7975604170908505,-1.6044773434623396,-2.3999187667467528
0.6265178636240213,-3.1630186276881904,-0.8288688836457762,1.0327133944376736
3.4848061922420976,1.3991831128799015,2.165944053912568,-1.2601635504993436
-1.2965463792957774,-0.6346953848047838,0.8412974668170896,-0.397514562526118
3.2866246431030066,-0.34621255588593075,1.705215801419994,0.6364883944533516
-3.356634036106254,-0.2682214670326076,1.086665869777888,0.8924592732177636
-0.7653910064648324,4.500156797903393,0.29248959944817876,-0.18137284986732055
-1.4707172267318882,-1.334169692906351,-1.9473058476177483,1.3717510811268268
-1.4089297408037105,-1.7975695269218888,-2.141384759583153,-0.6208465791694976
3.1177316661763115,-1.8687863223094707,-1.8542325882975588,0.47003338515728355
-1.467052575356038,-1.5139089432816197,-1.7851277624188733,0.4882649453550064
-3.1145510629714566,1.8921084081555366,-1.1579486782186523,1.3649815941320766
-3.303694304872334,0.20307260625489496,-1.7051346809837606,1.8397831334318753
3.0735300304712028,-2.051452971087783,1.4771616542451256,1.2756587037218623
1.180747033756617,1.529845429430184,-0.885525967592666,0.5127327452917113
1.1927397049242017,1.6049001292059895,-0.7603295521988432,-0.251621336851745
2.9698223954663217,-2.8835536847304217,0.710177626772221,-1.079482675953701
-1.0819616826999905,2.326024843234395,-0.5002897222925458,-0.5271790896677966
-1.1071382461182258,1.6428934908267514,2.39765304750167,-0.8592415806389863
-3.3052013898151706,0.5197247037460557,-2.6903039873180856,-2.003070322642
1.2416417496767167,2.523939614805508,0.40293950505814474,0.8488497644901891
-3.4879262635265276,-0.836514297262725,-2.4352945769631393,0.6294904090494747
-1.147998918524056,1.4404230065479329,2.254404980896202,-0.13286979548688174
-3.1886168254489107,1.7190952238054806,-0.9095184965305674,-0.33958920137288984
1.3474856980881937,2.9723649768995166,-0.6281708406929274,-0.6373932688644685
0.9154233905614261,-0.9763208791197164,-2.7250779368235243,-1.1711741973673242
-3.1316361434545,2.1850271163736377,-0.4146935015530039,1.505453795862311
-3.161336155002647,1.7077873415410592,1.070405331991186,-1.7452618639802773
3.6237343368292567,2.750349543694609,-0.2816668139160266,-1.077834382751228
-3.169292371424121,2.0024565014501614,-0.5264854811557872,0.17743835033414526
0.6929076492516292,-3.2568067461534214,0.0435617165507856,0.6515394425899056
-3.4207677621485093,-0.11901839720835353,-1.318601230601489,1.1021300757883938
-0.7758724446258736,3.9243636087782843,-1.473510312342589,-1.6011790838407485
1.0795802318359242,0.3557851545770573,1.6749066502621022,-0.43168979968084736
-1.1623402579432145,1.1478664311026439,1.374472254203831,-1.4687853814594634
3.5200161803545815,1.575437793957136,1.9387555105922063,-1.6015460838063829
3.40861378455379,-0.1426773524481057,0.979709664523912,-0.09886568197899122
-3.063869741975638,1.7616127453715005,-2.4300935633661824,-0.301641348927215
-3.2802285521057724,1.0679178481614313,-1.4308258396795512,-0.16527332371647127
-1.2618461104239111,-0.07608167474870502,1.2545538912576673,0.2209054893811136
-3.4017669984592978,-0.44760264534088484,0.8119840973218952,0.4097199346797244
-1.1227424610444412,0.20952378169982602,1.0642228932981042,2.655055129231473
0.9281958115770343,-1.653592837705976,0.16909978548725665,-0.03251320291051158
1.2208279102833481,1.4955254325103398,-0.8914387582075026,1.7521477862851509
3.409655450474577,1.1575680777702988,-0.12713636435908793,1.701772038417324
-1.2291948050015822,0.16636110870261558,1.110711244081904,-0.12725810143132726
-1.5785404434904984,-3.037116916032622,-0.23487949415168538,0.22707341351432916
0.7573179666556069,-2.16964022163545,-2.019168832675191,1.1238804548669232
1.274023942970896,1.9395511352567416,-0.9734308427538334,0.7108714628139287
-3.425893163665811,-0.4066128241607525,0.8388416774010536,-1.6244828365928898
-1.382607758686739,-1.5036302408042825,0.06243045593515597,0.791385325159898
0.5590003423381981,-3.9440292561853703,-0.1765357364092349,-0.09437843151535713
-1.5625977723493154,-1.5531548155162174,1.1927937859673081,-2.0171983194673557
1.17475971090642,1.1880580153027414,1.0714550374825433,-1.819173536073857
-3.502968650468291,-0.8939896552975631,0.9351527669417449,-0.5562876928711783
-3.1093882453246344,2.2097429137306666,-0.9324667687933628,0.6585912210537179
-1.002509100045827,2.1072845520634127,-1.7810136428991459,-0.5832116606070413
1.5114050266638213,3.75173617295679,0.09564182260775152,1.3080624356336192
3.0193804824800576,-3.0401896963074093,0.2702982355930879,-0.04940237022949351
-3.535052108272621,-0.41982055598601786,2.1374281281128047,-1.7131575634264762
-1.0060916505364013,2.316831546546203,-0.3636788216652885,1.6097733432859251
-3.433943554140673,0.017865145135916003,-0.6361604109856901,1.9558158696316639
3.0720979105031314,-2.719797045986459,0.40114781189440657,1.3155377236142671
-3.5635625559043764,-1.1111990100388889,1.4285705763004322,0.20063469467095035
-3.7261682770180107,-2.8720598895931824,0.17200827867645394,-0.8455362511028449
3.495726409984456,1.5699558583094244,-0.8443024935487768,0.5911980882656589
3.594048040043304,2.89402963032543,0.4013826115056844,-0.2288379693413654
-0.8451163305639048,3.62886751838779,-1.194198445037613,-1.3232415695271962
1.3996306479054998,3.434913541122147,-0.044866402234767226,0.3756313249765812
2.978269852678098,-3.140793520794348,-3.372886510043368,-0.786212877176267
0.801092260284411,-1.9943102085430453,1.1306375675765588,0.8455844198515197
-3.610385444083143,-1.9088690328807938,-2.651431872544133,0.2796895310091054
-1.24520328055397,0.042628797696438396,0.9322461185887749,-1.4041167350728976
3.290015579508556,-0.5326479693213062,-1.447302878609085,2.163323175580183
-1.1130133562710747,0.8247773221996326,0.8524253687059312,-0.3047584669636667
-0.9805781196140193,2.4973355047301684,-0.677630964692841,0.004923778444219577
-3.2284418894738276,0.2858790815767551,-0.6164043607525148,-2.4393771047119177
2.980397713491363,-3.02612333590967,-3.01191638876369,-0.3291231654252322
-1.2902871354155954,-0.18361633418322681,1.063809785755395,-0.2533392260759129
-1.0054929985870527,2.4209185474168655,-0.5530626064989449,1.1791883311706355
0.8869538920032287,-1.346268522239649,-2.432392642989993,0.5755510650831346
3.61708202285541,2.6024553635125893,-0.7359243015082475,-0.7191157636072245
-1.181407994862043,1.2371532393706535,2.227118276350198,-0.20426372058316233
2.7379921502061713,-4.989075137184779,-2.492004040657161,-1.6538020549240418
-0.9210844238378442,2.6892673537825624,2.0069242551894915,-0.0779225337864797
3.258612718132939,-1.3709027699900256,-3.408959221462395,-0.5886712443056301
-3.226748285073071,1.9489358512053923,0.4662043297118976,-0.8900022425342767
3.3940893650222397,0.7247785996494401,-1.1858962857992492,-0.9288136053963012
-3.3875768163838,-0.46049299039071007,-2.207825064220276,1.2066672157331202
-1.1794716159458867,0.38615023517917485,1.3907267480333705,0.36043637968697134
-3.218856999186539,1.7042318220836348,-0.47938538662833513,1.3334070432065348
-1.1431554450966042,1.351606584032052,1.8275485234588273,-0.5514394349101687
-1.1148160632537538,0.6973332203281841,1.3637538241627853,0.49828414654249686
1.2853512897151502,1.9065771640403983,-1.771176978645406,-0.5923352729058174
3.420636732659594,0.5558966313480594,1.9884825148564205,0.10964053175386103
2.845000912810673,-4.1630599500118395,-0.31304554399243145,-0.059716335539446774
3.617812741236807,2.1864912029486905,-0.7409802394178837,0.007968801426779673
3.7312707045299724,3.656128532768541,0.3400973596584085,0.8985465324998212
-3.6679259568823914,-2.2573328074152297,-2.4473009716334198,0.5635183898646854
2.9807409810914867,-3.0399236392710027,-3.013446045595246,-0.33633198347711335
-3.5205752434963062,-1.325610907927089,-2.5739023371634606,0.4902407225412705
-1.508171985366199,-2.3012011131489656,0.39135910270724744,0.09529573225573877
0.7309562839851359,-2.372270201819561,-2.5681830049178322,0.19914015062304058
-0.922625449450403,2.268896379837886,-1.7396535933884079,0.762780561640216
-1.113001432956643,0.5852648054281591,1.00326084812552,0.042693139912663484
-3.5934379053626873,-2.1572236087702197,0.7153202882735032,1.753238561431477
-1.211791622712866,0.017314698064929992,1.0230618203993258,-0.1562969488731439
-3.2406653310594176,2.0473302976890566,-0.048956535119065045,0.16610592538807956
1.1107044441080405,0.43410687789743874,1.3663807838655389,-0.786645787655956
-1.016820256597533,2.5830730000436963,-0.8114884023758646,-0.8483607804015707
0.9746154813431529,-0.7391665817634632,-2.080353686191509,1.2372483323170307
3.196988501550285,-1.542905346560167,-2.7671670771588075,0.14793489585775563
0.6457136369977361,-3.658652267259528,1.8161445793816537,1.390920109704891
3.52503185507095,1.7095765395367937,-0.622569230476705,1.105644286455661
3.2688668709440782,-0.45336237813146674,-1.594387152962728,-0.506629331395235
-0.9969291853242045,2.4371349045842248,-1.0708473669510312,0.3079488652892255
-1.3855649744012692,-0.9463421859831974,0.616733388933441,-0.9407506417001812
0.7098791611577873,-3.228999952487999,-2.6404648248294134,-1.4918914450252108
2.902626325921159,-3.413399143107099,-2.4937372662991724,0.32355225873839955
0.6449909520458926,-2.9340694670022223,-1.0915786918056605,-0.8226785075498462
3.0548312434336036,-1.9391079669036102,1.1741043888728375,-0.3197954554356821
1.1971797655838585,0.39444612042920946,1.3563311895318222,1.9119748881223155
-3.494355085779895,-1.1055344383554115,-3.1575785964751932,-1.7472481298912252
0.6431907883737226,-3.497250906416482,-0.07612301403266167,-0.6968447291319992
2.967648727931434,-2.630222280101262,0.9877323770513518,-0.5801705898321613
3.252448681989413,-0.9103451908342365,1.629123032719696,1.6861239095057354
-1.296321583278121,-0.33941766122541656,0.6973406029511867,-0.7234003937023041
0.6418727483732676,-3.3990052438722524,0.36963605400031163,1.0167827852253528
2.857454179662005,-3.9371714436773044,-2.3752245257037354,-2.7665390905758467
-1.1777086355852446,0.5977620768924798,1.3516261137835661,-0.7878273758671117
0.9335859593137232,-0.9783605090834677,-1.7670822129922812,-2.604635589082746
3.4395250149776335,0.6250803542511733,-2.2979841649339248,-1.3506934764153082
-3.2680217241191833,1.5691864642058138,-1.8215732370058093,-2.5044907687481164
3.1469548174864963,-1.8416497402791034,0.8408762381554308,0.5504474517247171
3.127155502384316,-2.229444556758492,0.6091518231623413,1.4426515803775468
-0.9687070828167338,2.590609706185726,-1.9964545912134766,-2.5010704093503464
3.4515854895785347,0.09536931837912159,-2.2568663878392234,0.3666017974066824
0.9370861273895794,-1.5491466547378179,0.7050125481977966,0.8559591330586998
2.967493919019929,-2.9607698482007616,0.2649468516554988,-0.6947521030778716
-3.102131889715362,1.5022120740032368,-1.079223670073921,3.1858832503135854
-1.4288948400368935,-1.3675938548859081,0.9258642875961084,0.6054214660711529
1.3602215484685447,2.5222505948572373,-0.9832801742781111,-0.3398897833207955
-3.2596412168162803,1.539275155999563,-1.8246927673153184,-2.5178390857090367
-3.4791238495563457,-0.9757220525780906,1.1077650805264259,-0.1620277999424237
-3.1303657023150553,2.989525814969084,0.39381840898429676,0.8970462237597564
-3.51703602395075,-1.4765563234047083,0.26099702105022465,-0.34339504336205345
-3.131612473613851,2.0150028575136836,1.7070025785529666,-0.8027991270205458
0.9224798766668281,-1.4019135910988532,1.117420203293534,1.2662670523585955
-3.104026937696709,2.7490067200107187,-0.551389628527115,-0.4061085674995304
3.57849110171551,2.053696777951849,-0.325955623620215,1.6369926741835856
-1.2027842753721707,-0.05126603291411477,0.6683146548312269,-0.5954580839274698
-1.6481083133806935,-3.4597829719435436,-0.01921247859412473,0.5115939081698538
-1.0806271218098105,1.7498867610665154,-1.2118040911931676,0.14924673931145377
-1.3639151437841006,-1.3764237783524782,0.8528713969668408,2.0910212817564697
-3.482186954724581,-0.8953787857772324,1.274060871085271,1.1015221696581845
3.1667915270243308,-1.4800331038944639,1.3027804770720721,1.0717766660130859
-1.0670345264152172,1.0802342364693385,-1.6242983942612035,2.2374496934470782
-1.2344785918258967,0.7959070832856939,2.1000986016967715,-0.3388104414495237
1.2972740256500492,2.263040425859313,-0.5852396725417294,1.2431619303175405
-1.2071305985653684,-0.08484388332733606,0.7509622177073887,0.6542521298678071
-3.589297113731458,-1.4390610531424262,1.1830083670247498,-0.37645150432861996
0.610025113194363,-3.546386683238501,0.7848878318692862,0.5527505360814495
-1.3111347115579566,-0.5338291127753011,0.4213681052002755,-1.2002419816635146
1.3482730777077014,2.4299372043251135,1.5814517732379485,-0.9465984732771668
-3.5289997299442386,-0.9589422071318984,1.111290993826118,-1.4114434919605905
-3.8761281072858362,-4.0290010916668075,0.01356826390735189,0.20134287459348518
-3.521731049465458,-1.2959702906684012,0.9020558543071292,0.5733539882481813
1.2672687221356873,2.209474567618842,-0.02271631514595909,2.01425929149226
-3.788428440676403,-3.828090724489613,-0.6234160438039765,-0.5234197859099728
3.4791018373064033,1.3285572785342068,-0.9442068910233732,0.5255155768981637
-3.440936264884045,-0.9405473373131761,0.33246340429896154,-0.15651284937342091
3.1572784093539896,-1.687429311773755,1.045135649245436,-0.2115675984805998
-0.8879887676462153,3.474129670770375,-0.8691734656437434,-0.9639156417338725
-3.212499917823521,1.6722436117979687,-1.2080218114097776,0.004287354971236398
1.1243892642132924,0.6562309482449084,1.7146912473940767,-0.3222554344379377
-0.9855318283691472,2.970830603482145,-0.1430327701580085,0.14741406301599908
1.0872556337053332,0.9179096416420826,-0.9668133214214456,0.29161478771942284
-1.6235289292824238,-3.0486563913876763,0.17705204356578366,0.613733785798414
-1.2595615557674817,0.027727962245544076,1.091572142201131,-0.17410287742437905
2.9783447530193046,-3.3223893089395613,0.05796479987233082,-0.597913490990135
3.036558364094968,-2.4308262288265583,-2.3641734232361813,0.6804285812082425
-1.5815742987523225,-2.243135728535854,0.44473390548542185,-1.4112545466495792
-1.6205033416431986,-3.1291492482236816,-0.1523417371934624,0.1962374911490596
3.3850930649542357,0.8483383847164778,2.499024048565993,0.18498955034550701
-3.3973197943519535,0.5764797051669354,2.356155831885803,-0.09176677544640344
1.0951431965416676,0.5806996829276824,1.7035511100493077,-0.34681750749201334
-1.0305497949645297,1.9657514103741718,-1.2778955269639587,0.2182444202139544
1.4312226862640218,3.529340894824532,-0.4652269423533762,-1.265463363883744
3.2609858572577717,-0.8148257508821446,-2.0065157735772763,1.2111349952504415
0.7049294858544217,-2.102490911793615,1.4354618158061558,-0.05798687806119473
1.116397427302849,0.8833751994352117,1.4648598434268751,-2.3298884485043856
-1.4647844410094903,-1.5958714385082562,1.0589209415850493,-0.3275100819052855
0.9941005706929246,-0.6346398715110501,0.12499347677619377,-1.560206844083957
-3.45209204057322,-0.686887015611724,-2.1437083403632315,1.1330706110188047
-1.1442004315273384,1.4991668138623848,2.425441660786173,-0.9628377403118223
-3.5583464212335034,-1.426501854663589,0.5196820674100208,-1.170193435885243
-3.5620973870185786,-1.211881364897133,0.8939825709257331,-0.6906047554052117
1.2798505271334002,1.9127459414595747,-0.3138021236939237,2.752916370140311
3.3678959691287313,0.5641068085873333,-1.2963506838164733,-0.15749193475293136
1.5653436000115672,4.337936078937739,-0.3569193227622605,-0.9778018341084103
3.3982221409622544,0.6661443993465018,1.8101288948544567,-0.6755106133514164
0.9571041326927591,-0.7279518416454713,0.9532295540932714,-0.35366372979720584
2.9380627214597292,-3.7002482384665476,-0.0660654241097382,-0.7096225156769402
2.980282639194413,-2.6746782689081297,0.20947191461061285,-1.8530352816088058
-1.2015193760792213,-0.3903063213729282,0.6461625053971222,0.7829287442245655
-3.5830362657847226,-1.6661278191200868,-1.8463737666583098,1.6245192043248822
-1.267922613288266,0.15747721156080227,1.6990134447208722,0.6973964176532714
3.361591856116837,0.4004155656887082,-1.663532270261477,-0.6339497810178626
3.5921658794830633,1.2187861136744367,-2.74283969619773,-0.7251922678704764
1.516586779992522,3.9323837393982344,-0.8458133854274452,-0.7088311476041586
-3.2587339223175635,1.2495531816748269,1.3544938162177378,-1.492978978511663
2.9541015698136888,-3.63720565399384,-0.49270573421530944,-0.2755837602620206
3.492053778314308,1.1203136499226973,-1.039650356759071,0.47704840041856966
2.9182711030469424,-3.760496101411229,0.17613127412551285,-0.32280415748403624
2.936369580698284,-3.0872265961566754,1.0208904651916577,0.5162818856634002
-3.453403288804742,-0.677963222131232,0.6187943699197191,-0.9015499786617882
0.8217806349086142,-1.7058509211704918,-2.1201753227731874,0.060810575500341794
-3.337962067097127,0.6989791563187902,1.6207215102809518,-2.104887145701281
0.6406158879673911,-2.6961661130752494,0.6914796973357367,-1.0708631083763862
-1.586709053074435,-2.9653549684222043,-0.1304297512601511,0.25890673778720646
1.133943535089795,1.0684537979504987,1.4887288574649729,-2.2607997610407664
3.475041045701018,1.0721598851689513,1.091691435009182,-1.7882473052515244
3.2126449959702748,-1.3827359222330535,0.6520780008157103,0.29307097736676874
-1.1382573089610166,1.4874543345958373,2.260763044153739,-0.11566585927939076
-1.1258890591163975,1.488109803096503,1.8544771310494916,-1.7601581633824552
-3.5595493922018813,-1.6062226544247655,0.3387536565256783,-0.38731883954828594
0.8345401300783316,-1.7483121433903046,0.9119554941789126,0.5310942638776931
-3.4940432659243092,-0.8484388209229432,-0.7416932734610369,-0.2474161426755311
-3.4687523458332543,-0.04623721387314301,1.954538750566378,-0.6976456037700954
0.8628853368302599,-1.4160610902595299,-1.3279559102448155,2.2211104024706856
-3.2284539750239216,2.050990638672997,-0.5705149166544331,-0.6804178108166551
3.122069091859387,-1.9462142438051138,1.0110943082241914,-0.30653252289611155
0.7969582759880165,-2.6006085424015497,-0.14072982915504395,0.4463276689194816
-1.0032952493019702,1.8416535297876508,-2.481160814165367,-1.4725085033318561
3.339255785118805,-0.45264325463017663,-1.8294768781653814,1.8344830882368806
-3.4789544207593357,-1.5537411613331704,0.709159333522716,0.7139937908137968
1.0376511661872072,-0.0038892024242428457,-2.005580919239727,0.004518241521756486
-1.0132870165852987,2.2903930447527405,-0.45478032821279935,0.3428326471581921
3.525528256161529,1.6293127595114651,2.0331322673073178,-0.3237601598862461
-1.1205667225947553,1.4210099365513167,-1.3507108334945501,0.022813062951693698
0.963131259382306,-0.4435708663705309,1.133608076234768,-0.30848835449584777
-1.4003831457918337,-1.6421777225886183,0.4799309830180623,0.32514724305851717
0.9377449142666596,-0.6873872792181256,-1.2329466990225064,2.483967476159907
1.3819317707982706,3.405671478627728,-0.0012174156949335418,0.3065415772533531
-3.7477671284866725,-3.2757542738989884,0.04504872366016556,0.49987605363508525
1.4524967407493097,3.6825307797933715,-0.5335707357221386,-0.3861610940216633
-0.8551160268012912,3.946418016245766,0.5565290447919982,1.2882982770729543
1.218416785783624,0.9644419619224983,-1.1683811482908901,1.8448745651615475
-3.610173583284501,-1.8687322387314251,0.5544729038707128,-0.07833322320961696
3.5006334929014646,1.6453798685907934,-1.7037832257054926,-2.299754053874118
3.1073328114589147,-1.851363691884037,1.2531424219434306,0.9397548449225404
-1.4010101904489507,-1.8008205818411274,0.11339734998800136,-0.1462015640886877
3.2700189750518573,-0.035216899972423776,-1.2000960280162651,0.057380376896728716
0.9458552945588732,-0.7423457894739893,0.8646435585314752,-1.6311001712619717
2.6276896647196644,-6.677239298841417,0.4495954671687021,-2.7257734940630285
3.557371983268926,1.711638375791445,-1.054471469520382,-0.5686498180096263
0.8520904374134676,-1.867177085276058,0.5512311336906869,0.07508852505918798
1.3236926385070578,2.2109724105817543,-1.4594091716886401,-0.04115727821725782
-1.3083971100989207,-0.7809603983880735,0.3871467611445497,-0.04020061013830582
2.9353011369479085,-3.6308141410935555,0.02998006954295659,0.5721428134539267
3.162472623627305,-1.2659746999489536,-1.2734378804193414,2.335710894119256
3.2612549727584272,-1.0394212226689328,-2.1785868925440135,1.1813353162525781
-1.4016483788637624,-1.4287766866242013,0.05086884613703546,-0.6855530929428918
1.2635307227661765,1.180000077470028,1.0330546148297932,-0.11795788599610348
-3.4827129870255784,-0.9121113742155355,-1.9228115864412463,1.4615406245755005
1.3720087118653066,3.1277388156737493,-0.18038422319936334,0.2563462419379217
-1.2052237056500787,0.9564065363837259,1.7839482161978217,-1.952355965490417
3.6281376987909253,1.9941396078658333,-0.585161903144502,2.4572621565441852
-1.1846820879745037,0.4973711955130146,-1.1112876242936522,2.848372242384894
0.803585090492277,-2.3249991648767603,0.5601909734314414,1.3486479203325827
0.6486467774080978,-4.172645011138689,-0.3061267695545541,-1.7061682128957834
0.789355533350536,-2.0751964842522783,0.3463267318080304,-0.4371071656972011
3.1380891888588245,-1.9994073423796939,0.04774688264541696,-0.7681552017272661
-3.540818325658223,-1.097012544767078,0.6576489077931741,-1.044799225406175
-3.114878736548409,2.5721721403516673,-1.368232283176485,-1.7615853725670423
1.186607158854619,1.6364411213840317,2.567344223668578,0.40544538987836737
3.3479682742282093,-0.4110037902685852,0.9426862804073762,-0.1909337688088306
-1.0936455764723272,1.6242713044128703,1.6882821944187407,-0.8880734458199137
0.8728403889244968,-1.3532783118150786,-1.3890812280980382,2.273118463213149
1.4257143022295222,3.7283899043677082,0.31352336057365204,0.8593452930422647
1.222961693483191,1.7932094906934946,2.0660322413248173,-0.3841654355050642
-0.8558595680044665,3.771358593818232,-0.3074357268274794,-0.012247508198834663
-1.0046403771907524,2.0021587994087944,-0.744598669049985,1.0796446783439184
-3.3814754183406404,-0.3422980137859837,1.2793196440524477,1.3250121706409363
-3.4515040490002926,-0.9344989964053805,1.290397890576947,0.2854046607339425
-3.517435660876013,-1.2087304672449766,-2.0363006107439587,1.3780599936659623
3.1844717377674994,-0.6837431141703126,-0.9613227355497466,0.21233270317523179
2.957765614181176,-3.2813098480410594,0.9917720795851345,1.9085310296325504
-1.0209607800157012,2.781525972004754,-0.3710924397776822,-0.38744129154639984
-3.507194711699922,-0.6626002878109681,-1.1315618022709866,0.0597929499642619
3.5120750782535333,0.9213627264282469,1.032959202633711,-0.140130443588691
2.8689885560603545,-4.060126840612337,0.04742877799433589,0.3945805914345585
3.4842209861685554,0.8488918995873519,1.4578576417786135,-0.5779282756860125
0.898908066846032,-1.0101262685150652,-1.2755843477303757,2.3708966225683366
1.0666306093664388,0.21914617358313424,-1.976330925053169,0.0866162089364295
-1.1621899484491829,0.7675860260783482,1.781080105166346,0.9129862502892812
0.8183666193989946,-1.8207995429491577,0.9021667742938226,0.5037368448590077
2.9835811065299183,-3.152335774600695,-3.373966205791648,-0.7916131820097966
1.0771868061704675,1.3671192742327878,-0.06968030005943932,0.043643126802451
3.5039569863046807,1.3280813097847086,-0.6931307903747844,0.9350780820549207
-3.5263423733093244,-0.7153222404939702,-1.0702165659610503,0.018545858461912697
3.5199621689606624,1.5544042098843602,-0.7379824007433651,1.0419382042573235
3.361013717953623,-0.26930675516762964,-2.25305366560256,1.02437397828364
0.7303201608190972,-1.8229404329820231,-1.854227722502792,-0.2926793196883405
3.701923828486149,3.486635836520027,0.4810217161351076,-0.015361292612346098
2.905878908184314,-3.494323515224306,0.09952708908438183,-0.8975530374045536
-3.6705681319791434,-2.626628788979748,0.4500405577735359,1.1179942512011976
-3.57489748772736,-1.1680739967280356,-2.5684562955023114,-2.1989253058507954
-1.157355231500424,1.348662829483468,1.9706989083270818,-0.6071024857169279
-3.143856326599033,2.2374477129633172,-0.4267798808786887,0.2388008521352551
3.2741712964685967,-0.5561374895673135,1.3583843158810507,0.17785517210435148
0.6796420588431444,-3.3227917343922537,0.03495329722325259,0.6238204207866531
-2.9277457418350425,4.0108592542093575,0.28027863424587135,0.8674230338229842
0.6297986361246782,-3.3595415433936946,0.9448777715963208,1.8193486707882989
1.3638707382072481,1.3703659228997491,-3.080564331891588,0.3331704333623691
-1.2663217125712343,-0.23979966718725745,-1.7993897097361296,1.7587725343503489
-3.6193718763474476,-1.7635553161229702,1.4091116925971097,1.1979396778151405
1.0221689704144152,-0.0657814498543292,1.4347569951514987,0.2345215063486716
-1.3171099901620063,-1.0535402815304606,0.8085228260595776,0.9463937641543487
3.497080671267738,1.4618559015986012,1.8080741750068334,-0.8497076715788274
3.2760151471028696,-0.019564185010457782,-1.3740724497750036,-0.3677367614225198
3.2723450122764492,-0.8877806847762245,1.0623118727804162,0.9026140090697921
-3.1718500248839994,2.4384539706845274,-0.7216122897112324,-1.0087159611805956
-3.657250614942663,-2.5953654980947176,0.31928598612628667,-0.07315704104954092
-3.36628902151973,-0.23858210950111064,1.0422275789996147,0.9552237882238076
0.7660354822044599,-2.681841817686919,0.2828537759047792,0.006154642195064916
3.0243633853555676,-2.2672297022096304,0.8598021745147068,-0.8800751837737808
-3.59314228709679,-1.6460218148219925,1.0179997440444233,-0.4024524880474646
3.203377914842681,-0.9834421433616037,1.098386137876415,-0.43841912488326007
-1.47222520503103,-0.9473206765417649,-0.9812037858402105,1.2526749776600943
-3.7487340806957974,-3.134389767439399,0.382612675612326,0.9338962199806818
-1.0905052350134863,0.6680784692386367,0.8509690230516899,0.9273981872869361
-0.977329152815332,2.5172168172262577,-0.6750157535462685,0.012553376808469517
3.0902019156979437,-1.361948720546869,0.7677482487624154,-2.6683099518665836
0.9893693540554346,-0.7301646647288468,-2.1739614137952663,1.2296772681956993
1.1403545522442289,0.9162045550776713,-1.2186841471661887,1.1337752406004116
3.3407252319370304,0.007544961655928408,1.6650164593082515,-0.49599212617526434
3.8284701797815304,3.7789687271940786,-1.148342972940452,-1.0899180510460589
3.027618547350234,-3.0547740256260263,0.01866863772679218,-0.46956321954188834
0.6739647780530829,-3.3649466252734612,-1.2837626481658417,-2.796919315134547
1.0708210357480183,0.5229963374217662,1.5044811592047873,-1.1976562271481799
-1.1443334939701804,1.4102106652915665,-0.48404691298008573,1.281552218902571
1.3927271974813582,3.532387556072385,0.5376367343598518,1.2023502270891715
-0.9463422649339702,2.7018031926513664,-1.0376867770825466,0.43431327234943623
-0.8866568543472877,3.650400691410131,-0.2555062379767388,-0.07458769799443168
-1.176805413066722,-0.35988781350339866,0.5554103979233157,0.7870640766641036
-1.3016382143426664,-0.986906525853827,0.6543733633872326,1.8188830377499823
1.4022151524396043,3.53123070930782,0.015566565333198435,0.3512955503728568
-0.9028475004235139,3.379751560660876,-0.4339486703757613,-0.1236908709573046
-1.4308528061055767,-1.9469776240943344,0.0935794980303363,-0.19867482681954637
3.6872982123494595,3.4548179551040943,0.7478885936043789,0.41628811369222907
-3.526035477080051,-2.018481569487571,0.1383179704212883,0.9853259870699146
1.22847340984933,1.4445496210596573,-1.2172515746254384,1.3495569859773804
-3.14908517936497,2.084615512817747,-0.7658732921366814,-0.20201146733169212
2.9088599113237064,-2.8467101984921146,-0.19610394669407058,-0.7467121006512795
3.2032561380054183,-1.3153548233351773,-2.120125944963292,1.0871207769820803
-1.06629970671119,1.4213932315224056,-1.8528440556180992,0.4553436811992955
0.7009242673794203,-2.690543297620783,0.6915787813862504,0.18297819020831385
3.055041483795481,-2.216881377114797,0.8850034966983895,0.42289453186145076
-3.4718041621836235,-1.0409921811951282,0.8407947057826087,0.6572144014533613
-3.819185059079416,-4.751047161283105,0.5986702325382779,-2.2079848009326195
-2.8941598537790156,3.7737454765973104,-1.5266549171085377,-1.7106181621113468
-3.401500204630452,-0.5882297496228651,0.9010777459178773,0.8197951602293799
-3.6588469372946117,-2.2336503627894135,-2.6944833998167943,0.16192261811263964
-3.235579599546327,1.739502517437709,-0.9559583164477363,-1.213769314333069
-3.532196639704061,-2.0481470454163957,0.13460900370891907,0.9707649778018244
1.1528717378397904,1.2134081550685205,-1.5183011497757068,-0.42438844783646723
-3.177741489686405,1.9638295749395875,-0.876220156623083,-0.27708690789564794
-0.9723263022692995,1.9989254430165697,-2.4602751858471295,-1.4113540933456052
-3.595010048238405,-1.7403700429806228,-1.9632093645610595,1.1399239160991954
-1.2186798914514092,0.0721753904952342,0.9139724726346118,0.6600821554814678
3.305536530533456,-1.1311642863232054,0.708010678044406,1.8902643114166735
-3.753097838759061,-3.223334147862609,0.23611612387273243,-0.3030450386262141
-3.192665813332035,1.2912143555332671,1.8166369005941263,1.0484561765093408
3.2671096181309762,-0.342979192854215,-1.1471554030316091,1.2116916582907362
-3.611885319463453,-2.182865249230267,0.7805786706510929,1.7157934439301485
-3.3041966723893528,0.3716613943617733,1.62675801643663,0.7417227591709404
-3.613951043504354,-1.9309919508798372,-2.654416628218856,0.272146636832462
-1.0464791130262912,2.12863725141205,2.2582091403326157,-1.1415422311077104
3.1412348099449305,-1.80774877874906,-2.2807787929002807,0.9036869554592407
1.3399994192619542,2.3150857088596073,-0.3474012135079844,1.6353474135705317
-3.352694333030365,-0.14570011839911723,-1.6444472617924615,2.1732300632095836
1.1440273002691121,0.6919390062422289,-1.9132199399554737,0.25685475238359207
-3.130728856568322,2.3422307368983204,-1.7178035881763989,-2.2266661084564254
-3.1166459366629446,1.8076301464630231,-0.9666798995797721,1.8087317015503415
-3.301425720301172,1.8175528905623286,0.23810231589923236,0.4788975398361203
-3.349968983989069,0.13880459777702603,1.0725625916102166,-0.1886968531792561
-1.426269828543703,-1.749974804778656,0.5999732161005645,1.4948053751804082
-3.454616415140151,-0.8998818901171746,0.7523472559849842,0.2508241989918089
-3.2887228239205624,1.3340039068455085,-0.20935306532136672,1.5830107348001214
1.0779863153035816,0.4320025939086905,1.9349229119452866,0.006593803997998711
1.0474935968412415,-0.37041034830269365,0.8236038795635043,0.5849548609700241
3.694548524778747,2.834868858665326,-0.42472066311862905,1.4501197612046925
3.2004978242458932,-1.7080381274083618,0.85937249178772,0.6098560859793811
2.7600916043099692,-5.838232589093753,0.5612699372067834,-2.4227664612344095
-3.3921241724027897,-1.0092502133541132,-1.0410357459302844,-2.064717493963488
-1.1390921054645329,1.2819081219657875,-1.0973300950692433,0.4139632855418913
0.9330459804012282,-1.1219158902111552,-2.47675057852074,0.681962477087791
-3.592101759639895,-1.7125214729490494,-2.103343841049227,1.1989211033048888
3.4135649222721587,1.301577698162968,-0.6388665442805117,-0.72785279569072
3.1672804748351564,-0.7854998791104112,1.0948117497059537,-2.0552367344584734
3.3904996825103333,0.49528173573063167,1.01533507718593,-1.9978580150477303
-1.102068208473682,1.2606858454634524,2.096415941410682,1.5014027149662457
-1.6467072917054495,-3.4963059862579398,-2.7124934896682356,-1.6498990990077727
3.488010350842494,1.3560920620958141,-0.851546024672418,-0.29071467211475294
-3.146006836927006,1.9912725099325441,-0.6422747970685216,0.9691893012571936
3.5322423759892603,1.6285971220059918,-0.7281210385551731,1.0692547319249965
1.1448940219854251,0.8055764594238647,1.9853348036817267,0.13794215867502727
3.4668371750565656,1.3036977013420725,2.1532866393330425,-1.297064053759089
-3.4730549219569298,-0.9109150785947241,0.7501534010925867,0.24550639307028202
1.0655991269539824,0.1258011442047593,1.3255777273170501,-0.8986803546293428
2.9358114017739436,-3.0905038829985108,0.4980162579773379,-0.33508738723376746
3.221770923060234,-0.6988120572406317,0.2655038592817619,-3.2504760218397264
2.9453853115888733,-3.001428517636754,-2.616148717627531,0.040321825494442125
1.4335427470592697,3.0941487057419277,-0.2236798658045182,1.9524853242301081
-3.138127141297349,2.145767517519916,2.0431993137552777,-0.3755178687856996
-3.364928368067243,0.30476056973725674,-2.373639543415839,-1.6657759227570654
0.808025838407023,-2.149727703308569,1.0178671129428007,0.9985786018795478
3.152714174968671,-2.062276748154994,0.631565691269135,1.5005165290190416
3.280938440753562,0.27032736690322423,-0.2445330316519772,1.3797045482639605
-1.4052712416388486,-1.8998883293403095,-0.33443846763863255,0.22784214966420585
-1.2352158147126908,-0.23288022562229485,-2.3945394473278867,0.9411363554695656
-3.0030827617720663,2.8491439274673556,-0.8476826022112687,0.8967756223299851
3.5323239740297288,1.4066391070941566,-1.0017670877069824,0.5802353936540723
3.1656381300963075,-1.4652691243149065,0.36993941610597125,-1.4133849464109374
-1.171621201178225,1.1529302887495343,1.8973608252682117,-0.6202322439708796
-3.384089726732925,-0.5434993962691078,-1.6975189189456918,2.0503116792635923
-1.632798990595994,-3.0376270516152926,0.7004458131188535,1.4674154901021208
0.927435153690931,-1.6337183950263905,0.4222005356090581,0.38421664889453916
-3.6196430513846933,-1.7649027882754758,-1.1846859007179487,-0.9362277499656503
0.7675294616758286,-2.198354117429734,-2.3689609864855647,0.7003114861815827
3.134509510612896,-1.925674595918443,0.5788100998615153,0.11389760186443118
-1.366802911616784,-1.4445322377516123,0.593322797588154,1.6596413988858345
-1.0347259374255835,1.9856462019548655,-1.0909955570582734,-0.5945551483527005
3.1734702442677376,-1.1155061072959014,1.3722659852848085,-0.8526440122614211
3.038930763212603,-2.649569745208585,-2.2048430284510028,-2.3025315092683956
-3.4145922497805685,-0.5458890419820503,0.9139607202569973,-0.41387087039417136
-1.3464363236435808,-0.6971634008262637,0.6500708612347119,-0.8529768146030474
-1.124381034368563,1.5455818649899569,1.9969361805862187,-0.535149339908927
3.3997326762557236,1.0084046521407362,-2.1356981251492027,-2.9380155472919527
3.1556841822176165,-2.3633379953342035,-2.489202635185184,-1.1168473937056782
3.039793423151185,-2.662799313971442,1.0731769005394747,2.1336592169648156
1.1469793826569439,0.3454291210145527,-1.759639431419456,2.059045940324378
1.2186414855116103,1.7106428244385101,1.8047525771633837,-0.8226194333506295
0.996436752680307,-0.61350415323641,0.8596255186607709,0.47362046625104287
-0.9415524943512967,3.1655091069837002,-0.5500167730858013,-1.4599815544093717
3.542392286116106,1.644275387249213,1.8528341825123693,-1.5852125847170893
1.3357579245706415,2.022422907359533,-0.9635476199172849,1.9921239928525831
-1.244217685104203,0.4675488346590812,1.6525979657975807,-0.4603397235503498
-1.0632608756701798,1.2586860529842403,1.0050790866829693,-0.14167639488036537
3.1823432698922867,-0.4460374101897383,1.8045334929587822,-1.134566255838061
-0.8403789167149092,3.3952177593747104,-0.6735279069492437,1.122302482434985
-0.9713817903486999,3.1694843529333987,-0.06914080183447985,0.15921956560329864
0.7062004081838317,-3.1256427431961566,0.22448258659374587,-0.15646402893158398
-3.2995955932123056,1.6531970152198168,-0.4391058734610184,-1.6459948436003353
2.9882442278799624,-3.3995524922113702,-0.2104219938863608,0.21772073352881074
-3.4362252566199056,-0.7247980292607413,1.210412903824195,-0.09583079423849224
-3.482855614403085,-0.48952137513004695,-1.7950084112276485,0.12831110153845646
-1.3856101250576207,-0.7325806711280367,1.4247295361686274,-0.8516656846659053
1.456195136264711,3.9202152541462727,0.2515763224979604,-0.3280504906281282
1.3121174280879488,2.5320563032166126,-0.06715396822243445,0.8689531515598509
3.6787703416317346,2.7069388595070185,-0.32627216973459183,0.6117566020259909
-1.1804264649501173,0.7445836138292851,-1.5968643393240327,0.6274963050242445
0.8076256770557985,-2.532143556884895,-0.13144402151022586,0.468848043191859
3.6947790213140204,3.3057846999994784,-0.22866949402718792,-0.0703392907217672
1.1944149815623721,1.5107359055195044,-1.207233119622996,0.12392651836509153
-1.6455754168086394,-4.334487949755994,0.68764503696058,-1.9996247234792477
-3.3708338521378858,0.7705432710027336,-0.5347300995702011,0.970806646878861
-1.191076713181557,-0.42444973915875883,0.6342128580199959,2.0190745231328098
3.205949118851428,-0.4531349851710563,1.8043159347231057,-1.1308982765858289
3.258868068876751,-1.0194367793190493,0.8625606289956161,-0.41696882953916287
-1.3519727642451134,-1.4508729977542087,0.410536025856132,0.3870525133904749
3.1828334473606374,-0.9054863448673205,-1.568057194819727,0.5897974915405741
0.8367027517042875,-1.899121620238681,0.2750813369286633,-0.3820492301378573
-3.3706444870477905,0.2055157510756678,-1.3626289576770947,-0.04126839046546171
1.355972355367462,3.033868963488178,-0.619412169232587,-0.6229515353253011
3.300618260459677,0.6932311449703338,-0.9898764763693384,-1.4200378721726938
1.3273305828691178,3.116478687118243,0.4825734542225802,1.0486636150642674
1.1720077815740009,0.9602429749249837,-1.3556421271052808,1.2021348907221903
-1.3728861690348058,-1.2645072829889028,0.0726045509050929,-0.6229030404941475
1.0920207403304347,0.887786362024283,1.6953196131231507,-1.1189397908512047
3.2209619308255317,-0.522793788618624,1.565857487340133,-2.373257879086422
1.3375477592087002,2.143325891187984,-0.6018048285264054,2.451353352296591
0.9716663018482146,-0.6184722980222896,0.9682209650402179,-0.3209350754402142
-1.5086156307311518,-0.8534383283514807,-0.8036748263611724,-0.8223322024619261
-3.6500897724574366,-2.585238476549317,0.7279785827354796,1.574233889178694
2.9563677758043814,-2.964590712927531,0.7865038457054477,0.1521491496715265
-0.9750953733703852,3.170576275026462,0.45315673610003077,1.0108999534981404
1.1531661452482158,1.327551262141869,-2.1281067827556543,-2.8917821615850476
-3.6169146183692127,-1.4453699442089245,1.3655339600362797,-1.1996674548837916
0.8433134749463433,-1.1962055998451189,-2.0897483274650783,-0.45256071678385784
0.992858970695449,0.010969224150756289,-0.8169563409624198,1.6568706568181764
1.0543293795488156,-0.08978344179815421,0.766630891311405,-0.5689641394493261
3.5873949507052867,1.9498011550416945,-1.0230128291133305,-0.48430692154461796
3.052025174887221,-2.755879789479456,0.4045350602496342,0.0452872546684594
-3.16782402255137,1.569294975186495,-2.204896433955723,-1.2158622261052106
1.2522570577814187,2.120841997735718,2.543911206496609,-0.6777687323498386
-3.1630216897657215,2.01380158402995,-0.20441952834016,0.5593261958454375
-1.1625470217168952,0.7410731816624236,1.7083185957266716,0.9320017909388789
-3.5363281014589587,-0.8846025120692383,-2.1183894607485882,-0.4617332180925573
3.276341946239743,-0.134780884742062,1.4531417778587663,-1.3748477233816458
3.6965895928822605,3.445146974814715,0.5624873885915,1.2332335030570316
0.6994961605730365,-2.601523013310935,0.7984765884231149,0.2216542928775999
-1.2072874172633203,0.1608883790962204,-2.6842737232675304,-0.7969263815425245
1.0196183383661277,-0.20173092543472268,0.8466835327555977,-0.6026543135815965
-1.0554472690204217,1.2731985075852836,1.3467884918253206,-0.5540866832038572
2.997493026802851,-2.961698566538449,1.0336883588905907,2.0250643728035254
3.0865901247060594,-1.9189247257253979,-2.541974333636225,-1.0110796788869627
-3.328409583893348,0.8475519178276681,-1.3653228229685945,-0.23443050445704888
3.0760541466878104,-2.133218004829641,0.9447958893263597,0.39369955401982976
3.5207192059023655,1.6757574156677166,-0.3759537483745949,1.4978809350864266
-3.3429640174626396,0.21483230658803254,1.6743166849859736,0.6600575118322479
-1.2587572517753978,0.5238126183010196,1.631132911118738,-2.113277179120392
3.1879832637610925,-1.4820772043774002,-2.414494798247979,0.5978468835445437
-3.399802327003107,1.0584468036390213,-0.11186268177469802,-0.2128419101018803
0.5702869357424885,-3.84343419627311,0.039002062770624846,0.4109889228929127
-3.455712324245419,-0.09550493621947033,-1.4899664567563278,-0.5726281416262636
2.9536207532461844,-2.898205862599531,0.8432494027811954,0.11298989410606917
0.8811083154960375,-0.9162750359743782,-1.7810738609282428,0.08981302296621413
0.8812220405828741,-1.652586088300195,-2.1084372773695383,-2.005320244679601
-3.6327116930658225,-1.221187446826704,1.4619072334142913,-2.7983473804618835
3.0460395246340504,-2.031750668546382,-2.2383720964736367,-0.6669629919191989
-1.3246477831749108,-0.04101567685436864,-1.1319278409714524,1.1368711767880513
1.1473111718092752,1.5328655509022684,-1.164772549382152,-1.5748705106881042
-1.1203491986210428,1.239743512552364,-1.0966746561188045,0.3969076367905207
-3.3990549904772096,0.025631586209717807,1.560891903098833,-0.6718021959817999
0.7860017988103121,-1.3207468589743536,-2.520235703742071,-2.1398905729684006
-3.220131636504168,2.196099747060415,-0.2322156944598778,-0.24262057334784304
2.9141629858033693,-3.169023785904374,-2.0216602019831265,-3.3347715957230557
1.0289593296224049,-0.3151200840106395,1.3335671604884944,0.17480428485052057
3.195601031197076,-0.3034795639783858,-0.32070254556368066,1.1731417441396237
2.947242830384743,-2.7679475667167313,0.7184264718386685,-1.034669584598595
-3.762418464422912,-3.4703664092249356,-0.23072513462406768,0.020315065595824567
1.1399846504435927,0.6180802638707055,1.4779181593413113,0.5420226395892226
1.1180073798137926,0.1425473481737591,1.2538126802949774,0.3613546072737058
1.077982006139759,0.9916504680884325,-1.5559191715533036,-2.153273792604423
-1.0041319953029215,1.3068096677959689,-2.4615765499511517,1.0515902769864354
-3.151437414150945,2.595366698135228,-0.429237572468916,-0.5104372902302666
3.150291423648891,-2.220677641681509,-3.521438298829273,-0.8874813218623367
3.5344427808947887,1.904963151842971,-0.026978598278169542,1.9675780725772773
3.0960267850150154,-2.44045957858749,0.852628641212458,1.8111360665330454
-3.123027961680118,2.9214014953856267,0.3864302413919922,0.862920228585077
-1.210299063394252,0.18513929913007154,-1.2209603802610083,2.7626230588021214
1.461325101200852,3.393518978864112,-0.3931872024699346,-0.05850560240398851
1.1782855443512985,1.1914088305250603,1.0713576325723257,-1.809457767495786
0.6519791442037742,-3.2485252457165026,0.43729384665074594,1.0111882064091227
-1.2191125680493653,0.10677510939638254,1.3536813400369647,0.2605436450288735
2.8358653464202677,-4.317703477156239,0.013461551270580832,0.3022779229846883
-3.2306245126495488,2.0172879320573966,-0.4856403481741226,-1.5241058566015662
1.0954538896792558,0.8622610877900578,-1.0425399718732404,0.2969664842281529
-1.0043294816108674,2.2780184769259866,-0.8910050195446071,0.7470188084819134
0.6895451139578256,-3.033739747481451,0.418009619925753,1.1455876325394925
3.170106219423624,-0.6400718899557204,1.5284449613369435,-1.6076895278594983
1.2622356446383063,1.9325927712406692,2.0372537521536564,-0.2753091163241609
-1.0878976859873222,1.524271240042895,1.6013698761004838,-0.8997411938425093
-1.0785508765665242,1.1514388603463104,1.3301444212933367,-0.5950750957578722
-3.3661793883172715,0.5445739122232265,1.260863660225701,-1.7477630817540077
-3.548095021355354,-1.9892439175235703,0.39206656288335906,1.3988212654807461
3.426147755672238,0.8704802492654106,1.4108149807088968,-1.44927861473477
-3.660863207061323,-2.584345297930219,0.6404887415415058,0.3126497496041138
2.92207812557544,-3.012236155805309,-2.958970988064802,-1.845480876468048
-3.384726674633794,-0.0639443588827047,1.3177047045770738,0.17281482583723282
1.0626170632206853,0.8686468706273872,-1.8444242654090457,-2.6315916261101293
3.1369794462843736,-1.6043557501729349,0.8736566406787178,-0.615016720252049
1.1306056721934865,0.8921737482260853,1.0315025813086485,-1.9174893344252326
0.9477401186091703,-0.9832728272540353,1.01335752841128,0.8080150189992099
1.3378282480251815,2.4951788960611445,-0.6414854154036916,0.06848302187247148
0.9732863928729868,-0.8373752700017126,0.7612889730099667,0.4179623361077783
1.3300156404683208,1.5987459624390106,1.1753493733444569,-0.7655384227908547
-1.2646980474349963,0.5487867088225236,1.816721302057267,-0.8342577179613464
-1.1979240838312806,0.2618077488794891,1.6248495353766068,0.7255153491941901
-3.5343673937568996,-0.40177084332807445,1.8193000580444112,-2.0833205652687514
-1.118260849091544,0.9970656630244031,1.4917721582800443,0.6169141861677352
1.2953960038411667,2.680934365518767,-0.48923556395427864,-0.33389290544843137
-0.78048688308872,4.376255379928834,0.27621565006366094,-0.2260601144269375
1.1621074239616367,0.9099796372225702,-1.5381012122044793,0.7462737512049955
-1.3170543417134173,-1.2026857572927891,0.7138260639841317,0.9334962263050252
1.2865218025468266,2.2472003372721234,-0.42414838331964816,0.3847749958592944
-0.8679684830764043,3.7922359605796396,-0.23658143481927876,-0.026193702295605324
0.8549610509226668,-1.7590745690205087,0.6400059098695512,0.08456001901899055
1.1219764947910154,0.45927617440081114,1.0233154965065365,-1.1898535886063046
3.3901635121785767,0.0023182327204636626,0.815851566577843,-0.47718564333193275
3.337670528052167,-0.9737083509696992,0.7289099603974338,1.9523144836476143
0.9196903528592013,-1.0302133626209489,0.7345401033923252,0.34739315694101297
3.3623409960874775,0.6195212980966279,1.8986966593201242,-0.6904384081148953
-3.2352233973795514,1.2502691472986494,1.444125627533936,-2.313985485605253
-3.6566532863413292,-2.4707530027774918,-0.12102363959163391,-1.1131956374785528
-3.3041343378920804,0.6746242237274133,-1.6399703531477716,0.5446210939917213
3.1065429187991405,-1.8546025772072114,-0.6410904548342871,0.07167898811755784
-1.4164869906919315,-1.8515060396949006,0.01756212432935777,0.6610216694681479
3.4494084268187297,0.3746608109775849,1.3869612822583857,0.518645058679296
-3.559461761140154,-1.3439512122422037,1.377071951809206,0.09385346321413066
-3.5067679072767395,-1.2064733664128573,0.9619031936334954,0.5508481589189155
1.1998671397636047,2.194066175441373,-0.4821167952369892,-0.5118260893288565
-3.2769082684448367,0.37719927413168686,-1.6570572119612283,-2.230552703616286
-3.447106036199651,-0.13780005556550373,1.0749992786680889,-1.9939455450968595
1.130502187693724,1.201599847382468,-0.7266558751739237,0.8619292174208051
3.518592890511755,1.5964717718091794,2.0287597638011747,-0.3366794829118919
-3.3388693650590686,0.7050432634768988,-1.1325715053625498,0.11790099947623221
1.5549001241202909,4.335128686119968,0.16472222853311186,-0.1295964168447369
3.701937220464092,2.9417149218615606,-0.2264329224339325,0.6696798676898424
3.289175899823895,-1.3287924714443184,0.33545649995981675,1.4091672098030819
1.1031489036507163,0.6906846480488873,-1.9328740987876805,-1.0272677571348858
1.0918485794054182,0.04252158682696457,-1.9765212415122737,1.518412395730878
-3.5631686074889735,-1.375368824928834,0.2752366306874826,-1.5618002179252017
3.404476361164809,0.4804992914176099,-1.5595377845086065,0.6579772775957219
-1.244312354959493,0.7008502869070994,-1.1006298386932278,0.17918655261563105
-1.021735138033787,1.889932663209409,-0.672206680109023,2.298133437775287
-1.107580160660485,1.5122922174815818,-1.1540357600205542,-0.7639431769191324
-3.5821914499548364,-0.7531981483887275,1.658201588554481,-1.4248570958967035
-1.3395558609314548,-0.5143457986288656,-0.9954777822874572,2.897652249291284
-3.7748991254194446,-3.4350402978956667,0.023983840164762567,0.4394506662226931
1.2780314202905991,1.8720299201003276,-1.7752847687866105,-0.6119770548402268
1.1689039222627633,1.4800521173692764,-0.4385420065531132,1.3637282214014355
-1.388061512454337,-0.05899137630449029,1.9671003993764709,-1.9302497378571917
-3.58619046156638,-1.8377521849069522,0.7434708023821042,-0.87858097124436
-1.313438069136663,0.33548320195039877,1.8358469565684283,-0.9707472626271926
-3.3759430633285805,0.14614380711954464,1.5768904835947901,-0.6252547048806644
-1.036200094773419,1.5576697104899755,1.4796044017849734,-0.44986505940063026
-1.5328680443052418,-2.017887891011175,0.5675748679806604,-0.07154071117819036
3.1586581782373893,-1.6093993529442998,1.1991663479212487,-0.23752740013369134
3.046376803076632,-2.1526799570014514,-2.8451957589535946,-1.5342207388503268
-2.8969457356520723,4.162502063720424,0.14607880329128484,-0.3327288899942692
3.2285749642372443,-1.2683470274356423,0.8294719880953715,-0.5018712326641922
0.6640428861663441,-3.3942249633154415,-2.6627925243881667,-1.5595551003237955
2.9174308645527005,-3.642212658267982,0.17122743689327263,0.5215378320130115
3.1136595501447397,-1.9226003948592232,1.08840157898721,-0.32359403180276763
-1.0754138470975962,1.2284865967649456,-0.7638228154442772,3.524347027603501
3.12991547314012,-2.196264274384449,0.6139032947404924,1.449005003960081
1.4956077179141418,4.0995088412610245,0.20742665154157716,-0.24519028132878493
3.5022089183051284,1.4901944720247853,-0.9228728435168376,0.5846330692727076
1.2896605175083642,1.6863981535444936,-1.0079339701988586,1.8708484647731825
0.7341565629046293,-2.684902662137182,0.6965353177625067,0.39546535618728584
3.627680194626289,2.9012354434250898,0.1713375792270411,0.6500091244489359
-3.661168210743378,-2.418725323747041,0.3205444101566408,-1.504976126273837
3.344679979029927,0.034822974409962563,-2.648404481712247,-2.004688776535721
-3.2681355166234423,1.4660659243001295,-0.2787389711538398,0.36741788194939257
-3.587793266702118,-1.5525720681868198,0.502616374314529,-1.218076437117869
3.48316119144936,1.2603951611005226,-1.027047460711403,0.5232686622674865
2.9891019009818516,-2.7863789933381504,-2.1393015647350744,0.9929118993273247
-1.337113279694102,-1.3603208468096069,0.171624028425142,0.014414883777212863
-1.0179261881756139,2.191905161737644,-0.902387762966058,0.7149424052603561
3.2526387562513186,-0.3498650169736445,-1.1003893172135482,1.1487565904275776
0.6869626631364314,-3.3183024276189865,-0.2360550004086411,0.18665109276871403
3.2320950269074236,-0.7442653752930652,-1.5453176318920583,0.6469070706263438
-3.2245674103377815,2.115421571574717,-0.7245712902023969,-1.8875174681507716
-3.360797474002465,-0.024565099854885104,0.705426993352304,-0.6678818668194397
0.927453285558295,-0.977771123901229,1.33303920310227,1.191795223412742
-1.88722062972273,-4.790010350633118,0.19687337807895075,0.38953313422047875
-3.5286029651979045,-0.5104780978707917,1.2088535432995422,-2.94821119156661
-1.2766058972208492,-0.22143834411671764,1.5605230100391805,0.5495673313844888
-3.457284202076822,-1.3941065947764242,0.04346861862563981,0.7829001842589545
-1.1507961925479533,0.4122074909437231,1.0751818091654366,-0.009073585639429699
0.6878079769578599,-2.9475442833394925,0.9122196023822603,0.7072500213111258
3.5530106070033423,1.7242119976569004,-1.0530673677279212,-0.5646910208838571
3.274782891769481,-0.2938394742554416,-2.074754497498146,-1.2671486865490953
-3.0538037232017854,3.12973668376986,-0.1550268175432941,0.15106706946196333
-3.2312272207677633,2.2743600203834466,0.3002123072587548,0.626669685053677
3.5877697687632715,2.4485335307826417,-0.7565641024345338,-0.7759135517646567
0.8867160021386489,-1.3594113318909165,0.8760946649265015,-0.5891108029715014
0.8401974891785182,-1.5997115253298768,0.9307322116857846,0.5861583850580054
1.010634599135528,-0.16002872456812323,-2.026478668071608,-0.05191583579345008
1.1434709502559186,1.0828408166477264,-1.0872837923872207,0.4021328457343265
-3.1759832095301306,1.6707124808554563,-1.0786273561140098,0.49645596197228503
3.0229386494313384,-2.1362597122595406,1.1961612402423971,-0.4512766625751762
3.2699660026070645,-0.6803801665681841,1.2471358074457344,0.1222706025734134
1.1085539205394932,0.5200611397997382,1.6279485506519724,-0.3492641766913737
-1.0723776845945956,1.564703172176792,-1.0526986270611094,0.5033672369051091
-1.0123006628020328,2.13402000281028,-1.4319472584084447,-0.15423352038673194
-1.0918746348360364,1.891707151374249,-1.7440380619736489,-2.3326611169581586
-1.5616284054204244,-2.7247888429414635,0.33621220881129504,-0.06461989834560837
-3.1546645998399914,2.5818491836544113,-0.43106916569110737,-0.5155924429103997
-1.4070779508533366,-0.9302910297551872,0.7612600247142637,-0.9817355882347416
-3.6789409346455155,-2.6597807424390587,0.7172107597715975,1.5472218197847594
1.0719159879212459,0.7708390203341577,2.1330222464109405,-0.2865571282448274
-1.3618979861657685,-0.6051331721271237,-1.8508076705664323,1.637838341774975
-1.238240980321503,0.004417653975539082,-1.3330051594222911,1.4471730814521298
3.1770644239170776,-1.70403348494441,0.3372188722828166,-0.2505566299840897
2.9782489396362495,-3.170724860416322,0.6686068384965845,0.2809644498516985
-3.5683896852317343,-2.020934233883131,0.4831345350569074,1.391104585073382
3.5439760604884416,2.2265014131980143,-0.35124508234814067,-1.2670501474382618
0.9973629267654619,-0.8703806993205869,-0.700970187110171,-2.738265579959438
-3.6059454965236846,-1.9238915046966667,0.2005639842709749,-0.505238440979158
-3.454446178999904,-0.7578618352788206,1.0209278305773866,0.7099725922339583
0.983902780346673,-0.7971028031660607,-2.182624181619319,1.2055963819137694
3.64280589438164,2.335233928202787,-0.6339088365288975,1.3219528673953274
-3.2449984009557458,1.4876870010204082,-0.1878907372664094,1.6380948265779511
-1.5051596590496645,-1.8164937798931378,-2.2597892174738456,0.7845193400157041
3.7067024185980695,3.4558329738151796,-0.09367885684938433,-0.812602517061443
-1.3008166151553582,-0.3921595873238533,0.9621974159548091,-0.300585374640076
-1.2809968561786476,0.5833082672188155,2.3908742108627496,-0.030298904435996424
3.424635147427387,0.5083073406210463,-2.5851424956992584,-1.8334227479902974
-0.8101050965259935,3.343284719211158,-0.909943949237297,-0.10212666847029102
-1.0456389993714512,2.618020053352827,-0.14223635582302757,-0.03587226901442694
1.2776388383551545,2.5378735587938857,-0.34629663778562136,-1.2152558341052122
-0.8879185175262699,3.6312006135479162,0.1082249728388244,-0.46771840611455234
3.0499943959787825,-2.291121164157889,-2.5966243185034323,0.32091366214401756
1.373309360650015,2.8282081723581274,-0.4621797743254043,1.385104662293364
-1.1871777074790384,0.6444791980562036,-2.368411896984237,-1.4649576388436494
-3.371481551512762,-0.022496806935362157,-1.3011779510865404,1.34394523479092
1.048302867555242,0.7210459408593818,2.445654528662862,0.07675222926154261
-3.245522629557903,1.5122166723383113,-0.9581780360380481,0.39024439079418327
0.9475950476026567,-0.6222739965577367,1.04162819862361,-0.35176574357184315
-1.4091161039029225,-1.821579340787791,0.021499886488377543,0.6740121332361858
-1.0475696752103918,1.9761271406012009,2.0065876436880785,-0.32231077322909674
1.3209069806940164,2.7984109753745683,-0.4750815030541577,-0.2690003198121584
3.3205411269435277,-0.670215372007991,0.9962463599027176,0.9733681720256018
3.7699660909686776,3.579447072510872,-0.1709907053248731,-0.7729052961822379
-0.9720969921401413,2.9617711762809553,-0.6660308767667863,-0.704831927435287
1.048121484024333,-0.09297394799259485,1.037854330158145,-0.13128807438835152
-3.7588322130767367,-3.4497588577675242,0.29449608957420365,0.8776282739365205
-0.9498610375948002,1.7307731191495648,-1.6987703302814001,1.2354813401923712
3.2184234969615697,-0.6329393615300734,-1.2729452268846055,-0.15511395189715432
3.205085630919268,-0.8437719304240597,1.5518724830292017,-0.8063128957764978
-1.2097947631480521,0.8176262259213737,-1.1589156024501195,0.2452596070611753
-3.3543247732963306,0.3760880824042221,-1.4292724238066028,0.847120467233592
-3.5038182967945155,-1.2972598879241308,0.9027022919169251,0.5739524229790763
1.053741487073259,1.250982814889009,-0.2877106706191544,-0.4680832045839689
-0.9429979266820999,2.5893620208713686,-0.6728454562567034,1.2917827421633974
3.296399522643951,0.10560713552378467,1.8308961439951517,-0.8741488596903471
3.3568997779504586,-0.025557179722216605,1.428958776696833,0.36944294459792476
1.2478595841100217,1.9723079694946988,-0.14033313707451978,0.6652942152311646
-3.320326884182373,0.2594574389911556,0.9276404924127399,-1.3854044938655834
3.6288141008790555,2.1143466264202146,-0.5883913305475313,1.218470960820808
-0.9688654745557445,3.201966193955529,0.20686214814652717,0.6112901157205667
-1.3101888317391817,-0.06499319133247011,-1.454036545701932,0.7442388221007108
0.8980684330515757,-1.454725842321457,0.6053252506004049,0.2222046296858353
1.193489433122759,1.5057709274496045,-0.957251820699514,0.5316952424524882
3.6406968806848443,2.5027961497244164,-0.719164018425933,0.9147622049893093
-3.313882388461472,0.12873785107871985,0.9985098977947028,-0.16890117634313334
0.7095645217922933,-2.381624326103457,-2.985616927647727,-1.659087451764695
3.0513081850158024,-2.3726243800459863,0.5935838708653411,-0.07466202536289043
-3.5985569238926693,-1.9496136942714184,0.29411902444769866,-0.5151821891265898
-3.4468821886046057,-0.8755277024391298,0.8709393747733123,-0.5313149594611533
-0.9649255336126543,3.2530061520635742,0.12623516514324643,-0.6303249446667645
-3.525605622029068,-1.3500394429389881,-2.3267582945267216,0.8933730488506729
-3.086609557728857,2.9151211394330505,-0.36607313385760903,-1.199195792953736
-3.593845873032401,-2.2196310577491167,1.0271148956633342,2.1171102267773625
-3.541702217353622,-1.0716201165616326,-2.217102957372521,-0.5005416740447628
-1.6998489547629017,-3.4040115524368573,-3.134882742318455,-0.585450126927519
3.4495243365427353,1.59687180159497,-0.3472621793281828,-0.23842243500341806
3.6241194375519243,1.9704143652701742,-0.7925878773217443,2.0026901244670703
-0.9821273965198438,2.495798009581109,-0.34004097988451387,1.6740327362998084
-3.585200449711279,-1.9502389852013198,-3.2468960426549316,-0.560749138607796
-3.5731539693632093,-1.6405810378722847,0.5846252813773735,0.007327802609735032
-3.588670247918766,-2.2075348393201892,0.18680419127036066,0.8851065802635605
0.7399895265831842,-2.086774297825986,0.5971505954593231,-1.2893405252164738
0.679681268331537,-3.2248232398485723,0.046918073616142114,0.6629440802522443
3.251060949156985,-0.11117012161328294,1.965047952585047,-1.8044854488266935
-0.908297558162462,3.020999353373599,2.627834945824274,-0.4137806190261864
-1.445786281742381,-1.4156364213394734,1.238958421153492,0.9705050471912418
0.8769270674235923,-0.9822470461380569,-2.8196257313313455,-2.435600129700563
-3.372269402549509,0.6223752036782965,1.9560815708121988,-1.7188557385557441
-1.6202881683801207,-3.6709892288270027,2.492019945405402,-0.5161525907027172
1.0591090918747827,0.7738045871347283,2.114834930975548,-1.5725581562464714
3.2909412986434665,0.19725478484919373,-0.7756049738561273,0.5029485722124264
-3.4732721668779276,-1.5108997424077684,0.4560322973430272,1.5675285144242053
-0.8898610278698709,3.0371613593131452,2.060632220057914,-1.2055310428431882
1.1805784518605267,1.5732092190693037,2.3080600391955657,-0.021849465494192234
-3.3452373667833686,0.8901610561919877,2.3108531147909064,-1.238914957882707
-3.5479830424068917,-0.6621238804949616,-2.46127321388462,-3.728402106417656
-3.6336648492135555,-1.2533141270646726,-0.01574566078247983,-3.1835578322397957
-1.267132795141075,0.13784838079091022,-1.2504908879822816,1.2512207088704501
-1.3551882305290475,-1.1373524986515244,0.0895777176176479,-0.5790272554407145
-1.280652252414179,-0.3098789018823511,-2.7469056647776977,-0.9667283270716098
-3.584663418300569,-2.3852506687087978,-2.598403320214823,-1.306624398419105
-3.0922004355193713,2.5000554495399188,-0.45961102251950375,0.34838354794960386
3.7379816585442773,3.7254637398818327,0.5127456542008341,0.07068704619775491
0.8672604613327706,-2.0178588026840774,0.03133631789981827,0.6662563866973787
0.8221894159153895,-2.227812267309868,0.9590481150397406,1.0479759302499454
-1.266794000025678,-0.25834308314328913,-2.3238999376343537,0.898560049477546
0.7014898470399349,-2.614672737881101,0.7967649229972409,0.21892534944298386
3.5609538575689146,1.6927475687991096,-1.491934131567075,-0.16493308297993747
-0.865655364533618,2.547779004326706,-0.6748795660222097,2.734892636073555
3.0809267621073815,-2.420513644909101,0.7676178422172496,0.5526369361487461
-0.939429490223213,3.1823797340617213,-0.5477334157737621,-1.4546834481391073
1.0973381205247925,0.38651298800986605,1.3596382855172824,-0.8024212555001387
-1.1228437482541218,0.6751084310431479,-2.887379008855165,-1.0527293000125968
3.6007036017034775,2.501172426586316,-1.0001924062066427,-1.1638073211678022
-1.1461153018833783,1.2714829304928241,1.390811704962024,-1.4247506553275002
-1.212671679799539,0.2715197146438041,-1.291977345615944,-1.8007493674660318
-3.1998172467263775,1.5857556106133364,-1.0155457888250106,0.43846536499709765
-1.4188711994470673,-0.7699738842721393,1.7392368587352276,-0.4937468446850749
-0.8578965648520329,3.148932872810392,-0.9360503040651588,-0.1798959574311015
-3.302360549825369,0.7057674323699761,2.1731810861619234,0.425778849319163
0.6766841633836058,-3.3699605206512557,0.028686578005508532,0.6093924673076998
-3.541521948372311,-1.9560433566541016,0.7430370496644887,1.8267323504038937
-1.3026422811048441,-0.4282155230325873,0.6858507574011096,-0.7547977836314285
3.555256800426239,1.492784972513513,-1.17412730502062,1.4273506847691173
3.122626353287408,-1.9868974097171646,0.7343578582293101,-0.7632827515665637
-1.275661212866768,0.14324294610182947,-1.4260760479045955,0.8174750491294931
3.284363955732999,-0.8600083488528295,1.230067243542861,0.0591729473571509
-1.2102313997086656,0.688767877765952,-0.9192520373171094,0.6043368172359951
0.5743291981049753,-4.015687541574344,-0.14489661927213962,-0.878986279720322
-0.9456493302162347,3.256832562522893,-0.3079535918310921,-0.21405198312187232
1.0929448813671756,1.296921050114095,-0.7616711949840856,-2.0716758945144127
1.4991364730371681,3.9785980005643555,-0.49411745153263337,-0.27984874395262616
2.7610783718572574,-5.82394948908619,0.5629871873862489,-2.416128301666082
-1.204838266701312,0.4548788449017677,1.2170071061857604,-0.045846605461515935
-1.030674707924952,1.4217534798076406,-1.5105084995135665,2.3348413538204174
0.8834255025681602,-1.3892824193063418,0.9593661777479201,0.6606243838282294
3.462456770839793,1.1314171338346064,-0.7939392281275929,0.8906203258486616
-3.178676873283998,2.6182080893164836,0.2585127401677659,-0.5071570864829879
1.2400908333296283,2.1748660677967857,-1.0796931375109864,-1.3436660022873763
0.8198069744120505,-2.183815853397727,0.3282069620148724,0.9879164206639257
1.1211934517872824,0.9451263856473544,-1.1056635478872783,0.3526710136290206
2.9327101768029826,-3.0978949593823883,0.768845552747207,0.10135760779951487
-3.5715526676888056,-1.426068907230192,-1.7200896342644316,1.7198516435046525
-1.2675904797575657,0.13096846168397727,1.6959161544950403,0.6852998057043569
-3.4454412183068905,-0.6091563448981705,0.9737292399162046,-0.45386236493902915
0.6918961515228479,-3.0335045463585537,0.4663305913227695,1.0873961811193789
-1.3451588427521444,-0.5440142392949591,-0.9993123071674571,2.8849685739265203
-3.262564287341582,1.1649759225089773,-0.4830649362586404,2.3591353763020413
-1.1543883325189703,0.4546173823497038,-1.6179585750535381,1.1819543558502386
-1.3159944010509546,-0.3037458419469877,1.231744433080982,-1.112340925452683
-1.4490162559405066,-1.987620951482751,0.17502811296648985,1.0438708088228577
-1.2309325199301275,0.2039830777423749,-1.4222941862570915,2.3038947268927386
-1.069948078656257,1.1820909081060291,-2.202898342708688,-0.014097052128292277
1.5337072744103526,4.074705104102979,-0.5759228807156372,-0.2547972706495581
3.434745767071372,0.347519320480792,-1.2143447112783965,1.6858720955403517
-1.4137650895486247,-1.7927352315153557,0.2758756897293101,1.0897345847871704
3.174993344121076,-1.4017274386822318,-1.787342289180772,-2.6963568888672644
1.2397014413218237,1.7701032952215974,-1.4439773343190168,-0.2267365102636387
3.2704041840335565,-0.18959208364208702,-0.5568417093533785,2.0549256753970355
0.9263888021242729,-0.9178874523686404,0.9285561771139841,-0.4301708511018626
-0.863161799868829,3.3236658156594374,-0.1611448471634894,1.9460969311349572
-3.6394005530143785,-1.9939934973607096,0.6059324533642308,-0.14211105264258075
3.119109942171107,-1.8750541881231104,1.2504422159929107,0.9351486857195326
3.5368454425460647,1.7374365389303006,2.2108787458852563,-1.1377456956054879
-0.849405413386865,3.4150853933050294,-0.23653384810943914,0.7228532262564683
2.9928862738527773,-3.0121384137008294,0.6890043223129907,0.34059428677659076
0.8520694266761517,-1.1508591112659536,1.2901958062748786,-0.1550156284395843
-1.045230099149815,1.8389759752381147,1.804810130030076,-1.6177620573392897
-1.3104083690846406,-0.3049139306815545,1.0472289329555469,-0.29239859757143977
0.651443556976264,-2.494437896041024,0.9767350337051067,-1.844395957668673
3.3039872478090313,-0.538750426208675,0.743883692324711,-0.6736921557384966
0.7064810352062538,-2.834390249677187,0.9272617087284439,0.7488498430890269
-3.2544703146339016,1.2631934632410682,1.9673884880227597,-1.461215814504833
-2.9574093450519197,3.164751818770137,2.0450295056799406,-1.2165819189280815
-3.3019807675214885,0.7293376357482996,-1.0623597517950678,1.3557783530945875
-1.1979675200467805,1.3233101491111656,-0.515438718143359,-0.037980958060143996
3.3840188213221314,-0.23020418930041392,0.6278815324852162,0.28886432014689506
-3.443332119369965,-0.45265948683881296,0.994405138791443,-0.4092937021532408
1.0510121500029423,-0.38045196910150525,0.5717203348750355,0.17363922317694205
0.9375564494659178,-0.9572641517968806,1.064291070330023,0.7589940639703661
-3.307824585182975,1.2273450705611557,-0.2235043671201775,1.5425432396608154
-0.9281296730152189,2.9555229584108353,-0.2978407102057262,0.5547703703368381
0.9461600458368045,-0.41398967411614984,0.5387879919808486,-2.7717790206035824
-2.941685401620565,3.608598162536207,-0.9587985955918316,-0.9370116159287738
-1.1562249778499742,0.842380513498252,-1.4945666804437696,-0.1642750563272747
1.2634839900089843,1.258192420192196,1.1305660649550966,-0.9030619429287612
-1.2892194568721487,-0.1932278097366622,1.0624635635080693,-0.25440532103037056
3.6602783567574972,3.0426102626928855,0.02854676722834678,-0.5317142821957954
-1.3906095509062657,-1.2774529296696702,-2.0961521635533367,-1.9268135362757346
3.174115468360311,-1.5943145600079067,0.6972268205289579,0.20583236136476885
-1.4091401534723489,-0.7646268202305633,-1.2753644768754993,0.9391034896031536
0.7136630073740005,-2.906047081327871,0.25195396100271533,-0.07225499138981463
1.4441030220560889,3.752941955211859,-0.2052888623274871,0.02255662360549263
1.242289864712061,1.5651424646008456,-0.6790136892500677,2.2431589752888557
-3.2102688075927217,1.8651912855892727,2.440351709520971,-0.8949175982518385
-1.1646146207320058,1.0622054197895403,1.5398640666810255,-1.0689033442498808
3.5242729156090307,1.4385464343065877,1.575208268017273,-2.065269029555742
3.117566313702068,-2.1633463990217088,0.5480892360819645,0.02944931720344289
0.6089279739150789,-2.9445361489002932,1.2346226932688582,-0.37315108746500286
1.0781250830157552,0.7551293813229409,-1.0567340991886272,0.2572137665651381
0.7351710945912178,-2.1517371130807885,-1.9492420076281345,1.1095189584301186
-0.8506796042251437,3.623259442015576,-0.9234668988233485,-0.883722141088299
-1.2226277601145683,0.38259565050246225,-1.124064394413333,1.3739432428181844
3.3743919289401503,-0.09446988323242164,-1.6194973154594945,1.1140935361671098
1.119420108544404,0.16138608727949308,1.3294564668296465,0.36166499593251783
-3.3736920012331546,1.4534487350083396,-0.654093608818032,-0.877815147054089
2.974105205110797,-2.563209008238486,1.1810095725674037,-1.375289866631774
1.0783247961487028,0.3851667587259065,1.6783054285924601,-0.4184066554082519
2.9401987813340624,-2.9626733728171843,-1.994634042503908,-3.258852811484795
-3.1529304447702593,2.6401924230805087,-0.42369593207242345,-0.49428604531740683
-3.5189719513225963,-1.663015670172287,0.32786089160264503,1.053580972231166
-3.5466656289782366,-2.032586420204999,0.1361086246032198,0.9730254012508537
3.3126217487621967,0.7899816793603661,-0.6315559399222227,-0.9583887200115131
-1.4740815531632752,-2.308499323648512,0.046269795061778723,-0.33070658321497926
-1.4056843793068006,-1.3198887861908262,-2.539182054540156,0.5487076222139564
1.1216497217254349,0.6668315413884438,2.0539301501200464,1.3489249814458883
3.7092166661372947,3.479824136130683,0.04525110732153003,0.39278963569066033
1.027807529487562,0.5644624851466958,2.086917611243618,-1.6464459387294288
3.4994591135854716,1.315564938413545,2.081886294792839,-1.2703137166243046
-3.2867296296279025,0.33811858743538037,-2.6195894116809777,-0.8143481913021164
-1.2594251770864633,-0.04090946111963312,1.1718602538055325,-1.0263935131598338
0.6720060870038865,-3.4850347821036403,-2.674226038630452,-1.5867074115132482
1.3066742893673176,2.301484056970188,-1.9984727144197674,-2.5401669480411964
-0.8211101186134161,4.145748227566342,0.24521108848338188,-0.3079431585266895
-3.0679530408216857,2.4213629369828875,1.9456620427824107,-1.4757531970109625
1.0679710405407488,0.6858409299920878,-1.0660912132092386,0.23432027966277877
-3.4127585838380976,-0.5589824615631931,1.1632129827383737,-0.010890956121800306
-3.461717912094886,-0.6660925764639416,0.8045198179379912,-1.7177011313902995
3.5180270453073743,2.1411801399347024,-0.1805081958512573,-0.027362539413180516
2.9909582631225327,-3.358133773688071,-0.020622947459116123,-0.5855836147141347
-3.4311289047236966,-0.857822115240728,0.614968919117793,0.3155823734832293
3.526506971674714,1.7731361090611482,2.5347773285684303,-0.7423062834090123
3.0160528195651426,-2.7208930635888833,-2.9238189030777573,-0.27619869920352036
-3.4387582694672107,-0.4044413807326096,1.1850513793383204,-1.2089505639413418
3.170840823841827,-1.1785731611013335,1.0920628910754115,-1.311286462637095
-3.3491055084949832,0.5027485330178417,1.6827889327814576,-0.9154771735663595
-3.489481448685048,-1.0471468182867114,1.0984808762833946,-0.1899952276027662
-1.0444001023262226,2.4507593268173973,-1.0801200696494326,-1.3052604987423446
1.3430757519936143,2.1999291220082804,-1.779849572783115,-0.4266975003277698
-3.3257272903732376,0.7000768300198231,1.45795112880585,-1.2529648798859612
-3.4555633292657126,-0.2480010829798306,-1.2408797910766656,1.0646660119037836
3.0795490337997675,-2.833386557232954,-0.13493889755097854,0.4218631540443913
2.9873905333015944,-3.015173953586814,0.9392701688111604,0.7457317339619103
-1.135214020189633,1.2731918616836313,1.5678377919563788,-0.9937521606410684
-3.3544674233782126,0.6374101282288889,1.5916527908094473,-1.3149316033628269
2.799691231480718,-4.471531113770648,0.2641162697017341,0.6881169950569296
-3.65103710575942,-1.3980956846626134,-1.6627402521195598,-1.04421246532782
3.341406048783529,-1.0749442963097737,0.6208187645860181,1.9065141830257022
1.0094556031014839,-0.44559343474806457,1.6547218875257839,1.7898988149465596
0.5307660273773922,-5.243526372388966,0.6036487241491248,-2.269901310655482
1.1589884089911084,1.1540172888193583,-1.600353996849124,-0.4183946649795538
-1.2282408242934622,0.07542325422903103,0.9371492154956809,-1.3916514011564083
0.9465944346892217,-0.6687959004775188,-0.9796617806076541,2.901892350499537
-0.774336423342565,4.174757627196796,-0.4147752880965577,-1.1017541075519324
-3.520183773884275,-0.8589474591692595,-1.9382002349284044,-0.020892618131604455
0.6570521191902904,-3.4293497807359756,0.2710436795240015,0.9959696798490346
-3.54754502259702,-1.7368576746895577,-3.2180870228043204,-0.48624402421486873
3.4582643871950323,0.423025445922723,-1.5446851733963622,-2.03748164516885
3.587918666954165,2.6462507777167437,-0.31588041232750913,-0.317292303100177
-1.1054207131970932,1.6504392048315004,-0.4512496377056157,1.3588366665254843
-3.4811607683703043,-0.8116382130462889,-1.8404257397400852,1.4655147532171269
-0.7193279230348553,4.690525491104291,0.2495928461177942,-0.08879316850008719
-1.3778738527316827,-1.1144050698582086,0.8643145814885065,0.6900977400166748
-1.3464348729763151,-1.1963584619408467,0.9457165558365911,2.1274567621911764
-1.18122553250415,-0.2355093736381807,0.6670140802165109,0.8332609966543475
-1.2417278552771378,0.08528935432365525,1.099776606873013,-0.15461352088520666
-1.2441685276661951,0.0019942953453647994,-2.631407957668292,-0.8778685824828222
0.8460311855783755,-2.299823977751341,-2.2454483147033257,-0.7166397983106446
3.3363148171588843,-0.6440034680402691,-0.6349918597065278,-2.5953886495770857
-3.2131493098017327,1.7514241373287616,-0.925643451102775,0.4648065787513639
-1.4912637072880521,-2.0799976718287696,0.6712128888173288,0.5766380082892613
0.9886626018603192,-0.24702758040737965,1.6820105729602086,0.6116977631589894
0.991720757488018,-0.38700595508033797,-0.942158541549652,3.0041116583847494
1.1734259566840426,-0.0043302690283941875,0.29944683163619884,1.3850714001366453
-3.493015182197533,-1.0008967405688525,0.9885201700448626,0.6227914176688931
3.508577794002896,1.6408874877249355,-0.31124573040311804,1.4535408693154679
1.3566582838891261,3.3098520240532503,0.1699513023325478,-0.545745461789134
-0.8158593851640802,4.095216560928259,-0.19615307890356462,0.08462550961167495
-3.069731967173935,2.142028798761201,-1.8569433587981994,-0.5628562232775395
1.1912634797710149,1.5487354564647484,1.783109934492402,-0.8810803214379053
1.0691846504962597,0.220069501469397,1.5882209749540666,-0.45520227819801296
0.8740520857765562,-1.8149700885071411,-3.504551630501809,-0.8092257706995363
-1.3139942283506614,-0.650560565627012,1.272126356257157,1.2728824553515345
3.306984560909985,-0.4159958580204478,1.2826734340093369,0.21060893896787017
1.2720375235471457,1.6062592649798888,1.8411201518132958,0.019734368855864187
-3.238946745212017,1.455782325559694,-1.2845373658506327,-0.016654757824669453
-3.770538771744073,-3.366609661499252,0.3042574274024404,0.9084682883372045
1.2656955045281795,2.429835537055736,-0.6112374518787148,-1.6617938360662716
-3.1894951087964216,1.857087465195763,-0.9118968864513417,0.5111419020904564
-1.3328162237011068,-0.2677820290631447,1.8935493153276322,0.948720936006295
-3.6083824673607694,-2.4965177245424304,-0.012147160349913243,-0.4562391075875501
-1.141996068728518,1.4095346035799163,2.366212659693828,-0.937654689368763
-0.8345684107250899,3.2995426092344053,-0.6655177957375752,0.2857942354160753
-3.4194489554352496,0.06417544109920532,-1.2923654197033978,-0.07877150954900107
-3.2175730368774924,0.798268876069689,0.9085797607456868,0.8783174733575582
1.3162129812528125,2.8614440774867185,-0.3925870631858792,-0.272628868664977
1.3768848839139198,2.626669127891944,2.292433957645503,-0.8641662763650351
2.8424682842699167,-4.272539525393552,0.379912420686595,-0.06586833824726002
1.0090545777012936,0.28737002109317095,1.8185306128384118,-0.8687348096050004
3.051566216766658,-2.7864653254290803,0.7381061354884361,1.7092551455770673
3.5182661779350934,1.0375428769974329,1.482945552205468,-0.5069054315897091
0.9969622290739918,-0.5979801161012266,1.227841235431931,0.0924530935775312
1.1287286421398672,0.3738142693979067,0.9907948094252123,0.8187958654666455
-1.4889300132628336,-2.0623518803492433,1.0807841014620503,2.2245575765438645
-3.0350943958834895,3.3531125977217,-0.07783987128097684,0.17215049335466487
3.205723127263745,-2.001156069013982,-0.2752240492274675,0.31471174534892965
1.0186174622601536,-0.24803760948532547,0.8409698691513,-0.6210337045015968
1.060179490347643,-0.5845741500629905,0.7915217520297722,1.9701262085825686
-1.1102373953398972,1.0805778745986463,-1.8979142792726063,0.33469242617654504
3.581300936933196,1.857334670278426,1.9687411031635373,-0.24906455459202553
2.9252262314444737,-3.1426767838480383,1.0134023990849268,0.4961083023904356
3.100995655710125,-3.0102820988261527,-1.5235097044120356,-1.5234903702411335
2.888157686007522,-3.7982012549927964,0.6725735793899861,1.3165496056114359
1.1106320938902692,-0.39909211626944285,0.6738362598821154,2.0819378116742087
2.9021369981249863,-3.889441872048653,0.24658467975428766,0.8883320250605385
3.0060460086993372,-3.151910530960862,0.5281975285143418,0.34144329498617465
3.3920763974404045,0.34902526000648937,1.5254513141343753,0.4506713861876405
-3.6536360029414903,-2.3452373619590645,0.5807739900791079,-1.0688970053787805
1.4569288959662179,3.5471534804231553,-1.1685522895062244,-1.2918513394102458
3.296752842736619,-0.2656178787324182,1.7156478817173653,0.6676317765849383
-3.487126221747488,-0.016754660067318773,2.189796596907348,-1.5614826019667387
2.896016446281435,-3.2173830530502543,0.38801344250074027,-1.640198231074791
-3.3628543261522106,0.7409834677555467,-1.3796209844538685,-0.28232812271531266
-3.688425276426025,-2.6646687472425037,0.9670684527274328,1.951407715975605
-1.1465956665563042,1.425419307850707,2.165355269056138,-1.3980181199791184
3.2564745362638696,-0.6451687871021259,1.346133077266259,0.14838599232481953
2.9979840395224575,-2.470453455725254,0.9219936039608405,-1.7819624724219532
-0.9209285365571488,2.751848889492367,-0.7385927350174558,0.09018742298224082
-3.7499963463527424,-3.352666522786838,-3.7772829476799723,-1.482452750414397
3.6026334338192894,2.282966712547176,-0.22694961053048368,1.6952893422214375
-1.0261440926805234,1.9235901439817022,-0.8707774846838081,1.8435562766832132
-1.098999816873643,1.2626050529125787,-1.1011278633591772,1.6559299411365749
-3.598765225515393,-1.7686733082973043,-2.558361884451803,0.3027216555129147
-3.3107814371100575,0.8347235530228464,1.8218573404255796,-0.7861376749219131
-3.553169534173084,-0.6390492642257397,1.27923403013763,-1.7406375757155104
1.0066225505398934,0.02856836049449052,-1.608272583348314,0.3722306099071419
0.7284589386668427,-2.5031502471004936,-0.5773776216915744,0.41641571201326644
-0.8888302014622231,2.1597519490280788,-1.1195307554936245,2.240125265379967
-3.307694269551067,0.572067315842144,1.72096450237136,0.7871981678769069
-1.3626364690583257,-1.3643633913367823,0.40099356972050126,1.2219960867927395
-3.2180108295935326,2.3229527390492453,-0.10075198724695242,-0.9916310914131663
1.033100560247082,0.26518442720225127,1.19868721813869,-1.7333558820367625
-1.0987192545104603,1.7019049288700019,2.1332180823880353,-1.2729297731844351
-1.6823236518140934,-3.0843742565155985,0.6980212424855115,-0.012043651427643003
3.588342118430351,2.6264146688859715,0.13492754617475816,0.5511482706164647
3.6940338517842264,3.327542884565778,0.2281357316367481,0.8027271167783309
-0.999735647918227,2.3841659165784566,-0.3549224962047071,1.6340032308926444
1.0032839260497002,-0.48008654283239977,1.3120875357775759,0.10958065925374037
1.2503864155606985,1.3380474875477208,1.7370968102024613,-0.04936926503692279
-1.3155492800389277,-0.4905535594285383,1.6119217847201388,1.7145385071061967
3.5481776898443664,2.275918312484807,-0.34494639356011936,-1.2479856105747118
3.3055728611272657,-0.2362519140162021,-1.9258188959362166,-0.04393055996346074
-1.0058912878428319,2.1801366619739797,-0.9781340542859497,0.737550531035773
0.8493288187111366,-0.96446408275797,-1.1027873821583944,0.0716442472600711
-1.72286631493942,-3.8323198279056196,-0.0700663969986515,0.3828266356730045
-1.1662872300005547,0.6464908623778409,1.0116276051515884,-1.1838663125276079
-0.9582882513395728,2.497741535213346,-0.7731984826034101,0.009708265870909009
1.1139762057019995,0.9730726832054812,1.9097650056263695,-0.6226812708632332
-1.3854085183641318,-1.239136109237752,0.8484461624046068,0.6434936859849293
0.9657692337129619,-0.4821218918292163,1.3316419265310235,0.14230554818389632
-0.9632306734447802,3.1188797177121077,-0.12337316596874198,0.20079796653319665
2.8498217813660123,-3.9467307817992343,-3.752027895559123,-1.5176712313232006
0.8610028665664334,-1.64448025914152,-2.865392290637468,0.1065521448222228
1.3020985671616534,2.2607994344437414,-0.5854891423490836,1.2449273431824996
3.258787619157989,-0.5230731821236508,1.594202923988512,-0.6842330569388747
-3.732975625941932,-3.8191212503044993,-1.735988836038293,-1.9967011441648586
-1.0211963706136944,2.4276287642189867,0.153874344396236,1.2139266725948512
3.48489199537728,1.0852333345027603,-1.044355644046641,0.46382427250323066
3.5266299481602883,0.6492360112357904,0.6516871066269931,0.4021102261303595
1.4154486157746764,3.7216345131745294,0.475471687576701,0.0079805492254148
1.2813685779345636,2.526492684975036,-0.5983409947642655,-1.6270102710707073
-3.2245786330041053,2.317697227096851,0.2186918729369908,-0.6169395852238282
1.245185559865923,1.6277393889356264,1.3802684452445821,-1.2457795114671961
1.040019353368271,-0.6999541480324849,-3.355997815674187,-0.4143999235767109
-1.6719697821045998,-3.3475455594289287,-1.0647131516769837,-3.702065170441908
3.31106568576698,-0.4951772057471529,1.5970634597051594,0.5730693625400558
-0.8919755325127076,2.8628196638862478,1.9424897759462862,-1.2703131678465494
-3.4641583176624824,-1.1543735098325076,-2.1123624306297457,-1.9426476463839033
-0.8207397001869472,3.4647933732499308,-0.29761782009944443,0.7610077273611071
3.2007510014975336,-1.1233144226409915,0.9372001648885895,-0.4427827896235353
-3.5593806984392793,-1.4207773585657593,1.2038562269346993,0.918622567901716
-1.0048154819319481,2.1291957866218847,-1.256164057301789,0.2775248178519487
-1.0836717502179876,1.7346126403330342,-1.0378327071947835,0.5769532616353531
-1.0455559347417287,2.6366880396439667,-0.662612574925704,-0.8758545812508229
0.9904711132471806,-0.3867980213015549,1.0731375877951999,-0.2652669838666358
-3.6279364631277944,-1.434565681245151,1.6169602667974048,-0.7858920918700661
2.8778192890936434,-3.7432990775961894,-0.18357521230549048,-1.3985721800765558
-3.177958607796287,1.7572115457868305,-1.0677824762516173,0.5263207501545621
-3.082952848373068,3.2541530172011535,0.4326043468447921,0.9523532157260254
3.316501902347025,-0.7935259953550097,0.7299151619269769,0.5197521213177448
1.042554084323451,0.05960246460821886,-1.7466148805623936,0.4355203542877416
-0.941595600549818,2.7743292538060618,-0.7565224951581898,0.9004096617150116
1.0260314473925116,-0.22997929034743284,-2.3542969673056198,-0.4611560278927416
-1.1286587444357845,1.3353971504287643,-0.9981051218605828,1.6940587400901854
-3.440284880113456,-0.746444678303697,1.2943824337939829,1.1604758118148202
3.2447500348086837,-1.5724912462173959,0.6493108590045589,1.7357906786820516
1.4865406502996183,3.884672157548572,-0.16687146242154732,-0.7330749376714235
3.6125347582663148,1.7500884942311912,-1.213974595279258,1.547799920211498
-3.3209483987311645,-0.09485990695819772,0.974869015043885,-0.24794743371456585
-3.1626760059199146,1.7647906421319883,-1.1534012284502648,-0.7295662547518089
-3.210812437885611,2.328281465737507,-0.21502508741098234,-0.1970082139741187
-1.6157622078960205,-3.277924363808516,0.0046018762556724845,0.584313386378597
-1.1242833106657324,0.05033858231698948,0.27027326110315253,1.3482989444300228
-3.647337589904052,-2.070459668144602,0.5959184031463103,-0.16920614677265103
-3.6598111583889166,-2.4015344771536653,0.41016909522283357,-0.24104111139354767
-1.0299591393099792,1.9230004453185328,1.38268992225647,-1.1998436877993932
-3.3292186828344508,0.46630448969861216,-1.619234509896278,0.4123287888622187
-1.0227799340880284,2.282010503384943,-0.8222360106273343,0.7227302309921028
0.6500556465440872,-3.2927928416373295,0.43203272922332014,0.9905596130617754
-3.309182260243438,0.23102994196694032,1.1753721631560121,-0.9871591197544186
-1.4726312033346771,-2.3169634598039592,-0.3897342633124051,0.07359219086417254
-3.804187916014727,-3.630635524668232,0.06688381730825485,0.34719336533607825
-1.1441505938053673,0.8821593362971466,1.6404787290346234,-0.2867802235204109
-3.0119118401062135,3.0191120295017524,-0.0715585870766023,0.9294219188092864
3.2492810996691928,-0.6612435533120238,-1.8058536230549427,0.23631273801956698
2.9959341409186138,-3.393572523403459,-2.626062193293471,-1.490470466487099
1.4970296916530503,4.086776599208901,0.2057477119787322,-0.24787892069774886
3.342078386168015,0.37163481951010713,1.594760565194453,-1.2194002022235966
1.3172381580073351,2.8472130401433544,0.4485543811791162,0.9489289353343451
3.4122775250109876,1.0831266998380613,-0.474230259503291,0.00575464628351428
3.178454717564381,-1.7121218434218133,-3.4540247299792486,-0.732346477675813
3.0011751024601465,-2.856332497739804,0.18417698802322915,-0.667144631221074
-1.3113720344421114,-0.9177477746609466,0.8950165869005223,0.9695525448254853
-1.1855932900579047,1.3308767757478814,2.153632286042955,-1.4399868514032665
1.419486506396595,3.7056545773530414,0.2228736040685078,-0.4055181024400103
0.8916647884777993,-1.0070440231570945,0.9904498755500587,-0.48822904662248245
-1.0337712827692556,1.4690772322460155,-0.04142556571615147,-3.250236615210042
2.901574871954675,-2.526581972133982,0.44489075188393884,-2.611379026426773
3.469871551319866,1.1974982119889754,-0.8720338944806919,-0.35139544204141576
-1.231393132778191,0.032436617879278866,0.7471142311400577,-0.5886959508074187
-3.5175092192368598,-1.6876032196573962,0.4398722053275436,0.2554725395255568
3.445591332756795,0.7566764598162848,-1.5229882505689312,0.7587895161704427
-1.5731765473691333,-2.797278432157228,0.41374987089334847,1.1695355294564185
-3.5939547870023625,-2.2287399954733247,0.4555099687973432,1.3200558632962016
0.7262742537329339,-2.4541734147996364,0.8182895349531604,0.2745727765830941
3.0807579644645893,-0.520339692925315,-0.30275071741463455,-1.867872705940658
0.8896572946790062,-0.8885908204187162,-1.8729363400164412,0.09247773598966871
1.2717217481619283,1.8956549053200966,-1.2510631687384592,0.25726482757407065
1.2937068915152967,2.680910408106103,-0.666367399570631,-0.7547495456393902
1.2675378237832151,2.071291361005994,-0.3600770507582725,1.5833552139020588
-1.5915032887837195,-2.4797812591841297,-2.4429204037680523,0.5376986357486193
3.7222581143458027,3.521575912050513,-0.19973602571667826,0.0009750498185148765
-1.144457139480988,0.9102705238156115,-1.670190911322347,0.6814057701150055
3.2205518201269707,-1.219303722655679,1.0183761695855267,0.7808607790777765
-3.4102641335721025,-0.7116103345957033,0.7979792878697274,-0.48486371667533323
3.0149629721270386,-2.7108964823285095,0.47475258649967667,-0.1726288811938281
-3.484976456893833,-0.24121460489954683,-1.6046869544725888,-0.6417049334879928
3.2093024541458735,-0.839694627072665,1.5521349013569947,-0.7992105693308565
3.1387436244453237,-1.7849579143709777,0.9430957429038321,0.5810230246233118
0.9594197901856883,-1.0639916043536706,0.38585101678908534,-0.08123209493746407
0.9786155898089335,-0.8617022336377457,-2.441855514960638,0.775512043740113
-1.0362826776995118,1.923437624640944,1.6541434219095197,-0.7581769461310788
3.120777541324164,-2.0326940593982297,0.5647290171878746,0.0751751773402582
3.167253691705217,-1.5700237500283103,1.2225017781025145,1.0630727407879732
0.8350173092627388,-1.7882374141906687,0.6353208522165248,0.07448394957081197
1.467003237452547,3.761823932522864,-0.18336290632422472,-0.7758165804351613
-3.116148807307521,2.900870351422654,-0.18606286727786578,0.05937088595025411
-1.0953190651318891,1.1563293249270024,-2.159553863803175,-0.07754676098371271
3.087515164382198,-2.0064769845426556,-1.961810739341708,1.2472071112240695
3.426876687641271,1.0235049004496442,2.2028819870632614,-0.13160844594024554
-1.432368618181805,-0.9634425017193463,1.3940646317772305,-0.9421504987512577
-3.7733600433604977,-2.9996988162565477,0.7241911233825299,-0.09865496778966767
-0.8874283087104206,2.891270279427863,-1.1545529554098337,0.5488194565311871
0.7373231948353626,-2.373124105737101,0.7418684422781444,-0.9573459281404153
-1.2775618138813867,-0.5251856912634068,0.6924111073665872,0.493911856421804
3.3782397684276737,0.20482414070253918,2.0292007686097646,1.2480221153650695
-1.200738912361105,1.4723657120050184,-0.43717932766987094,-0.40106583589499295
-1.2269214099269248,0.0888076881851621,1.6015845151154997,0.6649192863644722
3.044646269642065,-1.6225634840228365,-0.7474435539558909,1.5360288182056954
-1.0626461175292998,1.4810049942136645,2.038761168270223,0.3208900059959619
-3.5203275400161953,-1.7855639551760167,-0.007079514740073058,0.6216518749814162
-1.1908321407098248,0.5056747275874708,1.3395126865142568,-0.8219847292631779
-3.712709263511135,-3.1630990287241256,-0.5361484372776297,-0.28589118643040917
-3.047596337859831,2.5440208724700795,-1.0502539550079337,-0.4459784984711539
-3.397962307992588,0.10296004801756486,-2.399712735184401,-1.749043667627972
-1.418686876560539,-1.3655002410175672,0.5798970080849369,0.19338009417182525
0.977422131761298,-0.29418071801875106,-1.97011744362478,-0.1265484805363856
0.795369558039224,-2.4097044845349935,0.4142610228385467,0.11043771222754153
-3.6289434340411693,-1.9228549233224645,0.9815952603207153,-0.5030327463726908
-3.449696215388723,0.09929684494867774,1.2488401017752497,-1.9635602019013738
3.2703286472406146,-1.099073443183997,-2.7558708975663535,0.3636782276370475
-1.071067691256338,1.940229265442635,2.233823263859079,-1.214923153605102
-1.0533771745720006,1.4865410966285006,1.7202150367973346,-0.06263029859326014
1.318800113658144,1.9414966682249977,-1.4012111216976297,1.120082255221443
1.3678543462114696,2.800573690527011,-0.19442336903258997,1.8193981296603294
-3.406818649840397,0.2556900037480136,1.6492593727150728,-1.00826043642866
1.1194718635448715,1.0222571218233025,1.6455868861538905,-1.0599635136603396
-3.553713858800503,-1.6152404857114273,0.4266113032973447,-1.2158595368373317
-0.7687472793140385,4.21781004312849,-0.844530258204812,-0.6738357597437872
3.2476267091157673,-0.8119724698056275,1.2292750850147687,0.07802030728440867
1.1159016753940803,0.056482890052576125,0.9691959668706969,-0.08644904879402296
-0.9696220020605267,3.1250278965519884,-0.07473936983357317,0.14463125423467554
-3.1280449589128687,2.2906889802330808,-0.9962710492636941,0.6917958117977878
-3.549336898909787,-1.5137290941891164,0.961974554713023,-0.32897975305027816
0.7293748520144833,-2.518935576776804,-2.9335095940914506,-0.2648747718174804
-1.597376176398336,-3.073529809831556,-0.05579750276920218,-0.6056336331911947
3.496828914663983,1.5693943284091982,-0.8440786141716285,0.5880606837659661
-1.0945680407833533,1.7721405025127963,2.2983036145969997,-0.009288836005631624
1.13983846252914,1.1575244388463197,-1.003392842201217,0.40412809609629624
-3.4341652352549743,-0.5576864057174368,-1.0333055349997253,2.8183561333680798
-3.3944851029922205,-0.22568352713512205,-3.0413262933804335,-1.4428426149110671
1.2857663493215548,1.9609805771785305,-1.4927043833011282,-0.13025583743799535
-3.7694645479660216,-3.4019172360848144,0.6200772039398428,1.2752835758673235
-3.444132252445246,-0.26969062676888994,1.4518841848925739,-0.7455478953516481
0.971852331149911,-0.3397246737621962,1.6695851140265747,0.5779527689831779
-1.5619373774390135,-2.150893783333048,-2.05373112636016,1.0718564516819244
-1.1007256413790691,1.5856621960984758,-0.8936255370693632,-0.3307201792939826
2.904585213005609,-3.852830922964118,0.00041122155906711327,0.49482664525227843
1.3695839914122239,2.5927076283516186,-0.6361083956078739,1.3549555562901352
-3.1858336338282447,1.1046429572290397,1.377938186877725,0.5909074825187913
-0.9038696440632608,3.497151288911764,-0.07272963558790803,0.3335938058903122
-3.2492363097746497,0.9003186202441557,1.765053698975748,0.9049433564110851
3.125012162246855,-1.9521782835345671,0.8258319301031347,0.5118534912353808
3.110193771718579,-2.051999355228461,0.7254678568247954,-0.7853597543567474
3.183552883698352,-1.2698343086222847,-1.795686860776811,1.4888261886133576
-3.652211163450682,-2.6047865025087336,-0.11680081671781413,0.33254097279397155
1.0716737431382273,0.8587774940583304,2.1260472775929564,-1.5411875508617452
1.4997125144055157,4.307129974935907,0.5533991107901156,0.2144956360948632
0.7495805300214318,-2.8468846044964033,0.010635280230211803,-0.46202447072266506
3.302171497470613,-0.12091943393533112,-1.2044881971564612,0.027858645604328016
-3.3543828277169796,0.8705296583661262,-0.5215476990044547,1.008876385065921
-1.1377980074448153,1.2502058361263408,-1.3728746343193121,-0.03991791698832141
-1.326504709918342,-0.764729986063966,1.0063672374310406,0.8244024822341526
3.5368236253142222,1.1585378807950477,1.7490103683195837,-0.045516670622488806
1.1132114824671773,0.8615537822233984,-1.2267796497359127,1.1127668261765564
-1.5921963723171113,-2.633411647726998,0.1411850685200336,-0.7114137021094001
-1.153502692292502,0.4584856782877035,-1.5249755390862352,1.2312031797475618
-0.8086298829012644,4.1388549623667705,0.26339859537589344,0.9704010706624618
-1.3467385946189907,-0.7764992456799658,1.0522489976604814,0.7595194900947528
-3.709685041990149,-3.0155807255661315,-0.1717099011274021,0.1915249281160887
3.6281856198709144,1.998540070760644,-0.8350517240588416,2.0467615362915597
-3.504650166341504,-0.771441104323063,1.4735340949852034,0.32976672562459924
3.490339755210002,1.4095777544730248,1.9165931702878227,-1.6625396288652454
-3.292334756500143,0.9019211848797498,-1.1808809609914657,0.22093326520499085
0.9597815661623534,-0.533111647725187,-1.0436424215598374,-1.6447208021730033
3.322108140977159,-0.3438730133996433,0.9537530419900071,-1.4226116439199206
3.2376115440252864,-0.06499671714772991,2.290113226786923,-1.4053924485952942
-3.6532397764796616,-2.632101654602934,-3.6822686383139427,-1.221626945436712
1.1856810013986177,0.6723423417362869,-2.851547190786422,-0.9925332488055295
-1.7650813306717625,-4.208873445182078,-0.1186543162187418,0.23857389448412927
1.23720389872432,1.0827921747550326,1.194473145615169,0.29402758312297245
-3.558254437295993,-1.4395198035514032,-2.2435974668952334,0.8654428516035363
1.1153293261783745,0.6081104141285394,1.7954816048628797,0.9197572547730088
-1.450762848066587,-1.8113337339326487,0.8634378610084571,1.9060940877840218
-3.5530625936259,-1.4298327016385253,0.6808722024797885,0.06184957275850872
-0.8924989725416234,2.847339175906692,1.6896543111077729,-1.6827465038167535
-1.2167286618873057,-0.45315020754770574,0.7251481852761126,2.0153764260480806
3.0542018511330173,-2.282442274400032,-2.8671493801350794,-0.11614275085764804
3.5753986772048916,2.1254560218899496,-0.13144076609789793,0.8298394224299098
1.201351844000874,1.480729174070768,2.066505344773568,-1.26599292721333
0.9372531501902881,-1.139220754561923,0.8977248333211343,0.7422106319081314
0.9032410977037287,-1.218732297712755,0.7791659196587437,0.2552557958990926
-0.8622715446758673,3.7179418280965635,-0.314873797175614,-0.02627555833623778
2.918141014127089,-2.8517769479873523,0.7815630571507253,-1.0944242327859484
0.8731804250603643,-2.084412269019819,-0.3232306727436043,0.22683932559475745
-1.146452318812263,0.6304057911958544,0.8262470844235588,-0.3728855560982319
3.7125142575555095,2.500929366536657,-0.9710384315434191,1.768132598359085
-3.1693686864345687,2.300713946969853,-0.8825127852478288,-1.0094053463008348
0.8862301536123587,-1.2746008440215486,-1.8120763195749467,0.6233073185780444
-3.5416212187825287,-1.8413410760124624,0.739130442989804,0.5853288072530853
-1.2358411062957313,-0.2303799927934855,-2.6655167009086584,0.4949409194900612
-3.140272031863007,1.802644069865397,-0.8044707466485217,0.9493352572693443
3.2040868183569224,-1.2082650823453234,1.589477765344078,1.5775959349812751
-1.0120904668735153,2.166513029683005,-1.1561332009240133,0.298762887139748
-1.1746565446040855,1.1413114816554837,1.8955142288092655,-0.6214822078007126
-1.0385958163720406,1.620876468736669,-1.0533008500839363,1.7859716384501234
3.6176870213689787,2.409329564500207,-0.297555217315992,0.4804566750137511
-1.595198026449143,-2.9508981219438164,0.39342770382611536,1.113881793123725
1.0262854823173344,-0.05698187135646997,1.435997088665697,0.23852659853755523
-3.697070207680114,-2.487488433583814,0.7438973766635325,0.14546123934306882
0.9485609068100137,-0.02064980125597524,1.825234769523861,-1.0397508953546564
-1.366312297522048,-1.3576641746903293,0.7679392807292665,0.8370908270751058
3.0184838933878053,-2.6350035897046182,0.5593965050348567,-0.17319457334807187
1.0400221799244715,0.5832183569855339,-1.282899805865228,-0.2695124257546263
-1.0399250034678682,1.3326370455043566,1.1911632850293083,0.3228882603247682
0.7672457702247161,-1.8109186166039517,-1.2189095508167078,1.2300645642617012
-1.4867441806716872,-1.9458740906196401,-2.9415963223602466,-0.059491789558357544
1.0639455017282318,-0.17708070678848437,-1.578391053112382,2.277747214638653
-3.5787616782700797,-1.5188241738362922,1.1911124571322862,0.8770552068856227
3.321401526995937,-0.7511877122121772,0.7354070765539664,0.5357109182800266
-3.4854471878061206,-0.03752098949456393,2.0239760326232523,-0.7200932792534569
-2.98701553038991,3.593017954213814,-0.29632503109604946,-0.1473517716172838
1.494361957923567,3.7455399609137956,-0.34812992305685364,0.07688998246668696
1.3850352121129652,2.9622506258321373,-0.009726924454056646,1.025353429384706
0.5972826868883536,-3.8123429795895416,-0.2065680756553475,0.014649447581063565
1.0948923605172887,-0.25152901877112266,-2.9510777713650413,0.16908783200803937
-1.0710363855025158,1.6774455638873123,1.5341350293183813,-2.103947191986652
-3.6439720438844976,-2.4900674986890694,0.6708539933319345,1.6362616231830964
-3.3779279352023335,-0.4095665254626566,0.8174390856734299,0.4295752075930027
1.2513655254023872,1.993469125333931,2.2769502464064253,-1.1294367020270495
-1.2422529128686002,-0.2560313398436023,0.6408562106160658,-0.6712967441692541
-3.6502628609805776,-2.9520890307103502,-0.5067785306054201,-0.20757495456004804
-0.8561776484401913,3.9576286789122355,0.22057429238947152,-0.3841200825496912
3.061396977141718,-1.3328604355148914,1.802485922165738,-2.2443805281902307
1.0177670465342668,-0.1459926682606854,1.2889641624496415,-0.9945048043398376
0.882719214119751,-1.4425625130507786,0.6811351293924872,0.19753410343637565
-1.2747451544262336,-0.9156782844330822,-2.0240519457493753,-0.3047968909958583
1.1719826797723039,1.1168726556732451,-1.104195175848957,-3.139857527043699
-1.6815439724387082,-4.154175866686266,1.0344867160053044,-3.0171353977764133
3.347023749885527,-0.20095716734008184,1.3845301581623493,0.27617900759541203
-1.5795894471184473,-1.7711056973077102,-1.5242340399670533,-4.242869933800695
-1.0101373513392402,2.2907121796906003,-0.6179145906657696,1.19217449658962
0.9209695273594175,-1.7093641994174014,-2.0929639389902115,-0.5293901426595329
1.1259566368844085,1.0168657018051634,-1.0216976168772627,0.35330403293772256
3.5910958506824304,2.0709296103480876,2.0055615603255172,-1.437445421576498
-0.8305197888444559,3.728078209970344,-1.1808547404378338,-1.2897601489571056
-3.5102984408472033,-0.2818148719595702,1.8357761183413723,-2.043101795988818
-1.1878170919765885,0.3211452756738374,0.7855385275208885,-0.4855992341505561
0.5381676101689992,-3.2616257460653713,1.0102394377237307,-0.917745177749223
-3.404316696405125,0.014921063773666634,-1.7276325918761883,0.30697850852287006
3.3291846113541324,-0.39122543124783904,1.2910824147865172,0.22755466177131473
1.3681026108532146,1.9456064503800505,1.8849883617904701,1.3917219768317213
0.9346435054932336,-1.2560158406429724,0.10962970311211578,-0.5565961693733404
-3.4284177649738963,-1.140487403387453,0.6483488478349155,1.653274483580317
-3.323788686706181,1.082183571711803,2.335769352624501,-1.1671072082712823
3.2423462670027003,-0.6594094633686245,1.6636369880711477,0.5251979431684689
-2.874981679250037,4.307049539355993,0.1654818017074378,-0.28304817591775105
3.3201964022772374,0.1169220487225573,-1.9729004365728215,-1.1767793313002772
-3.47602470247586,-0.543030576228615,1.050265549135126,-0.4629860418248574
-3.224989734886745,1.5249685718538368,2.2327428606613267,-0.1570406821927715
1.3794686588725116,2.8119919145769354,-1.9308822430648023,-2.356143315770924
3.6653319434253233,2.682572006451825,2.6556081699222283,-0.41406408315336446
-3.6785754784823133,-2.7753082720232607,0.7026911494769936,1.5063743408007515
3.514932869880156,1.9629233098087322,-0.47428714017834295,-0.5383020882988053
1.105989631284206,-0.1320147070044899,0.6938634728841988,-0.5569171056393512
-3.6597057382916773,-2.8434017401864597,-2.6595689858724576,-1.4715047254163984
0.6525880675533532,-3.2248436208850824,0.6249252528332951,0.19953220854760886
-3.37704618922401,-0.20452221139541008,0.6817090770380145,-0.7283097469602694
-1.2299999485152122,0.2666537435708621,1.3074329106036153,-0.9059388302294641
-1.137975946827258,0.664223357328248,0.5801176655862843,-0.7685381054970974
-0.8937992047446864,3.5061953946509026,-0.3432567769358498,-0.09915045317479991
0.80212451043455,-0.9017217135945693,-0.6866357700941551,0.4866119880038092
3.1935049553217603,-1.5070670090617089,0.7977220350055939,-0.586790046745978
-3.1193856536330107,1.4697089576712328,-0.2312465708073737,1.070169671192354
-1.0056076266159293,2.272043635054982,-0.8917570357045406,0.7441246906952564
-1.2147585145445814,0.3910715728476636,1.208670565134365,-0.07071869189305742
-3.4228210682347076,-0.06819567031215416,-1.4883222358738226,0.6866049046861412
0.8191588601696532,-1.0722740204411703,-0.9617065809801568,1.27092818560767
3.248737167379488,-0.8736699057956997,-1.7427444772990308,1.6309379082335642
3.138196620077286,-1.5734824354846233,1.4532393687430052,0.18564226855936783
-3.0525003722949324,2.522932022794994,1.9590823000965902,-1.4382105862925483
-1.6202718341310014,-3.1152740033391155,0.3715782474782548,1.05468628580731
-1.255133577485658,0.14626050790808404,-1.771570233064943,0.4077064775305292
2.9087449903497546,-3.9673390402377415,-0.5363323053551946,-0.3945481893772884
3.4666164760545968,1.7722904328154772,-0.5005405177629275,-0.6075307589844037
-1.0375366887295279,2.5453198558167087,-0.2946275613527519,-0.014105399454782777
1.3057993275318864,1.9032398586036954,-1.155800204205997,1.5133540684772917
-1.4285313730889948,-1.540794432043277,0.6323947534878666,0.10240016174357967
0.9688857645051844,-0.4415533558118994,1.1342192106822981,-0.3086321955516807
1.0127815997751066,-0.6719391643241439,0.6221480341168338,-0.7586598209622566
-3.109862346080293,2.472649680689628,2.200813949268758,-1.0497993462352602
-0.9668276527561507,2.622699028217834,-0.5258815545858,1.252273996686071
3.674061998469517,2.5057458916752178,-1.3094169980397943,0.09949847521613839
3.0456731618910324,-2.47013201597604,0.23438024812173924,-0.523007540518027
-3.5788905791494887,-1.8699739120707521,-2.965040747098713,-0.08748713966978476
-1.7232844036580128,-3.224647322936423,-2.1959991336701297,0.681033669209331
3.0782653180437536,-2.4019238598453825,0.5853938301530219,1.3769009832205283
-1.3180405803494888,-0.061671993589530814,-0.9315205796153413,1.5949331929958646
3.2659293365376074,-0.8146231744913925,1.3038732665729098,0.05163860618614944
3.0440234304962863,-1.9863086268690417,0.6449011764984852,-1.183138165510016
3.493548896833363,1.9780074342681033,-0.6358786517185785,-1.7620730287921273
1.1413885076124686,1.016670687567256,-1.6183129629887316,-0.46945535209521644
-1.0821331136748138,1.3747764980237165,1.8609935459239764,1.1337246194770698
3.5030121980880975,1.084362436595373,-1.051918111637813,1.7139831454104848
3.14124530752742,-2.35214754313319,-0.07162772201464537,0.5960516711016803
-3.3678638608132387,-0.16381976745016374,1.4871546486497382,0.5671708625418417
-1.1013932012547671,1.8455762660553259,-1.7503208450661378,-2.3489432645161967
-0.7272764582633466,4.553650730079164,-0.2031504821300116,0.2714626369018633
-0.9948933458919853,0.995126760639965,1.0809337568451136,1.688960308792263
3.190943593711155,-1.0833932460360165,1.3769921365981208,-0.8389876515374391
-3.2616282467975912,1.4974002913740654,-0.5253808374977167,-0.02786559680407517
-3.2937540854706318,0.99825226039746,-0.9122361866288283,0.6511308521901613
-0.9118688491099805,1.9099321475452988,-1.8590106787863472,2.1196185149758864
-1.1272990613298737,0.9314734063077791,-2.1891407452690097,-0.1608046835041957
3.4175900649851223,0.7062744382460583,-0.6877867973868799,1.9668043366029948
1.075605327231929,0.32344229226587384,-1.527406063732387,-0.2879803953999644
-0.8570123539858403,2.6347721810813747,-0.9142732081951228,2.3576011215764447
-1.0767260641000123,1.9801807504423066,2.489510770133403,-0.7948362472636683
3.5417913767020663,2.37882114753359,-0.10116910137978131,-0.0025187013756226323
-3.00851287976468,2.917892170549631,-0.40395828531844163,0.509705933195192
3.5643495088758628,1.9404786720714227,-0.34096917511884883,1.5976982243249644
0.7905812450491613,-2.4067179372755754,0.5496514626365333,1.3149270192454465
-3.468554249377006,-0.3077945805755798,-1.4515286472084827,0.5756929573624572
-1.5158694703300157,-1.8913877433251538,-1.9302257333302009,0.3401288219125396
-1.5011350083903605,-1.1074963941177658,-1.4144626701398553,-0.4508645021506235
-1.5009624911545674,-1.8638669168268749,0.42605114462962884,-1.2452376071261537
-1.0326182905685752,2.1673620290853677,-0.7215738670713076,-0.11395162278564377
1.0249264701572196,-0.5053188025383321,1.1243962727349543,0.932666547935875
0.80122370193899,-2.3527680918828424,0.7597284144726435,1.7983885991362139
2.9648732386153616,-3.2960299280282395,0.2170270060348882,0.6455732025155014
-3.5740672585107047,-1.2153148062216563,1.4835961794753225,0.1447007451585333
-3.526670292820216,-1.484795344806062,0.6065923178526889,0.061899764769664835
1.2311272793293915,2.352516391580352,-0.14050958064284527,-0.0752458969722918
3.8170045116833093,4.217396740618936,0.578405166929824,0.2469722955191206
1.1315680368790744,0.5622312653820868,1.4703789193827819,0.5233914240101885
-0.9905873735329438,1.6602432195239227,1.234709524073933,0.44048225711735833
3.158905113130546,-2.0324851463045572,0.6354389145986102,1.5133194082247747
-0.8797278312026269,3.6193042406511253,-0.3281310319712893,-0.06148323504045846
3.363521000255262,0.258592456015096,-1.0667007945759697,1.425149005835379
-3.1397076535931943,2.16914596804128,-0.5041668196711758,0.23803145970384543
-3.2305896296261465,1.1788562576501473,1.8013538214796736,0.9995250906366091
-3.5739643666435437,-2.096323053698416,-0.04943437168393437,0.5187757032132506
-3.780231107783887,-3.365028246797225,0.5361112468234978,0.038773835626007995
-1.6196047438638785,-2.5483053620742018,-2.357255036649213,0.5215920962472795
3.031604544583262,-2.375894614617675,0.5922622104133725,-0.07672575319599569
-0.8576347151189235,3.820159506907049,0.22117244240327935,0.853722340475121
1.2105344921177787,1.7280321291903067,2.2422491616408244,-1.2323756151955751
-3.7934890742855734,-3.372082804931043,0.8731055448735819,1.6975459893619675
-0.9413067590057159,2.5209633321600022,1.733635927009243,-0.5414711689810335
1.008309579419552,-0.4018736520473047,1.322094582180965,0.1382923136473313
-1.3387746233027815,-0.43315063703376905,1.552500962863376,0.507660027386625
-1.3498379996852543,-1.4381477122034754,0.4993027147521692,1.6535184635258062
-1.3030560489342369,-0.03947404005010116,1.836229410794728,-0.22666145633778464
3.351398910768456,-0.08557920061853777,1.671779062062107,0.7577962809116123
1.481641374948265,4.109519964281741,0.5273446167178866,0.14812235259246176
3.5657839406148857,2.64508338410191,0.45593953504389917,0.9421999718573708
1.2801840940615359,2.2354077494507125,-0.5414563653034135,1.1758514308792187
-3.3434613758848335,-0.21223735504826285,1.2973858845880462,1.3734407694328186
1.0114036274691767,-0.2114962427262595,1.1647796803603463,-0.2209921464887041
3.3959015163733532,-0.10678906027299284,1.3300605475764475,0.32992985347630244
1.2802034772139834,2.2529194663456047,-0.2678064548926403,1.626856721241085
-1.2814950757826569,-0.19521649443664357,0.9881824148966617,-0.23385858196484255
3.2739395178585995,-0.25846909613062385,0.3313559586495616,-0.629063725945288
0.9607184109826346,-1.5461583485344301,-0.2510380254890962,0.4160800626248937
3.1334791610226347,-2.1848844419199547,1.0024422790388812,1.1028882749766538
-1.098021468011433,1.1787839092101087,-2.5687713902821665,-1.7134504581272134
-3.571256888144776,-1.9682534296016652,-3.5949149665555957,-0.983485573055871
1.3607042291740745,2.4342204777591236,-1.429573820642555,0.03908388658029834
-3.245842326586174,1.4984345631525322,-0.5063467199790748,1.2571605458533814
-3.357073224819185,-0.14671375268363449,0.7820607312875856,0.5520037689667668
-3.535142062381159,-0.7020642810791236,-0.19995352544491796,-0.5889391123051009
1.0123365224076888,-0.8759551549674601,0.9370720290660326,1.0472452664449157
0.9381229854862693,-1.056218775726792,-2.2174725343717605,1.1134280111243164
0.9990479394062237,-0.06931809611198832,1.9554284053221693,1.0854781837209886
1.240186613437194,1.4059583226502665,-1.0455403844948914,1.7697929605157492
-1.1579395509741306,1.858569363024294,-0.2908302778655788,-0.25541254753505094
1.2636183381229928,1.3850010956543501,1.3086012045649975,0.37518251107730743
-3.4776320145320594,-1.323813130463193,-3.509525469440921,-0.7509380014110496
1.184217145169305,1.041746648480419,-1.5204896808293573,0.7937729716797167
2.904679013774408,-2.980102462879861,-2.635935986866584,-1.4505387412373942
-0.8173841518575626,3.6632979373220875,-1.508268979034183,-1.6955323716481752
-1.0151602705506249,1.7661239775925952,-1.284590230990428,1.4288503065284073
-1.4587942999566657,-1.8912995832064399,0.5331180013753926,1.4941857707805477
-1.2755406266848976,0.42804355911688113,-1.6587310367641308,-0.7702068621166787
-1.3084480796064488,-0.6255834622328296,1.0058402377665836,-0.41083657785533184
3.5104362129554616,1.716050408915573,-0.3026935413322094,1.4923768000269004
-1.0033212371682672,2.296737884883616,-2.0349302899998833,-2.607842436159043
0.8400049394255336,-2.4670713867871084,-2.538541087912699,-1.2169027365756433
3.0199673258919284,-2.7375741676339103,0.3844719581866665,-1.4426199227572793
-1.0547064173438874,1.8840730433550605,2.0833946853594605,-1.1807813188881633
-1.2566314001899581,0.2048904354007634,-1.9399479630616985,-0.009145843045606204
-1.0849028199315376,1.6180879532794432,1.5261185228564043,-2.1267205496585384
2.955172744437336,-3.4797040189243145,-0.1261997987955968,0.19421127638133745
-3.7878940339798355,-3.684795857303108,-0.6054076294356919,-0.47213660028884036
3.4687860624340754,1.4083052978011736,-0.3431760741113169,1.3795904831623127
1.1617638758306417,0.8452253085203393,-1.1198795550256697,1.5698188690572938
-3.4760963365468505,-0.26737932698444217,1.057533582598311,-2.0432996178841525
-3.4592100038054725,-0.2495149278827791,-0.6705515753983599,1.8549256761402246
1.236155990175432,1.4223192329939427,-1.2197978130269316,1.3433228249276166
-3.651097414423761,-2.0333039513427194,1.3739861888083782,1.097607193997415
3.119773559973713,-1.6830533508764207,-1.6485841604404294,1.8128680780964033
3.7540321538716714,3.6800902570844913,-0.062808286688669,-0.7368260300109573
-3.509761081415674,-0.1337566007177701,2.1741123288715523,-1.604932887883306
-1.143389945471473,1.2867695516651754,1.6436559642452178,-1.0114435929581191
-1.5720290647248094,-2.6985325243347202,0.4264965570325252,1.201218328130917
1.1748952878705532,1.1673992454759479,-0.8194443265947223,0.8400005923858375
1.126889036257878,0.6490168729490567,1.9646587708509917,0.08351328732423531
-1.2656183295446848,0.12391653579492588,1.423433758729246,0.2410387206264863
1.4627069804951083,3.348840091251917,-0.39216678245120634,1.568789673931485
1.025426032836479,-0.2603490887167668,1.015860776212737,-0.1929496802679233
1.213466650627271,2.250259322668024,-0.3856709178341909,-1.3172409871975768
0.7081711225550108,-2.7851830862980527,0.9333076427020813,0.7690787674953712
-3.5429596505235827,-1.7892792844389427,0.30998710852662376,1.01859374996149
-1.4789394231012165,-2.145560933931339,0.5484138060825627,1.3444897743065911
-3.2878597304535764,0.9524226461688856,-0.8497943810911982,0.6248560182664075
-1.164326358033951,1.3959341274587544,2.24784984292852,-0.14686656289856306
3.5418009744105414,1.5990925741633422,-0.9837337891710977,0.6704677871361905
-1.1433426934120159,1.3773486706248053,1.7245795428807513,-1.009224531977656
3.3421297033465267,0.5517331858284554,2.2088363723117226,-0.3286074422620798
3.7027167968655847,2.9071367570505813,2.522508259393387,0.5132683177733899
-3.4844347297719866,-0.42969260343993776,2.022226190335466,0.011746716077158536
3.0446432832004247,-1.400558431224674,1.8622871407695303,-2.2936346933325895
0.7695361222702206,-2.7326191237300717,0.3640358636862338,1.2460163920266676
3.214796639498432,-0.821171358968849,1.6420242373501,0.46654111984540797
1.0325794872371026,0.4800312965608609,-1.9618926650346566,-1.114197460486769
-3.503459068699976,-1.534437397382223,0.46011182820189134,0.30639214156961136
-1.1714085006565063,1.1000689625080904,-1.1213647772410529,0.34400277486457514
-1.0611669373522696,2.1268902220721086,-0.07029575009916744,1.9240423300448555
2.973623238796347,-3.381037668718983,0.22663066682008695,-0.18844407091649007
3.3933339789039776,-0.31620792616831817,-0.5911640175571544,-2.476182964819958
-1.5067333638851996,-2.1539012931864785,-3.240134381105394,-0.5788829804684996
0.9962855450012982,-0.6138341755758703,1.1091579795932407,0.8961684258792268
3.1059993087457802,-1.950736769194847,0.7181391887809212,0.05438053759423414
1.1979367330391293,0.289625089848654,0.9079757290420931,2.2845523012396773
1.1982490371952361,1.4249475906307025,1.971022119729651,-0.4651769921096903
-1.004298890662854,3.0040259660408384,0.4307135470072175,0.9523327862549831
-3.4240752366788567,0.2836576765616557,1.7485423368421635,-1.001706332198126
1.3742711871096716,3.329875013111024,-0.011572002264606444,0.28506598051690696
-1.4697435995502133,-2.128387192589816,-0.019875991542317884,0.5623362285899697
0.9268473066612108,-1.1378986587505375,-2.2281829439919285,1.082937395809742
-3.27088428511872,1.2444866152446727,2.0388889409950215,-1.4922412431703762
1.419199369141633,3.631577101613308,0.029070908462520546,0.38642446511379647
3.238232952193488,-0.9460076755421859,-1.7523882114450662,1.6055599951754684
-1.6324283804394666,-3.158798382767365,0.3652632994845024,1.0421288030780076
-3.772374821569351,-3.388540861020906,0.30145800121847705,0.9000749588168442
3.5560121210370266,2.4662929895412797,-0.0898347594902649,0.03311246258023465
-1.1806035900914384,0.08634532351637665,0.7734677876706219,0.7192172878623276
-3.5648799707178855,-2.0413567017691507,0.20878129990293662,0.9453692874077977
0.8101280063389491,-2.3928001527455067,0.5930479179745052,0.5510305531434584
-3.5662201659288533,-1.3431186912788733,1.399060700026567,0.12099779623901319
-3.333587164087285,-0.25593210882256895,-2.430747980523086,0.8781687121020042
2.9809656617656013,-3.518887222802952,-2.6423574861724135,-1.5374999360318762
1.4246814874072273,3.45868917418208,-0.386964896304896,-0.03364069676977011
0.6250680383906363,-2.8700436581627233,0.14620724129898358,-1.9803254461245796
0.960660301417724,-0.6702478102844569,-1.501547408354353,2.0508188659624875
2.999860219342147,-2.557290175601692,-2.2376529853208544,0.5806334855279028
-3.553197915714877,-1.590975341946237,0.5169972617494126,0.051643688067581336
-3.4970050571984634,-0.8272353641747271,0.9447121094438832,-0.5432538169155404
1.2835495934462073,1.2491345969190946,1.5612142511500082,2.012886692506452
3.316500406448411,0.20026331763633196,-0.9177070507484113,0.5528320566412964
-3.376249763523584,0.3463885387612012,-1.254855510413453,0.022987862319205497
1.1200997178464969,1.56735351285255,-0.5643474552091332,-0.7410007155589011
-1.2213804172646883,0.8856551224433481,1.658617103891345,-1.1807340369689365
0.8931366504319777,-1.0497378645737823,0.7341292533063855,-0.9083169693317286
-3.365461250369094,0.12350307940317685,1.3421746759891144,0.240078118336711
3.0573433000827674,-2.2291916427947798,-1.468726628194765,2.0164223918243067
0.7622411928200747,-2.477610031252325,0.5392474715006443,1.2906908159630706
0.9433193106328585,-1.0324278901017014,1.0070377594012045,0.7895717699067694
3.181411908556601,-2.102134373847182,0.3971251569582393,0.2737955167208771
-3.495008308770175,-1.9603782443469955,-0.14471019024957257,0.5214861947075937
-0.9868846024548856,2.3257480074177477,-1.4065475678629258,-0.0864859610306231
-1.1009297521645771,1.9136816419771072,-0.18593195018229122,0.5837651555491395
-0.8340576746501586,4.057095580242165,0.5714248789295322,1.3284551223755243
-3.3707968049552584,0.8004331948008268,-0.28008603824325157,1.3880939930271887
-1.269701885008196,0.08032577534500278,1.4176686139939734,0.22655614000078036
0.8548239969444588,-1.195285314049306,1.236554812510472,-0.11227629305477115
2.7866341751636816,-4.632397988692243,-0.028423378283730705,0.1888662332133185
0.9061658045839417,-0.7460608098161934,1.8660955945775703,0.8404724421648924
3.207223801691336,-1.1343795347410675,1.7829375157842886,0.7912444302959724
-3.7484861506947595,-3.196232712600277,0.37455931852095864,0.9155091497529346
3.1961975713909934,-1.2596595032186815,-2.065421553950417,1.0500807468280442
-3.5940418780627543,-1.883927769526701,0.30236652071628256,-0.48896484407659807
1.1204150492836213,0.6039451653527075,-1.4899415081945016,-0.1879231013227809
-1.01482697481994,1.5700948636519028,1.0466511256915674,-0.031149395645610693
0.9074225266181959,-1.0044596182424168,-1.546130103154732,1.9310171649609635
-1.1705371337675439,0.8149914195080515,2.036970655044113,1.3430799050470086
1.1901012714196113,1.3566152210700895,-1.0502636077839742,0.49598959520167785
-1.3287262178850978,-1.2931491967787703,0.4313404250904506,0.44532822105418157
1.2338587130093635,2.3716079108415533,0.0643374791260873,0.4013915666348842
-1.1409514805876197,0.9452238232300716,1.9677397578727942,0.12762764327141785
-3.6982218192222835,-2.914270816507469,0.5283526208282189,0.21635418134068815
1.1354631140543114,1.5431968153367972,-0.9131205591902658,-1.1652688079616385
1.5589792245492462,4.439729085143231,0.0020132438630590067,-0.5253514761951584
3.016517331272871,-2.7061960341252433,1.0668586425155735,2.114569315809445
1.215351979572097,1.1218091813838036,1.4577238419881628,-0.5382987338681563
-3.182823515683694,2.274895853993105,-1.0622719657442627,-1.4541844408343592
-3.479009190788603,-0.7474260387699723,0.9553384031379568,-0.5111621043066271
0.831104767812733,-1.7726409761736466,-2.3124708455461906,0.8539785924973319
-1.1601581822860003,0.7584386905923255,-1.6901490070619112,0.6285511548785998
-3.272497227862133,1.1323595385504346,-1.4225998419132146,-0.1391822365548054
-3.542635559329603,-0.5195327105507307,-1.4988190719073313,-0.7890985115127803
1.2114139915241426,1.9648384400820635,-1.1076276047798685,-1.4170356586268529
-3.459484674691237,-0.8343713208730505,1.213625833792853,1.1495027838461243
-1.3283048852523567,-0.8211572517741796,-1.6890818860515047,-1.350221154610438
-3.5308845764219603,-0.9284055686588043,1.4528984726547343,0.2690296109186447
1.1988452548447095,1.4041237252349001,-1.5667575160876455,-0.3315925019351258
-0.9524730684999543,2.2159711939303772,-1.061555897417285,0.7391240488095566
-3.464052102237607,-1.1232614916145887,0.3086820321273986,-0.22560344388345255
-1.1254390791792193,1.054908517770638,1.9823761554407806,0.1656847639999028
1.4742609427538016,3.9702528053812802,-0.06030877357968965,-0.7034653316900636
0.7626006699008218,-2.1806411689755136,-2.182546479271094,-0.11113265549494515
0.9739125142168358,-0.25037636318918394,1.8445563517879768,-0.24328215451312385
1.336391136715255,2.3356911532612656,-0.9206468994267232,0.8531546413599286
-1.173382616345845,1.1230351505480447,1.8933603739549028,-0.628955370920905
-1.00378087225405,2.2296730584472817,-1.147623459393723,0.31929389496371435
-1.224173513768367,-0.11381857949710303,0.5703753930065717,0.2114398594354719
1.1989169010465355,0.47100128171319683,0.5901716665197139,0.4713519910241406
-3.379849386382597,-0.0874914105038493,0.7922224043579162,-0.6816858220571852
-3.6415209561194977,-2.3577744107185072,0.485509431266473,1.2107741361400375
3.023766979618646,-3.249025813798393,-2.6066243219024496,-1.4376221102852174
3.6016797071010163,2.5350679553396227,-0.745002847230869,-0.745036644936241
0.8405626925372307,-1.8916733463914372,0.02540130842961437,-0.7870036465226894
0.7900761093260997,-1.9506551803916763,0.9324226044994345,0.40156472744653277
-3.534517122781095,-1.2257786148953205,1.1426367595444737,-0.27512215496811165
-2.912255668323806,4.015989558692738,0.12583571740179067,-0.37175104465436165
3.630317474234725,2.441106734408971,-0.47717580444414737,1.3071720740941704
3.1438239964864594,-2.282175280067125,0.12163783802452373,-0.1956858032495622
2.861649351385873,-4.200646045282321,-0.04535243067271663,0.3700145490225177
-3.6714469785384325,-2.79125613990626,0.11006412671806294,0.6682989031925659
-1.3543501304695926,-0.3939620016804854,0.8733092364177616,-1.5763332651856514
-3.7722629894340227,-3.345237072384365,0.3071088488723909,0.9129812321180906
-1.1284408363792127,0.5681253247949704,-2.9012944949614736,-1.0884289390189013
-3.5433548672639614,-1.711881250318068,1.093680963978011,2.294800852583503
-0.9389764054461721,2.5813337242431156,-0.924502475372296,0.8818164829559278
1.0703301452349816,0.570363498342446,1.4233819829166023,-2.4431627364589383
-1.1616341610956027,1.3413632889903766,2.492038408422723,0.24006254085965675
-1.0072196983914679,2.4402962094502625,-0.2791339839868977,1.6292443905990446
-1.345818952528754,-0.10715497871551763,1.29697394988666,-2.7488631826564314
-1.4550143166888319,-2.226477928215891,0.14403691384765402,0.9671991903944942
-1.0596821879208715,1.3278835600004846,-0.7506020143133078,3.560385960764078
-3.758007651398434,-3.326336909208811,0.03824353453785857,0.48111353896645404
3.541857185433272,1.6470606081781056,2.1250187559827283,-1.1445134740436291
-3.058459760223106,2.6899054888194343,-1.7452992669076344,-2.077094767805626
-3.38681664863217,0.0354430753875903,-1.548256547614154,0.7488875634672134
1.3744438367745377,2.746203116476991,-0.608066102439112,0.15721459855865114
-3.175050952122589,1.733370546363299,-1.070718415859277,0.5188856487044199
-0.9907013725221804,1.942373439220982,-2.4659010965814523,-1.4609034770082263
-1.158425500328319,1.4012758269780567,2.1617510782091456,-1.4068593466146961
-3.729958959382524,-2.8119003036274814,-2.2474328663270344,0.7962096995149051
-0.9926015918335864,1.4005776438475401,1.3832180337322073,0.7770007290405283
1.2990384807427282,2.8186492334571853,-0.22130490308040626,0.12718872571699935
3.197376599603824,-1.7027750685571077,0.8633083518686044,0.8118707949174436
3.422648536500385,0.07974505409412075,-1.5950532382814653,1.1743302088156156
3.127385543115578,-1.2547167104468848,-1.3551271248945342,-0.38242829224285874
0.9712334824456578,-0.5822948818781107,-2.0130907245187126,1.2403624591305062
0.5162371190161164,-4.403380510932818,-0.10868625908870393,0.23559555617906602
-1.1250451107392392,0.5700029039446104,1.1831105794079606,1.3120342163466994
-1.3610552145167523,-1.091639079084811,0.6172298240721481,0.29030776914829437
0.7605857466711015,-1.4540741283211747,-0.848591077010856,0.2774457153177527
0.879672231388958,-1.2998791978000548,1.289421686095986,1.0864646352703689
3.2544359223488963,-0.8843645001832454,1.632488564156007,1.6953480688242752
3.3334852577752887,-0.03699686125677963,1.6590375867573401,-0.5115914468595226
0.7219768081069909,-2.368600255613039,-2.2969043476400666,0.647460039838756
-3.6023916032265446,-1.4906282695481359,0.8563268176879929,-0.7822154778279383
-3.7292088528825413,-2.659943309770023,0.7205907618722255,0.08448495169013118
3.279845618668533,-0.6473896497597438,1.0006093078853204,-0.2692185498950026
-1.385005964124066,-1.308834296304876,0.06607199040073164,-0.6342907566067979
3.133266478004669,-1.3507399206114419,1.5716182718853775,0.2755402063778994
0.6993259925203358,-3.1016119032603013,0.22714856925866672,-0.14778701742221226
-1.010215121969341,2.2193545297357136,-0.7224964614814685,1.1576756246341848
-3.1382164504009418,2.9206373338579095,0.048101324982372226,-0.8117476257904892
1.0302598232789455,-0.23914140194947683,0.9314894964072885,-1.4446846238999893
3.4786108817466395,1.1147648448132277,-1.5684697287500924,-0.3730930859798386
3.3130747985852804,-0.6722000037963026,0.8185333084033469,0.5523821611287097
3.353109135041742,-0.18128563116798738,-1.1290507462222323,2.739233907533849
3.0563248556075977,-2.181566169919486,0.6870966636070474,-0.03319581521623183
1.2710154923964276,1.9369989065156434,-1.2454890092163642,0.266891388326137
0.7385412086449523,-2.637191711962953,0.7898169190250757,1.6743015016826002
2.9600417172144984,-2.939076446084746,0.7897798357946914,0.16262074936932958
-3.59348343462031,-1.3255837795104992,1.197043442588384,-0.33589080230069196
-1.2401064508523907,-0.16488739305170969,0.7394399831886606,0.62352947749053
0.7038471616156814,-3.142971704205295,-0.028668559237449785,-0.5696530044560801
-3.4222504211923153,-0.30372411589602943,1.0153806586906429,-0.37112408301096994
2.9328947671013736,-3.3541491378836996,-3.0553796073402597,-0.44740787990443204
-3.3563060843678314,0.9181458783730797,2.313833591601897,-1.2291640301468052
-3.540915570211117,-0.9157175239630969,-2.1975742511290113,-0.4438330991343799
3.19620372360662,-1.3965344746164006,-2.4024020932933525,0.616832604506258
-3.215782115009717,1.2954154946140295,-1.035380679345199,1.6189492124093248
-3.717398726837097,-3.131425263637833,-0.09737141501668073,-0.6821562383640571
0.5442415288553404,-3.9540592260540817,-3.5171022532104237,-1.141071574709309
-1.258647184117316,-0.09609196498134707,1.0015272319145903,-0.19549697368025482
-3.679346358048686,-1.8820162037699895,1.645477157377778,0.3137875808802682
-3.204952497016553,1.8000299119822907,2.1811006513810685,-1.3193273376316403
0.9782594070198213,-0.4290967510637376,1.3388210303601575,0.16249378123987734
-3.568124157628786,-1.6312263086456942,0.33509573966609235,-0.3951381593759204
1.138773290399249,0.4354760123930809,1.771455148746655,2.108763542148132
1.1514118289727693,1.3197877492645205,-1.1847812125789725,-0.007439040164732438
-3.523646722591111,-0.8374823742783452,1.5334667789102803,0.28066878272794543
3.1976647636928224,-1.3351316464344267,0.7998941158672782,0.27560520765725494
1.0646043661284166,-0.19902090164438274,-1.832051774808505,1.8639064023456502
-3.3606554135001767,-0.28630746323136824,-3.0479585172944397,-1.4557735421243405
-1.262149961153212,-0.43677765898951587,0.5283435771614636,0.09104390244196023
1.2643096113971288,2.4252431861729167,-0.5246193601264847,-0.40398476609053324
3.4140187673295213,1.2869416529824727,-0.638965535657031,-0.7541370237495625
1.2565780844516603,1.9802928263226436,-0.6225644302667995,1.13965025143583
3.229356726228577,-0.933221939051295,-1.2287244970297022,2.459503736439667
-1.2095110661062485,0.3015468212237156,0.8777952397861221,-0.48581303305776335
-1.1650583486967117,0.5940235082018465,0.9166072645785291,-0.3797859703634786
-1.3121315237922522,-1.0606739432345653,0.5572014653323241,0.534592739981441
1.3749977789741805,2.916751459662181,-1.571569971405341,-1.901562046362044
-3.2872837099128125,1.109746279404111,-0.9037311196887278,0.7028004973597475
1.0748027630841621,0.5815251616024951,-1.2641714505688963,1.0166400165734388
-1.4388041665735571,-0.46944317987364276,2.0005809296473918,-0.8208561503795043
3.503290544996354,0.46616523125256565,0.8970666250823177,0.9736841038762212
-1.1871842965348045,0.6409775092363361,1.7637462404283641,0.8701016084364597
3.559843011851668,1.9583859932966836,-0.42610153427820135,0.34331478115904385
-3.2089887997726043,1.506547227044153,-0.525069009382604,1.2253528232671886
-3.7618340987478924,-3.258998409892072,0.1155557201665476,0.48116968670857374
3.72214587709113,2.794523960065867,-0.910371108306168,-0.1808818525114952
3.425177619793057,1.0423254051634365,-1.1855045785530451,-0.042174085396202585
0.7666822362462798,-1.280066531784383,1.8634905697301642,-1.0582970898161443
-3.5314081655050935,-1.25993944259038,0.819021191155666,-0.6755454487067568
-3.3912755105820596,-0.16009665576339668,1.0334351650583962,-0.30111792665644155
-3.525758888864467,-1.374788424170234,-0.570811225360911,0.5415294357932284
-1.3659742552703145,-0.9326021035528386,1.072491726784877,-0.06668172221777792
-3.3056864632679868,0.5388475407159126,-1.7527723657288643,0.48783725145917517
3.0610283702439776,-2.519305077142971,-0.021510262458978018,-0.9521611578631217
0.8706140854007728,-1.265055365163716,-2.7630718170319395,-1.280357864272826
1.0458873973859895,0.3169301251615642,-1.5296232681540989,-0.2913446861651528
-3.3015622755028327,-0.26274500360047015,0.8801991551215779,1.173861258691283
-1.0051758693305226,2.02339833686002,1.1457691155667147,-1.5721488272297537
3.53596255851605,1.7771796971739129,-0.8161696203221563,0.6638965621175301
0.8827011501199256,-1.6155592813723234,0.062046400366555024,-0.6868565445759788
-3.222175253785033,1.6210214873939839,-1.2148657630371038,-0.014866720246312479
-3.357455059988851,-0.02551036740790665,1.0516656466566348,-0.24868616891957335
-3.449856269746951,-0.7522164671533669,1.4572805773510724,0.29974724959353366
-1.2497577204325263,-0.12525897804777358,1.3225591333984628,0.18332212274444898
1.3560116144666532,2.6446768458036343,-0.28362800831303525,1.7876101397669157
3.2769192728052343,-0.532934638319856,1.3613809778665988,0.1868003861210901
3.157692987263383,-2.2951269657377655,-2.4800657666374466,-1.0982881891016216
1.0044779194651985,-0.2899271048439026,1.357571551223302,0.2125828978558739
0.8283013744389289,-1.9581880041807644,0.01639884070814496,-0.8102766329874658
-1.1616318431572903,1.203025408603266,1.9038861909654528,-0.5991149291399546
1.16889327105038,0.7908328802923001,1.5012510969027075,0.6012612402371003
1.1665291993025013,1.5891992327238884,-0.4440757006036878,0.13035461978996327
0.6377808367150538,-3.477355745168982,0.3599308642249091,0.9846778970679926
1.0896876422016994,0.6738171884243782,-0.4783209980910569,2.3040135981899086
-1.5860156184250769,-2.825469423370882,-1.6871673920787928,-0.1694637688829989
-3.601587982476078,-1.225180776146441,-1.8447282691730384,-0.19756882515845303
3.1384094818179338,-2.3028427313304296,0.030122402287175453,0.6216625509125525
-3.437434733787473,-0.7622251998734879,0.5395542175600615,-0.9117143199511302
3.15038856372925,-0.6741214905684332,-2.0117375745449633,-3.137318837176843
-3.7094462107475907,-3.091097835271819,-0.18056618459174198,0.15703406123269067
2.914446343166525,-3.9706799454306543,-2.702237256759082,-1.7008695690729312
0.8179799657969604,-2.4852299274947556,-0.37586605841324905,0.07824811981526628
3.734115293092451,3.36674854217282,-0.4506397796478652,-1.2522287519831368
-1.4455872936205776,-0.9632306635173538,1.4624325907845999,-0.965485064444642
1.3165962754359122,2.5106547145459084,-0.069815008001968,0.8637371647496771
1.2722415161403142,2.1054861023001368,-0.6061132145794228,1.1849617441294635
-3.436529364829389,-0.05468193031351941,-1.3303949380020232,-3.6797079628040064
2.9804988994676496,-2.901946300890801,0.273201715365576,-0.6764454304547541
-3.2329359568560023,1.4901903196974917,-1.029344578146193,0.4061347096599455
-3.3986910030585045,-0.4767782837181993,1.3303051919073623,1.2569167832389976
-3.2349862257252084,1.738274719911036,-1.207172024571212,-1.6183706053844997
-1.1092977635760564,1.4364382369763886,-0.6642438290280295,2.109448692153997
2.96980774835225,-3.045187964885912,0.15878515470874133,-0.7331845585238219
1.1148554589543618,0.0179012327091084,0.624697304423178,0.3186586440340704
-3.5026654098710246,-0.8191742548798943,1.2168932727925585,-0.09564127811366582
-3.631265571733337,-1.9618532816355185,0.610620475796262,-0.1336584722689114
3.101258891992293,-2.318499185994363,1.0319649002500073,1.0001711919586422
2.9763268635452143,-2.8925689489691293,0.17830112945664928,-0.6790380163955124
-1.4611980035799854,-1.4917376989412365,1.2285917426031818,0.943848574334913
3.196848355759835,-1.2148758007742912,-1.3353085670576585,2.389659443094989
1.082248405253236,0.2146772571530483,0.902043071269,-0.45335139594538176
-1.6060779368079938,-2.5327923793391998,1.0216982853896,0.5948834623998941
-3.281473119013482,0.8978731115473654,-1.5627848602072547,0.5679034421579819
0.9663007857451675,-0.5648948863009402,1.0491121507075463,-0.3232457520860997
-1.3584957459814915,-0.828377747410828,1.3167239006565223,1.1842089020834028
-3.566474700036788,-1.4357535213564334,1.4527660193161702,1.3167601828596411
3.510094509417246,1.6400696003132202,2.3535765232828174,0.06360973649814343
3.3044735482374175,-0.5446073564797687,0.7430279917181692,-0.6740086303603215
3.3567880408253967,0.17446868121817874,1.937415022071949,-0.02669338489246897
-3.120220643794162,2.5694274222674838,-0.38328926984233386,0.3496248169333289
0.9258102845363503,-0.8788857393622924,-2.7124065833842543,-1.1353916186128767
3.23332355402901,-1.1682121779345422,1.0253033942906788,0.8006429324061726
-0.9259598032865146,2.354348891978792,-2.4117562419526206,-1.3038125618437393
-1.134803228704674,1.5767002987766525,-0.39376023264435006,1.3187477742960572
-3.250431872875349,1.4341531538403687,-0.7174438561152773,0.7703206346935474
0.7881743077956631,-2.1750805053683107,-2.1785361357982693,-2.193723476137018
2.7875148939145182,-5.110725213221208,-1.8020365952214814,-2.2839117037778425
0.6418411896656098,-3.342564750918618,0.42513036403171833,0.9757700889271522
0.9064266108604967,-1.4271399478856959,0.33754533990909846,-0.2101132049274908
-3.368480348532437,0.8719715742847114,-1.3229967986644111,-1.922919616119091
-1.4747091573478075,-2.3985571217940733,-2.5662024819403335,-1.2563783383261107
0.6737011050222241,-2.2767987283633446,1.1406045141698873,-0.5654420199803072
-3.3821049219308628,-0.0332984342749154,1.2341885420791052,-1.0728573802280623
-1.592330754510499,-2.1411771749331674,-0.5217445440492108,-4.549902248439461
0.9172424479121687,-1.0220509372542188,1.3269154960833065,1.176649680864798
-1.2579840563187847,-0.7311590913721493,0.6882248669180135,1.915588840087838
-3.5468269674755666,-1.4600987319364938,-2.341245779163257,0.8492784579194915
1.2556819411281737,2.1165609666708582,-0.035016836885400165,1.9817717189863828
-3.4865781520843058,-0.7954149969434625,-2.771337262130598,-1.2258872135944259
3.46654943973881,0.8493054890197993,1.8639447338497144,1.0677824151359148
1.2766451739351916,2.629620301067414,-0.11916518902343748,0.06302575022758782
0.9214204349853038,-0.40865795813382316,-0.622521368979327,1.9161108028063367
3.048418904805839,-1.9891527311694086,1.0716709375549003,-0.3440932303043155
-3.3291393996755145,0.3604806969949945,1.1707835172406753,-0.13720811723943074
2.930081848864131,-2.0971021342023386,1.8568298487011037,-1.2884766526435194
3.360281235718369,0.039437062453641744,1.2344831103573533,-0.07114182590428912
2.957149928063162,-2.556818787291218,-0.7538119792365119,-1.4671649363401813
-3.2033172833249823,1.6722714320572303,-1.2551405332118966,0.0552931758008018
-1.0441383052176532,1.9537550065480607,-1.456628845064946,-0.21297426837321684
0.8861010309872978,-1.6925743206521062,1.166449083404864,2.421002863144593
-3.5265418292537696,-0.8317108644829208,-1.3175910067599403,0.8547574584926684
-3.0397447382575673,1.9047398257807202,1.1476876942827436,-0.7913199638471486
-0.9077714853290371,2.3752409087224597,-1.9971291192558096,0.3574622691095675
3.1983771849167484,-2.145894511746718,0.22841575764245553,1.1163665274968784
0.6790682503255105,-3.0389724379908203,0.6496589308683404,0.26498981058112353
-1.4759315330428953,-1.794369047191846,0.7817221163666049,-0.7948102405090722
-3.384207937368337,0.5581186522899562,-0.5626128980577321,0.9016330173454209
3.6512886175458594,2.5484233038369646,2.3873585837758937,-0.8708386036808381
1.411449692196264,2.9383284186305962,2.171140929067879,0.08183770249084225
-0.8519527502374363,3.690812666315544,-0.47996220122767885,-1.267816790675434
1.3302072288635591,2.3702637634023267,-1.09276710091614,0.433700093933984
-1.2541384269022406,-0.06345815281426452,-2.639880563929065,-0.9042236343263823
2.988274816629542,-3.434551966557567,-2.6315600809569686,-1.5054685270105468
1.3167308855770297,2.7152258381757868,-1.0079016525957616,-1.1521850941055256
-3.5982917389408127,-2.07819952077746,0.9573798970820948,0.9082403235109778
-3.358812285887746,-0.16492909834672345,-1.7543060221115505,1.7110120797950819
-1.3687288513306908,-1.558021026118042,-1.0804499051791154,-2.2049067862115774
0.6728504263048292,-2.9269928233953064,-0.1124158241076369,-1.1634061026553266
-2.2133541840324957,0.41984354378486427,1.5628058951568058,-0.47966693706108987
0.8993210348669398,-1.3804349613982347,-1.727140699558885,-1.4890096457724378
3.131919829043144,-2.155955117913811,0.8032599094897701,0.6485893877930803
-1.2946378024333278,-0.03706650778155915,-1.7009407853725114,0.35125090080124705
-1.4553761936542142,-1.8211328474403221,0.5962146243108084,-0.0020965059463711982
-3.557618440939766,-1.1763608761710689,-1.1172977194510472,2.599278641018172
-1.138202666361806,0.7070891086623162,1.0208668548735413,-1.1650293646054606
3.6191792711336483,1.9194049743252566,-1.7804720747570812,-0.46704840358053723
1.2796451349584161,1.9166005049468804,-1.4985598568210834,-0.14637682176312009
-3.6253349427255865,-2.104600403323212,0.6999096495894721,0.27346521441310356
-3.5178242202583325,-1.455619798624428,0.3592584381946848,-0.32755502181419005
0.8587051744519176,-1.010543351429432,1.6951871079223046,-0.4564487643208273
-0.9264363178361255,2.9686572873754984,0.04188278024297471,2.227529614786568
3.1776976057472397,-2.1639928002133693,0.22515761481101607,1.1093274366962067
3.5147344524149613,2.0289034344798864,-0.7171544008097731,-0.9182644477538839
-1.1223215635929353,0.9256553805034887,-2.148813430118653,-0.9334223703550959
-3.439334180083775,-0.8391826119245771,0.6154973460174918,0.33944364919439995
-1.3105540661363413,-0.5960435263140852,0.9411917518960317,-0.3761941422763556
2.9632126235868026,-3.4498451652005686,0.053492104005903436,0.6441659156895597
0.8158091672413007,-2.9131351627655135,-1.547008946684071,-1.5407104899499133
-3.5060232183336595,-1.7017349195388374,0.776219438646594,1.9239199040367163
0.9027402018234544,-0.9352604045343323,1.0887438999691967,-1.2882827890216122
-3.710499114948069,-3.156442276048323,0.23907960565526776,0.9615475576433202
0.9568388589880646,-0.5513080138616262,1.5732561909671365,0.5259649151639592
1.248241610045848,1.5560689156411727,-1.2021701984742557,1.3882436063708814
-1.3319477340487291,-0.9728318496929452,0.3618136364674009,-0.10789395397465082
1.2163579621943321,2.1857400648252296,-0.12159323538328405,-0.9026890907426389
1.286930138732673,1.8738124354395609,-1.0914711401929957,1.4798700936676243
-3.6559822745399844,-2.7322504341435745,0.04310627610261476,0.7194776307785113
2.9731614122383188,-1.9421622966979377,1.3751571169353747,-2.878639409866902
0.46990686382363356,-4.666918392607847,-1.4565806771047916,-3.272138719212844
3.4011162731858597,0.7146775801623463,1.6404853757695306,-1.0932995855387178
-0.9587344149758458,2.7003131424381785,2.334463640760957,-0.9385913405496457
-3.3665173895805984,-0.6197935613033522,0.12520896381930993,-0.44425458924294836
-1.0362506740252055,2.6710436101945856,0.0676548501743365,0.4473421321284816
3.3460530625343345,0.3499173266933901,-1.528440966691564,-1.5324360948544846
1.3727014832197808,2.035265918626718,2.168588196465222,1.8603556561442036
-3.2926912763777363,0.8897494493241358,-1.0421574180533666,1.4179895947419776
3.2048160381373854,-1.8096818521598161,-0.6851423699334539,-1.7011374422604797
-1.3088489727926795,0.23352737769937912,1.503420017264126,-1.3907962583869422
1.309584574991505,2.8323353027856317,-0.6473929162444378,-0.6904881324030627
1.0961910257897265,0.11591926077856543,1.6417561762858839,0.7375016901668561
-1.5893512511312105,-2.574256122350036,0.33320338030567626,-1.508210393150961
-3.4423171832875656,0.2648560998452385,-1.9939575148383797,-2.971267632828345
-3.609323161143413,-2.3126457676898684,0.4440152529910519,1.2924573160303274
0.5507874450706984,-5.132046484295669,0.6184764246171327,-2.2280211816692828
-3.320591513449942,0.8958546658021346,1.8782388866214528,-0.8351297220598409
1.0261680389127232,-0.7388345289985663,0.7702040066812502,1.9181254076034127
0.5178224157698539,-4.396472227237218,-0.10775128417599378,0.2382042150055127
-1.62695204278947,-3.225867787935167,0.010932752190975423,0.5985590342901822
-1.1106670120062994,1.6952577298566855,2.5385749494158705,0.3718499814389633
0.904851691084011,-0.9090980996918893,1.2747900039746896,-0.007689939611688287
-3.2971739429043976,0.2613374009542125,1.1562876713633155,1.0795379712482274
-1.0574996136343249,1.5357111493285918,-1.064936028440041,1.7555394843982277
-1.289334088133479,0.5097438844639137,2.1306277598412082,-0.46680943064484465
3.0805586664474527,-2.0423711235722264,-1.8721015114452397,-2.9299300493200104
-3.3087981236144497,0.3014991578840618,1.0953014168668493,-0.1337404584382112
-2.874373380163567,4.30061892428307,-0.2017347903198961,0.10381096232432345
-1.0355601112091048,1.6887207771122716,-1.4715329154146586,0.9700686672661469
-3.237095751002639,1.3175899033158476,-1.397619791714474,-0.07249630664724406
1.0223957934986765,-0.12414869718071793,1.292368432943886,-0.9919879624546083
3.005056560642428,-2.8984940374179087,-2.2376286951495565,-2.393373554648004
-3.4465081497547616,-0.4744865997887139,1.175894500786982,-1.2342640297333225
1.2137690627051032,1.5644966659729787,1.4661943173648209,-1.257091452894531
1.0826712039138995,0.6019105208605462,1.5151475398734064,-1.171522098150137
3.1590939396194826,-1.6979061716953392,0.6832981066570821,0.17095527981486203
3.1846711747157106,-1.5911307642653825,0.6232667944287021,0.23399031796829925
-3.3861467366370994,0.07946015904303327,1.568039167240505,-0.6494421763140463
-0.9609161066326991,2.9257427537233633,-0.24241457184241416,0.11409164537112092
-3.275089724131283,1.885343026624735,-0.2733538165293761,-0.3612337648628177
3.4032855811798153,0.7406346671113369,-1.096458146656996,0.33968219289660717
-3.45304174768095,-1.3952114423464257,0.13351819431525086,-0.058498421810898704
0.9255501680340247,-1.728413243515966,0.2467634849154203,1.2011283898756715
3.537264524756102,1.7892981588537578,-0.36113140814515315,1.541607518313853
0.9506348740281397,-1.31461029427186,0.810372764094359,0.9083938010985544
-1.2584278836226008,-0.2433751347848194,0.9881403983530362,-0.25108052791869695
2.885081680509091,-3.87744373285264,0.5936726348109597,1.3091679042555209
-3.36290534761878,0.7919359634108543,-0.6884684370614579,-0.25078479453932834
-1.0126481314955096,2.4183891349910693,-0.031238355867817574,2.0276947089580744
-3.370617127311123,-0.19559634728333572,1.2111549439037341,0.11625374612741125
-1.4814292946645884,-1.2959286874070195,-2.8976299818323255,-2.609375037167463
0.9938697608088108,-0.6284635498457503,-1.725852402680827,0.8574254121506745
-1.2486486327711734,0.0583656633221066,0.845284489496616,-0.5723551425196044
-3.330524011810525,0.7698234055673544,-1.1992663406047424,0.17244755975227782
-3.2758403715354505,1.0373225985656684,1.9382398928718132,-1.5452756211336243
-3.280164140563473,1.1737239928360377,1.6834889714482206,-1.9387406017415247
3.170879183776468,-1.478321277497519,1.0314849219082824,0.6308797540980846
-1.2630971288445871,0.8028404373889676,-1.8890455217517008,-2.724601010997055
-3.3203416103242285,0.8075678109876906,-1.7164875874933079,-0.6638579709085293
3.063054616000903,-2.490087435520976,-0.879813030804523,-3.26205440646467
0.9960282158975733,0.18637415500674204,1.805237159327848,-0.9052585420967241
0.8391659641849425,-0.6222421227426437,2.445306125152607,-0.17163323367470967
2.797581308728451,-4.344410892458403,0.5126212466485891,-0.14301683679867308
3.6121143687550337,1.2501974831895288,-2.124539840771201,1.5929843363848526
0.9333852401507752,-0.5915003039077183,-1.3111166946150827,1.0499870660833517
1.25042233992258,1.0877085059575968,-2.7963717471696725,-0.8416547087674767
3.380879750698602,1.3127478098329033,-0.4936937117169085,-0.7928789833278094
1.1084408769910548,0.8174784305112415,-1.6448373028392727,-0.5421835984675826
-3.4507343389002116,-0.4714264776285479,1.2619901666568318,0.04273871902437892
1.1742084662037642,1.0286708143786956,-1.4342303277589707,-0.03256620409454844
3.306907096411852,-0.8155244473640447,-2.990432355504508,0.026784635277417635
-0.928262872364609,2.3744293013733166,-1.380091609639875,1.21505014869841
0.9333853626358014,-1.0253898026831252,-2.805776060708115,-1.1549557346622263
3.5697804650244125,2.5603182520526557,0.03825653333760917,-0.7296755532542838
1.178519388497722,1.4335538871203686,-1.129045320271713,-0.7286318663592569
3.554556822758661,2.1853305978864164,-1.0420820740448082,-1.2774478486357865
-3.289504847439475,1.344193143816982,2.119824757251814,-1.4842915398840077
3.623718336641992,1.803386735575157,1.8356240291136952,0.1686583965661436
3.275614270167125,-0.683741683361453,0.8857933811060682,0.5054787976037407
-3.23680115475129,2.0793409820072357,-0.044727742835213885,0.17733069038601199
0.6403378239789898,-3.101893649187124,-1.6839744879980878,-1.6685933307110306
1.2478727283749005,1.7050707016703912,-1.2760108929738083,0.18710199654326545
1.068818852618852,-0.26241151431703463,0.6761353974135644,-0.6096167669060191
-0.8985944342862383,3.685310849867813,0.5215398854207077,1.1954894161410463
-3.4031998539794492,-0.32636535151524526,0.9370008477048696,-0.33253249521319084
-3.5188798518869855,-1.4353262855054374,0.26639401930439427,-0.3325078877000764
0.6038309334523139,-3.2869779216342616,0.958254495101582,0.3868507930945523
-0.8116600249947603,4.3178535997544145,0.6058488747755809,1.4146163314682154
0.6489798917362145,-3.4646645449029942,0.2662466531000117,0.9828683950452227
1.0257397815390932,-0.7439809693428177,0.9541370813965606,1.0965077337171842
-3.449783904173788,-0.705911537751867,-2.2426918277766412,1.1306521139910164
1.03718587790217,0.49109799545848637,-1.0920929577941367,0.16494837994292966
-3.251571952051213,1.1364320679690918,-1.4212556653025912,-0.13512342328673385
-1.0770571759349759,1.07625037056321,-1.5561088419568225,2.210300540856684
2.8651134111215306,-4.0488462715120095,0.3203419297467161,0.840414474707103
1.2398485773123036,1.669584580267318,1.6567044778942122,-0.7860667647940118
-3.200723322773819,2.0767455628744553,-1.1629300551428607,-1.497934425735006
-3.4499663638053812,-1.4093866052390913,0.13170931754226833,-0.06131754698237001
3.215056606316273,-1.0593495394665648,-1.7428257311787563,-2.568320270703437
-0.9045628361196953,3.546826413396152,-0.26941329569656025,-0.11146556590545681
0.6551033335002019,-3.4759981857109534,0.014380233279224355,0.570487095478548
2.9962035908154694,-2.703999348572354,1.0719894767881273,0.6531831732098132
3.36653835242723,0.8524845756115444,-0.2528075669464887,0.3082220225703195
0.7157383314423873,-2.038730034840978,1.1722289062761098,-0.4759480819099783
3.6914074617568726,3.4479817844489538,0.5630955526888078,1.227974024706325
1.1201987792051404,0.7554068116898097,1.7278725106072348,-0.2983614606852144
-0.8885238553919569,2.945308512777088,-0.963420089660414,-0.24923829061368322
-3.2165785218160665,2.136743076134983,-0.8100503956414835,-1.0563422565374887
-1.0058912878428319,2.1801366619739797,-0.9781340542859497,0.737550531035773
3.4620485372853365,1.7511296029354855,-0.7066856975997271,-1.0732906401923432
-3.2556867143053037,1.6819794009175888,-0.692965806616797,-0.7867185537157503
-0.9284857250538983,3.206974623804332,-0.457099363576476,-0.18320765326283533
2.9713701272729294,-3.1854627374330313,-3.378947757335468,-0.8008345316733385
0.9304051842473542,-1.1564317699971094,0.7192168662474778,0.3024611958727138
3.1092526786043098,-2.156887165075893,0.2770225009742041,-0.41284665155559475
1.1178185823626763,1.2058804869122808,2.50978094878295,0.2525525709742673
0.9576485861080741,-0.8546166384974963,-2.09569550602959,1.1960147729653952
-3.661529458468507,-2.7511249395652215,0.291094983007354,1.1224683081504636
1.2163532060016338,2.3027728821972167,-0.4674568470748214,-0.4753172953097894
-1.366970543315372,-1.0929734132240698,-3.1001372672066925,-0.1977624971061063
3.2421326026722697,-0.5844250871449775,0.5528147059696022,-2.770793056072443
-3.2379219165003725,1.5187134605456838,-0.841737137719371,-0.39946782477938697
-0.8793612813799491,2.797791286498252,-2.008735128625071,-0.7115493052600556
-1.2392480776213892,-0.03215476652436434,1.3352448205747827,0.2107845230773685
3.2718315552176183,-0.5855217954393512,1.3546179788657124,0.16687403137793758
3.535288393153946,1.2814424750704498,-1.724174396253886,0.502669672230961
0.8867067960270987,-1.372492904326658,0.9616856188067495,0.6660356634276932
3.3356890473707845,-0.26823548451394263,-2.5944785309290905,-0.8572696128910591
-1.1895774841145634,1.0272412038050025,-1.3076291243666351,-0.11305250303279543
1.30467333762284,1.9515796051551009,-0.9655518984027313,0.7153179921297104
-1.1402367782327816,0.8406184241391369,1.384051731758022,-0.7018779083894844
-3.584606930700404,-1.5709120059195882,0.9127821830728977,0.4142956294101501
3.4365647798150603,1.004659147739866,1.516455954271388,-2.2214796012600533
-1.2983524215208688,-0.9454739628600857,0.8233376429494874,0.9811788815363132
0.9011252794869405,-0.6348021495996785,-1.6969493125484507,0.13682009423122474
3.018849745747306,-2.6507542859432838,-2.6430150163291337,0.18859468462924117
-3.410128361050828,0.0019694660796717362,-1.5532324720892512,0.73213548259985
2.8918524113415005,-2.9621182554636674,1.357180784986608,-0.2990345891169733
-0.9398295249835918,2.5678804177073733,1.9031995879619672,-1.377230521805831
-1.1689412941050439,0.5583590978846661,1.000613777414682,-1.2175938804497202
-3.3847452486296197,-0.25964335821010387,-1.8364342092761823,1.6998622872744307
-3.363182425490598,0.1916701624559058,-1.5276349824789717,0.8068040566564515
-1.0183098722368213,1.8996696403151183,-1.0088887085774572,0.6345933963725944
-1.1128150736014315,1.2630678119029046,-1.093460498221113,0.40634773768494553
2.937861774993221,-3.225677018918913,0.13456071472306821,-0.7980270179463868
3.0420315481977145,-2.5130714474822176,-2.624832082650663,0.24096620681068925
3.138679478771927,-1.4747081999661324,1.2357827952072962,-0.143951024700976
3.2523770145151216,-0.2664960400484392,1.6879456334469223,-1.017999441336195
-3.6465807080073396,-2.621335417328809,-0.11886121583503108,0.32986949921051245
1.1123719107234178,0.6151217574714207,-1.5777544211778474,0.6428125871388922
-1.6133765892760172,-3.2778841999697237,-0.51738035241401,-0.26990184515567106
3.7040590792300256,3.1470972955048304,-0.9139081410566134,-0.9334587733339204
-3.488028611966083,-1.29522546268234,0.5573750387994748,0.15736545666929
-1.6979001336226986,-3.4404769013879073,-1.0793679664518332,-3.7144860041142915
0.8819425971297076,-1.1818688843414518,-1.448350914762227,-2.2660095091733963
-3.548352528555523,-1.21099394217075,1.2539509404242688,-1.0588514974607772
0.5732479731274391,-4.117246548821103,-2.758462171408345,-1.8133471659202591
1.010827647663149,0.1630186782978645,1.1848114239380823,-1.770620769218544
-1.0013309845463794,2.2071098132402738,-1.2460463426120316,0.303366557582062
0.8018077829103156,-2.425041485424415,0.22810261510174693,0.9241733884609444
-3.417691467882782,-0.042623435546452045,-1.4843304085597733,0.6892939909941513
3.6480883828738127,2.974720116918748,-0.34103999788373957,-0.17164003281866178
2.9605027963898447,-3.656518750872462,-0.4948940674468841,-0.28145885605876314
-3.534355009976514,-1.1662415425840182,0.5536530241507036,-1.078440294521458
3.0875681712313274,-0.8887651690534152,-0.3995335742340802,0.9635456255613183
-3.252051974912747,1.578866681900018,2.4014407652197853,-0.9864187089184717
-1.3548127382497834,-0.4407331764667668,1.6198125279552706,0.4807687434228544
-1.0411886631681317,2.4182266815393105,-0.6484287923001422,-1.7315820373899813
2.699954077017092,-5.297432608447347,-0.461989502267334,-0.4736683517638868
3.6246107708892903,2.902309828017655,-0.28228645125524615,-0.22110168377441458
3.5706766827981173,1.258417502036263,1.166743142662444,-0.8431369565101168
-3.3585397136979185,0.03616226018529785,1.1484111684304132,-1.0563791055658662
-3.5200008462446855,-1.6150742833552452,0.5836974192961154,1.4898403054148337
-1.5493152503912928,-2.757530630359156,-1.2396787940989134,-2.638046302936121
3.334332893836887,-0.2421833588046844,-1.136863353368355,2.7080260886928014
3.2969771880383205,-0.2508998435082574,1.6303797610267203,-0.5882388394572376
3.023886789552847,-1.7347194019509062,-1.697198429784373,-0.9944606868334558
1.3076790631122646,2.878444523628728,0.0442748533561875,-0.675596103202555
-1.1309893026678235,0.9042206045796596,1.391835961380342,-0.6710294685191777
0.687901057521029,-3.0151974556731815,0.2176877278963951,0.685507816575992
3.7244134523872883,3.6339749346324184,0.5876356562183619,1.3000383966940365
-1.1544416180162778,0.9075520115766509,1.5271221268574349,0.5239545671084324
0.9046706092024637,-1.1341764481713195,1.5628978383046814,1.5456987445853299
-1.0057862766308479,1.8191831771931006,-1.7251863792683222,0.5727632177518103
-1.1582200611335147,0.449401838895032,1.2145239074370267,1.2102275133647054
-0.8725766830174652,2.6219278278445786,-1.4418073255303643,1.2938237190122772
3.262387719035781,-0.4342061133536024,-2.364835789607098,-1.7572559555308596
-1.1035896321840122,1.4562123110543255,-0.4107192366120644,2.5247514927566623
1.0278950749883502,-0.5378036459676756,0.5508878731461953,0.11649349258213097
0.9581485707351826,-1.0558729581604362,0.6584366025262868,0.36421674678133065
-1.1217873320745622,1.5985399929230377,2.2754707968459265,-0.0752386566882853
3.5361585738239767,1.8436065865295728,2.5440265632704615,-0.7161535348353679
3.2435193348912184,-0.8455735652894765,-1.2170087024443874,2.490753131464275
-3.3599448565398022,-0.042818829308737795,1.5504648576173963,0.5576417221312602
0.9444984114387646,-1.081703210645919,0.9052222106252515,0.7638043176677295
-1.0016065799434255,2.3805074634346703,-0.8089144755760984,0.7591601670046945
3.2121010977882314,-1.2794602646137974,0.8078123452956372,0.2929379572926964
-1.729100221479481,-4.467003928385821,0.9927931413028239,-3.1283265364703943
0.830492013344872,-1.4819180821914464,-2.1324864006844964,0.9119564886561858
2.9194262620015015,-3.730122593372927,-0.15996925455449498,0.11145875616612255
3.4615831731638536,1.412465260898806,-0.09221437098194728,1.7887981566320703
0.7165793092735172,-2.3293702539646715,0.46962329073038456,-1.3815417590110806
-2.7626542642054948,4.876831323777093,-0.1040302178879876,-0.4933600374133652
1.2525230237861642,1.9612790308860106,-0.3746351428014711,1.5440203104117478
-3.363444436028967,-0.6628289206438125,1.0105482554459992,-2.0651369687124017
-1.0905237617991193,1.1217350675122124,-0.7779334279297673,3.485650932866165
-3.3471892167104946,0.5732503951317401,-0.81274001843161,1.744493029950498
-1.1694571188784975,0.6834943479387923,-1.701130950815685,0.6153875008864786
3.309700926264467,-0.12251944006281026,0.6141509291540705,-2.6054610446209554
1.195451843299495,1.8863630525108583,-1.1177007524366722,-1.4521374290801594
-1.2875868385391847,-0.6965228713509674,-3.046724023190059,-0.05218308766764
-1.1939251597951983,1.7245683759073256,0.010205617146563676,0.08280877668961427
1.3278105010201564,2.766800634444236,-1.001174915089485,-1.1300625478328081
-1.112521393718611,0.6364078129622776,0.9209406227907055,0.8870975824647594
-1.1164101712113272,1.6586893356863335,-0.4514437753854279,1.3701411495917477
3.111560455040042,-1.915175180071288,1.1762932332157658,0.9409565041424252
-3.5184265949294278,-1.0293396197871751,0.8432097014435775,-0.5863049629869981
-1.2018138201344888,0.504511317753837,1.2233398024560216,-0.02751178883343625
-3.5390343377942095,-1.44086831380722,0.7956674739916123,-0.7370021587550176
-0.8576946681858341,3.6631296668821975,-0.1454038412555908,0.38630580797391906
1.2511274735462048,2.041893839855732,2.2831115072372765,-1.1132898269147529
-3.290855111064244,0.5980580813900129,1.3180820718271844,-0.8482383065584737
-3.3297972679860846,0.3610148622107245,-2.0273452710017814,0.01958550359607668
1.2068170963960816,1.4146924021958247,1.6225665717767332,-0.8711239065177699
-3.8405979542232203,-4.13719000913989,-0.4139999386296369,-0.22645033136423387
-3.2107335650478044,1.7501920886246312,-0.47256493528168425,1.3419120442445425
0.9575837829580599,-0.8015104372071874,-1.5662822783639279,2.061324122930981
0.953187997069424,-0.5682187779059268,1.1174545566279652,-0.3529121639895881
-3.216906524287612,2.1647362672332373,-1.1517050310340415,-1.4786119759204566
-3.6824309505493784,-3.033441737756986,0.07812937833124252,0.593833278059495
2.836348818286854,-3.8036318254876833,-2.5459007533417215,0.18246950094867856
-3.5605719268092697,-1.6002370133176487,-2.6103049565915044,0.3912546753438232
1.2243605193102676,1.713412940768614,1.9206971327591837,-1.61446657423603
0.7330261788998076,-2.6541155462996615,0.2647814343624582,0.8205179237506665
3.6377674290012,2.8989160615298197,-0.3509582968406804,-0.20011471222865962
1.1007469713536766,0.6852717873614074,1.0039833326676837,-1.9907468234557657
-1.0906828681571474,2.2694795001575447,-0.5079164276881649,-0.5462451764864529
-1.5234586460243527,-2.3190645027239785,0.7270754562982423,1.7479936629175323
-0.9935231736691457,2.1626106062922217,-1.5021222237175242,-0.11926776596485707
-0.7193940378856436,4.8102747542316155,0.5844946257615407,0.33742641165412307
3.4294116491298388,0.5024176104363076,-1.6507831460760598,0.6521692579248725
-3.2956569627756265,1.110716932533775,2.108784575641475,-0.2887099438518693
3.0989111366208872,-1.9241039871663184,1.1566323377095251,-0.3494381315796003
-1.0610966245911406,1.359632252786211,-2.1321158209524715,-0.007448596316618542
0.994486344357783,0.11698219926752616,1.6135716810585674,-2.198585531737598
-0.812903273272081,3.999362644995388,-0.09302614614896747,-0.738792719268284
-3.525438287839361,-1.0441900019735908,0.6650718736454838,-1.0262169223729805
-1.009747000830732,2.1832688123012063,-0.9778090035925371,0.7371426988446077
0.8542674371601903,-2.1236172154517234,-2.494605379423426,-1.0955089775704072
1.2501615402026203,2.438113291863905,-0.6996691808538461,-0.8335568909542519
-1.4404119367666124,-1.3223276508891901,1.4143644666034962,0.15348188964386578
3.582693935158518,2.071392419476509,-0.32355979311928984,1.6437510346356767
-3.1438625759317875,2.231560516587194,-0.4274831133316184,0.23625396405002771
3.399864233167449,0.16448924058815706,1.272106170090497,-0.8314488999006573
3.7924455762614824,3.6761781853488134,-0.40822725759809647,-1.1497066857410336
-1.1461177744903144,0.9325617748884554,-1.4832337948344823,-0.12600515779225568
-3.3871798788640115,-0.457315948042226,0.7418458726648062,0.43758537577923073
3.002056073168592,-3.0881881049363167,0.2643801490050718,-0.07848866646519126
0.9112082337853855,-0.3765177857487742,1.4588110156034455,-1.5501897968152767
-1.3415037172886124,-0.6464663557328811,1.0904836253384047,-1.2273145339684195
-0.9413429409192624,3.1380680836491277,-0.5534989452919781,-1.4691993709923816
-3.272656862972793,1.4557731498847757,2.4723106718612105,0.2279727383904588
0.7248721981366811,-2.97930920155934,0.3312892450540416,1.1523222188545306
-1.2076888399376922,0.502985696892954,1.908885876323601,-0.0303319750496637
-1.2435208485754639,0.13444665690480548,1.2903473320844072,-0.9554635191090037
1.083369859468918,0.6150879224970847,1.245470394887443,-1.6125971349059156
-3.296932674266264,-0.10206232721088382,0.9008009319138458,1.2288285050860748
3.183249990360432,-1.8739600388276512,0.7719814035804345,0.7757130915420595
0.7896951215449789,-2.1415608698347115,0.3374860992543493,-0.45435772508589556
1.1943035321735704,1.446679629724892,2.06151799140582,-1.2737297425776244
-3.4339993255117482,-0.20008710577570704,-1.4166602675521702,-0.18680845963901646
0.563519486412881,-4.099301339164447,-1.3812666755869472,-3.0617526585231305
-0.9195833952076738,3.269239045698814,-0.19783152202114687,0.24421289807395916
3.2810796888216456,-0.6630480166900622,-1.4235176083897374,1.3487413506911727
0.9049840490307342,-0.8148354729770646,-0.2128096423677706,-0.479460464250151
-1.4782487000950002,-1.917142499860016,0.2364140117589514,-0.4508379066913407
-0.8999694421005241,3.115205326444829,-0.27641204707758305,0.6121138960576622
-1.6074363370175158,-3.170959672379553,-0.25307465701658344,0.17863767520266535
1.3551850317962821,2.9564249184108924,-0.45367702400829685,-0.2107767566063436
3.452894187085397,1.7327691336503108,-0.7532179360391152,-1.1526712608781788
-3.4430269940538616,-0.2859323800721543,1.6060333932536754,0.48631405069289735
-3.677459291285847,-2.5082303198274936,-3.0494804158334623,-0.3229849258621368
0.49265816598952106,-4.6026402306993335,-0.4064625698286671,-0.2787045052646369
1.1137007640283902,0.8611348423137023,1.5490859179185732,-1.0770215451913525
1.4615903784533497,3.7166393393014014,-0.6239609301072851,-0.38903783584751894
3.332300801886184,0.02996229008330623,-2.3032378209194406,-1.5894045361110702
-1.0070535539353334,2.2128473817844383,-1.1497134071419723,0.31100293235342363
0.8008890368332493,-2.3261906738815274,0.8318521306924956,1.7868986036474108
-1.118179078331941,1.0125845694511126,-1.9081355215065432,0.3262174762506259
-1.4602195164612262,-2.130976702262656,0.3198605753917009,0.14272770318116
3.5027388074014274,1.3142984483741007,-0.44414064165468903,1.338095661292713
-3.268622838683853,1.220347114245259,-1.3157543749651124,-0.09857378752859924
3.053875469355753,-0.8746863645142169,-0.8526775782902293,-1.5626956465526687
3.377899150307316,0.8934006724554411,-0.49941930595568906,-0.06627157137391855
0.6834149278564673,-3.2220948177708544,0.21116927920406203,-0.19010211506491503
3.064734517084424,-2.985504637918109,1.6905312905164198,1.2964671985173484
-3.1790512180053248,1.4097533708504404,1.9958451468794822,0.23770670176949033
0.7545653781738609,-1.9908528493968483,-2.588323845717419,-1.0974714913226933
3.2091302579045378,-0.5899183537904013,-0.6100385255319484,1.9104343974759568
1.2659380134568867,1.948856470177718,-1.1485706178485435,0.2793533741460473
0.8586580155662895,-1.5605679123909348,-2.0127096473696366,1.3706740809343716
-3.3667650131105775,0.7062340539038249,-0.8147439120319852,0.5115893366191193
1.2515846698956807,2.3514725035544988,-0.5347829409064805,-0.4270637309404608
3.288648527426677,0.23975400142719194,2.079900604774788,-1.7015342121593198
2.8332499999826224,-4.296621335156668,0.28767871657744604,0.751483205069774
-1.2357777243603207,0.0529043731666434,1.5967906950015662,0.6501810873534095
3.7563595998503794,3.564495125775805,-0.7842033082173419,-0.8089825644634774
3.080154161453305,-1.8965802872140731,-1.6286556652964193,1.6716922239602279
-3.2848868988372573,1.0003217215535047,-1.6904530446428558,-0.5958014364384789
3.0873597293338206,-2.470913650005239,0.25832883164665704,0.9563768917902776
-3.0157529396171916,3.1206322061420897,-0.541223829436773,1.419387263015876
1.1143186162332992,0.9534327091384649,1.9070377702492325,-0.6262768822690519
-0.9910898344321775,2.1529378450164565,-1.7749003390468006,-0.5645911125817041
-1.296684646242697,0.4088337125645372,1.5952070287276174,-1.3536653518330823
-3.5282074192297066,-0.9315397744684112,-2.199064074781673,-0.4477895243714375
3.46325366727387,0.9580690297539106,-0.4031937666565327,2.465669167116264
-1.3459316618900259,-0.682673120036236,-1.3366390213861141,2.45210561563107
-3.4633652733083182,-0.5021606972510645,0.008296493988762435,-0.06813874694464879
-3.4655389189562196,-1.0860348001597817,0.5844183124005149,0.2362911685759416
3.0443643968586493,-2.2302161115594363,-1.720382785537928,1.6093180765672643
-3.6342782395551194,-2.087333500617131,-2.4241213856045056,0.6223181641299891
-1.3740031725797461,-0.5732190943545594,1.6020455770734805,0.4356017075914215
-3.2770553025613385,0.8500341911503884,-1.2969289472776155,0.9932255920381197
0.9550362684051352,-1.012631241640921,0.4877038621614447,-0.05392925239784537
3.625067184291922,1.7558261047476542,1.8294076897449951,0.15550817715297113
1.432127256682368,3.220467910424484,-0.22592493858128943,0.7119321187229799
-3.51298542652387,-1.4353341613660209,1.9979944092968644,-4.226020073891547
-1.1675957517344469,0.6258204362144388,1.5316531071879502,-0.34413147290025675
-1.3979184024305893,-0.8535699264040753,1.2458233559232652,-0.0484727112200343
3.3008724006605545,-0.46661048956598905,-2.348742252829455,-0.4947844736687123
0.5448223860732722,-4.200963002108052,-0.604621722058451,-0.5381217283019779
0.9299874744783123,-0.7681551849336092,1.0216174534684452,-0.3938492750078426
3.405963974237381,1.2285330680878528,-0.9186432153715324,-1.2137114831050158
-1.0103776579016868,1.789644875770264,-1.368728940652622,0.17862006434242655
-1.4775312093230921,-2.407266218406977,0.467979419205721,1.3028451967156998
3.3865391748889695,-0.06479121124163464,1.6065959679143393,0.7862454459093412
-1.0516282961703107,2.147907450349093,-0.3861298128627787,1.5367860056960234
1.2914448344665193,1.728856112295622,-2.459502881905057,-1.4556444068702257
-3.2989104539716,-0.3285452706565015,0.7562911164675653,1.948943895471077
3.3908430010660564,1.231451828332914,-0.396249386201839,-0.36673743031358613
-0.7506233519295582,4.043639477087058,-0.15240472304926936,0.9438790699405804
3.0889568255876347,-1.5152149982383332,-1.6493205444161807,0.3723376870356201
3.4787280199679578,1.20546851399906,-1.0344221143584096,0.5068096530676935
0.8169111946792199,-2.4672809604687713,-0.3739671663161832,0.08835462544863715
-0.9638531280571991,3.1649487143054795,0.1333508709483613,0.6228613993263017
-3.776620991762896,-3.0503745484269236,0.8333127075676954,-0.9137077849018217
0.8611289837161883,-1.3764009909086419,1.5305862779603816,1.4558284033162534
3.4041861430949805,0.639743356232981,-1.0171048682501564,1.564806606972726
-1.0290677966481514,2.1761286107643665,2.080586662350491,-0.30659389624729877
2.998394717735481,-3.0609739745373186,0.6140704439783315,0.34749862796445097
3.417340696849651,1.093097071635442,-0.6569743970255693,0.8247777015420513
1.4003731254753429,2.1388363908610053,-2.4020020312330965,-1.3164420535132602
0.6992405443801201,-2.547589161032263,0.6025892844554682,-0.22482724542820798
-3.4708865588792475,-0.7477374823925579,1.1318439868059451,-0.07931348377532378
-1.6100585569727162,-4.143003885956626,0.7135962735753809,-1.932917762768678
-1.3068686072242517,-0.16796689864081488,1.384636506731927,0.1379190974349419
-1.0161605515112209,2.0726294224066635,-0.4165174906571834,1.489021892540965
1.4420516586727672,3.820105672032062,0.5763938808415269,1.3030055936541194
-1.3441649026163465,-1.3837044194291588,0.4191516151392345,0.41358472277998526
3.339044865571089,0.8194149905469026,0.2627304564634365,1.1634459677460005
3.5686708510877185,1.9775220855054345,-0.6740451404850174,-0.05772215623497694
2.879930407105573,-3.839891932450059,0.5797503358593687,0.041158968449405184
-3.094523981883384,3.1278136765283993,0.16213633514387993,0.5391394531230701
1.0661626357074723,-0.0327317104322903,1.0457188991871933,-0.10241250620274728
-1.020426301221405,2.8326334509810653,0.4088582411626791,0.8853758189277002
0.8533991404250002,-1.1818364266299928,1.4890371477586524,0.29944079568650406
3.392497250408495,1.5469819796360809,-0.21249110406205696,-0.30660163065599355
-3.493764180007446,-0.4977203131627868,-1.2740502981936919,0.9743861660395694
-3.617827687414102,-1.522488690012102,-2.961168303330784,-2.7464906577133306
3.531545183503119,1.2695818136408683,-1.454020846757238,0.9385312395982512
3.4362155036769075,1.7355398786885425,0.08451830603126892,0.2091428547763454
1.0790497219981021,-0.15328178185506722,-2.0972127382329986,1.4376322211867536
-3.285063806665725,1.0771172556267108,-1.1584408509569804,0.2825039275393932
-3.3786771713525936,0.3915653892097485,1.416753305363191,-1.3653533282082058
-1.4815582764973902,0.960686531988325,2.186329725644299,-0.3103024126429245
-1.1671668924547354,0.29415820094658746,-1.8025773585772733,1.9800553661567781
-2.9331221095161752,2.6926487419258187,-2.400702789675506,-1.2050776670427124
2.894490379938216,-3.5001244271610403,0.6206536996340507,-0.0492888164296662
-3.1837053397612625,2.2829343330040617,-0.7897319503768274,-1.0080898423351807
3.216524348401785,-1.2008506460193353,1.0685737463879972,0.7303052762647536
0.8420086210207451,-1.7633289844223017,0.7275347730870985,-0.742420944330673
-3.5482214719117637,-1.4876753815606631,0.6048359788502715,0.06477855298647388
3.1398387850675524,-1.081117184102762,1.7645926942068422,-2.1279941485963736
2.8063563122918116,-4.635887532790796,-0.6250510139879277,-0.6373653400107828
3.6042964013204686,2.0903897456035465,-1.0044518477979285,-0.43490937421248277
0.6571525328666469,-2.7748235271870922,1.2581686232392668,-0.31045681630646416
-1.1841322798282596,0.34144023488865105,0.5374664538893067,-0.8860124843986147
-3.5498305643208887,-1.463856883640015,0.8793585858220981,0.5160454451692976
-1.5468079271266815,-1.9978091999651757,1.0740358540487551,-0.5027220795605994
-3.0730751847828337,3.0371541204180623,-0.7854765968482694,-0.7435466088891032
0.9287938437025686,-0.6325819570797205,1.3109848557399275,0.08759281763822645
-1.316285396761577,-0.7062061476771488,-1.6848069502933218,2.0303486449235906
1.273416252444401,2.2720418322841627,-0.1019131204813235,0.7783234700927628
1.1038423549199883,0.7876398523797693,1.5394316472009777,-1.104070576465245
-1.228084633845463,0.39858879002205255,-0.1628388630505163,-0.07940713999811255
1.0041449439035603,-0.2999311571619376,1.084406141715761,-0.23031184903014237
3.1435758201362383,-1.6622512034952355,-2.166616532236031,0.96271033907221
3.008224639011453,-2.8683278636671083,-2.233486034978083,-2.3850190570673084
3.3816476582113877,0.43348551094554716,-1.2465143542337982,1.0222419941757004
-1.3163486854954691,0.3214779944845964,2.018655061608378,-1.7968935608055683
0.8911927315522914,-0.838054852321206,1.8538525427172794,0.8069492943310413
2.929092191631647,-2.9106327507633494,-1.560647020873743,1.772576307631737
1.0092089043621806,0.3396023503937292,2.075930933627964,-0.44279743859537957
0.5859844600806917,-3.6382981361104028,0.9078024914729167,1.7184385917208844
2.94347727888451,-3.5043791616650597,0.48133964541614227,0.2091945781198272
1.1550534797908123,-0.10332177732690212,0.5364784035285847,1.762615618457835
0.9151497944170396,-1.758997570238511,0.2424640972704956,1.1894708765608255
-1.2725110066068412,-0.3074266024785044,1.1551770404158481,0.1623904489070738
0.787911509412282,-2.022905263102594,0.7881528982619114,-0.8296728877715622
1.134765604028567,1.2955352025309173,-0.5511181388582661,0.043798224662915615
-3.3233880157112847,0.4904711809337629,-1.5754677761223863,-0.3450674713185242
0.9209092413699287,-0.6143074826634072,-1.7414386884405841,0.2008996766554011
-1.1079355590143816,2.1555945346069416,-0.2519482280059904,-0.13820997638999874
-0.9347074573952093,3.0955945104543794,-0.9938260144863401,-1.0732160322203828
-0.8661195313238893,3.9194250829282837,0.4654792872286175,0.01733622531967969
3.6429125151968953,2.576919396328676,0.06254395906380956,2.210725037286641
-3.420487132272708,0.3114995375154917,1.7513435777937931,-0.9810437880655599
3.5957509909374528,2.6970871995294607,-0.5810963033250183,-0.7372716490876844
1.0459156415493098,-0.1925528227569759,1.4373606919265685,1.4744108973797891
0.594290254289401,-2.876304123595708,0.7413262965486271,-1.1608609829893068
0.791173927766555,-2.4007969094108828,1.0729600732446576,2.1660039206459536
2.9677091194159195,-4.035091334656151,1.123140465551598,-2.849896139067177
-1.3836993039682124,-0.9281357400760983,1.4666473140697134,0.29475149600507905
1.1694230976878306,0.1655900998157069,1.0754220646232653,1.4224110078672658
-1.265421525957605,-0.22650849243279214,1.3968394277179228,1.4003468651524718
2.904363302612189,-3.5468671321986065,-0.15796404439427245,-1.323801086857636
3.107055241294037,-1.7885650189998568,0.5776933621198822,-1.1268916204832795
-3.7115244020725044,-2.734822037253501,0.36580334526963615,-0.3608166478705139
1.4135503114423549,3.0496189686429256,-0.43259356601927557,1.4668957244795262
1.4811436160595972,3.796396966141148,-0.3418614546606022,0.08838157252354098
-3.252273902820688,1.0575770779142035,-1.1541407123615204,0.27226836472202226
-0.8209992159116177,3.8705993840927224,-0.36843159874414044,0.05401463558323475
-1.2823250816075165,-0.46314894446226046,1.5293557477776034,0.469811491209036
1.4054781796426092,3.497976267159897,-0.23918115847128746,-0.06908239069791712
3.2763419659741544,-0.492726238520499,1.5299782745568864,-0.6510912132596433
-0.7430353533216227,4.516707343559943,0.22667251488306608,-0.1519296080537585
-0.9644280883260253,2.966226720876609,-0.2383144107431528,0.13845515280421225
0.9340973891424095,-1.0810220034859257,1.0004508526233638,0.7725287616760922
-3.3574013965295504,0.6992575479858807,1.7158508615720747,-2.1012483992864524
0.773989903445269,-2.5173234742219965,0.7375983063333064,1.7409726820605194
-3.4909162186628304,-0.5768087524088873,-0.41351495714712005,-1.7490079237325535
-0.9883967435791178,2.2934322995902074,-1.0502840503784754,-0.4816331533563247
-1.4815409673074322,-2.2947791869921437,0.38547166191564564,1.343955929692211
-0.8713586133301774,3.5806415063716712,-0.494594777061953,-1.3092304113502828
1.2077270518182321,0.837303512266204,-1.6203480397623233,2.212400044925625
1.2337606002733539,1.0713193668503673,1.7688753036912852,1.0750386693997709
-1.3288185372514258,-0.7069519801241242,0.9262694277859836,-0.41475169395476713
0.6790392995063306,-2.279497534972576,1.255692650476176,-1.3573919125518237
-1.4071992163733045,-1.7415963272764694,0.28245970600324377,1.1100148027043988
-1.4836281197280388,-2.1464833828679346,0.5480295468683087,1.344580938569395
-0.9769858020801471,3.0775813536966674,0.12156942776810073,0.5935822261703152
1.0100038216448435,0.4593582296693904,2.4107780395900082,-0.01536661082999041
3.3382716786715974,0.04227188617265531,1.9189279395296555,-0.06206113457687223
1.0558850807251479,0.6012507469734598,1.8603602303618525,-0.7576601888888812
3.236293308245154,-0.33423543735039185,-0.9890736984528243,0.36507468154996137
-3.096540336699976,2.1775784402596616,-1.2828852172062934,0.237775279401005
-3.2975455539785647,1.4125892975496859,-1.5226457954627344,-2.1793185499045866
-3.5944874263482016,-0.7374096211486678,-1.0069508722008038,-0.009068202612988248
-1.145195470125299,0.5451624881002641,1.4995465275238955,1.678144279248244
3.5609750625024352,1.2493480308750804,1.6876814869502057,0.002268309224537173
-1.4289079296566443,-1.5098947333851114,0.7249849482287329,-0.7122676037266515
-1.0027078649078776,2.486596320435408,-0.10952014053342873,0.7935582138030328
-1.4909330628447683,-2.0280341245014473,-0.8910509669606956,-3.218027314914943
-3.6296196362920425,-2.2655891080005612,0.681805838626407,0.42971352187796624
-3.1048216243935283,2.3571415005493566,-0.8451845461691706,0.6933828616730986
-3.2602646724398108,0.9041792095507584,-0.40085954029781434,-0.3978627299192163
1.2994656471298933,2.8118511745920873,-0.1279136132657583,0.15090318878202366
0.9411248754845969,-0.5361569571148022,1.574542167735408,0.5293067908488723
0.6642333562992917,-2.757295078554667,-2.1725979572924157,0.9424259800857936
-0.8991412495213141,2.8490920699861277,-0.888875269755826,0.9771853013028673
1.0705903003224262,0.06019361247465149,1.0581902023967387,-0.07638642795393444
-3.288300732667998,0.875253742767453,-1.7064812576874389,-0.6385582581216283
0.7526396392704563,-2.6984482198615125,0.375922004958418,0.006746488928270901
-3.491262588170531,-1.3782705934212163,-2.141506346530321,-2.026533486348797
-0.9845957153353287,1.9686078981934048,-1.3450001840062276,0.24287131022022626
3.5995584167578913,2.0923243586862488,-1.0931340615188445,0.39098009310746296
2.8703273515988603,-3.732926066256914,0.9311393765331002,1.741914828712101
3.282245108006558,-1.0442362740005933,0.17417311040124625,-0.41851281299838844
0.7188561741351734,-3.5232020118837353,-1.6271382105608523,-1.7746151408613184
0.7155034684827462,-3.3042990861738386,-2.649505685525759,-1.5204026692922912
-3.2625575597945256,1.0474319961652776,-0.7491298258786258,1.915675422871855
-3.193888245528907,2.206288272948679,-0.3730350783701032,-0.19443218625716305
-3.4715208528191464,-0.3843083301549632,-1.2586837134078646,1.0146818217159403
3.190656678109665,-0.649708420996145,1.458718168079109,-1.5810724412309103
-3.277520840449869,0.9473803016074414,-1.6967984218840695,-0.6138920820823939
0.7924199047547297,-2.2889677683900844,0.8360847797394018,1.8004088716958597
3.1209996251748193,-1.929944917717405,0.6523966966201217,0.08644961897452828
-0.9368263840703069,2.8969984532664497,0.03245449374321796,2.2008662285958644
-3.4725625606370003,-0.96499017278009,0.8580614455988371,-0.5588049914833391
-3.3345729437607474,-0.18570642338549503,0.6164446517649983,-0.6981109760336233
-3.2164490026531745,2.1209245408850874,-0.47162067540033986,-1.4907781563409834
1.5147290419036945,4.026856012934356,-0.4871975443812918,-0.2636255194427475
-1.426490348368075,-1.6535629132319063,0.2718751210130983,-0.3540535882643309
-0.8294970776529407,3.872259541708836,-0.20510560845077255,-0.7972016437949774
1.4148926796127428,2.81974509321038,-0.856118105519437,1.0280431214835353
3.1116111024722244,-1.9550590162226362,0.6493892948108874,0.06993883744694802
-1.0376890794064062,1.775380103809409,-0.6873704612532501,2.257039176064509
1.2243503029044076,1.0471191058087266,1.1896270509311146,0.27791788336231404
0.9921602317291696,0.1934088300068006,-1.1320670263812573,0.06293813777832391
2.8757242832711345,-3.865897959983903,0.3918291161912345,0.8497553729405924
-0.9703550981419935,2.4057724497411295,-0.6971229771182424,1.2245198694258603
0.7401356475820989,-2.6802090716702436,-3.619671771111685,-1.120661218993345
-3.455840214190897,-0.4832396730412858,-2.0645276694681796,-0.311658723142265
1.3183051986109688,1.5880295817737053,0.9905301510327523,0.029408575590376306
3.2363487424066273,-0.727535807641616,1.1322966695404544,-0.3486840969688953
-1.220844039807922,-0.1726539653807244,0.7393519252733987,0.6216764178022568
0.8952697521029869,-1.8266348563337556,0.3077019139868828,1.1403125459511667
3.638942677482033,2.4837448187629616,-0.47162618882661167,1.3252752060372737
3.0641608837709855,-2.071510810387478,1.3874632154980497,0.0022769100735946604
3.615530496203936,2.3806724030907684,-0.3012424432130787,0.46999700269178535
-3.500430757543669,-1.0394258499202602,-2.0147985971106235,1.445927829323543
-3.4000039839784977,0.4861192342874067,1.8225254336606151,-0.9777116089037688
3.052571298928697,-2.7460536284277532,0.4927915021987317,1.3115390906908855
-0.8338350476793129,3.6141708376117534,-1.2434977250608932,-1.272134839246073
1.29122663408091,2.6864365027064325,0.10768403639342333,0.5021078177147655
2.906370333167562,-3.74830540068635,0.08842991738890585,0.5061227633372956
1.3189428512050614,2.452347975189017,-0.5122341459068044,1.252716359935035
3.6260240942614845,2.468560196079345,2.8985271256255665,-0.04943413073806046
3.5924347566507397,2.6358420674278946,-0.637005821787891,-0.7023339897443166
0.6011827814486173,-3.0800830748947456,-2.3919144952973577,0.38908677001875414
3.2704937929699103,-1.0262794042251382,0.5224291143300992,0.0025485748190568094
-1.3098738830293948,-0.3504492284428246,0.9671480438897573,-0.28773001359007416
-1.5080638913910422,-1.4487637143352998,1.3988703211870215,-1.145219932631373
-1.5643089091715772,-2.238265388111958,0.9735672021166035,-0.5602287187354841
0.8192277936376453,-1.6739399021312125,1.4911500820741628,1.3494175951979095
3.6398499476373636,2.465538036611514,-0.7246490925607666,0.9108448793314653
-1.5767558554391645,-2.9412301502714784,0.04902584790631304,0.7020515671997238
0.7632168613410564,-2.270520114222891,-1.845121356129845,-1.8138365003510444
-3.389729707358495,-0.4807019679697732,-1.775635030260155,0.794325725900665
-1.2795691148273156,-0.2738767887708599,1.3029779653533786,0.12329321961777356
3.607667888181045,2.6162511082279574,-0.5501285968693419,-1.5331494327617459
0.8416245841408002,-1.4809891609429453,0.33106979351396165,-1.4799841791030153
-3.301014607257572,1.1531789434435906,-1.0054670699404258,0.2551569226306641
-3.1528829235614553,1.0466008512264586,-1.8236032102176933,0.9412497513685422
-1.1310263005068502,1.649433179927157,-0.22100110737033277,0.494178195479727
-0.7932309229824586,4.2130467234049895,-0.06485182858889034,-0.6669460247717555
-1.611155009671234,-2.878090993509196,-1.0032662465302986,-3.527903968923048
2.978658245910558,-3.2030496396688397,0.4318061999792091,1.147329641234683
1.385096689420638,2.7462073317816786,-1.0425274576150914,0.5642935011922623
2.94106440939852,-3.635693170408101,0.029302128701290803,0.5747351285605325
-1.0533032869567531,1.9074248912843788,-0.5791781640527248,0.2261012181344061
-1.355700026562533,-0.8912608514686667,-2.2320227120780913,1.108893476188976
1.0681379734818306,0.3012207037597146,2.005213439256774,1.220096746499321
3.1832532069422235,-0.5311199831789598,1.7451899790150476,-1.1001366896025724
3.2573186881937977,-0.5190118434572063,-1.4410282919986834,0.7020216516781671
-3.461271184547777,-0.16168494391030275,1.4179913617907163,-1.589174972396933
1.067266736385099,0.40357197858495975,-1.1711575266430598,0.15508420604539105
-3.117106482923129,1.4820993795382627,0.6564411877819855,-0.543443428325815
-3.3928400366398757,-0.0163794243195767,1.120915699383128,-0.2795045298003798
3.0939197804787346,-2.025279448066638,1.161718577833025,0.9000409458842593
1.1291420010200082,1.225253840603568,-0.6754893602473211,0.8109883941983693
1.085274306647509,0.791195799504218,1.8854843363236693,-0.6874792610153906
-1.1467569237780433,0.686588771399845,1.7683323831113418,2.1325852004006465
2.928203590201288,-3.578376963897782,0.17972623039345123,0.5449952006226968
0.7247174352067798,-2.6363518387882854,0.1773102235701384,-0.6500061239442999
2.981813162653375,-2.881163256771282,-2.945527038710194,-0.33495432483973203
-3.6065219612992427,-2.503775794080503,0.2376374679990712,-0.04870121523801896
-1.2900324265067025,-0.5780963507814624,0.5091257690545997,0.04159085952402055
-3.5111258323275067,-0.5524429227116032,-0.9621073701017241,1.3406312804672105
1.136740150574998,1.2293282855967806,-0.722903853965384,0.8723327029585488
1.3349740672037218,2.9551653213994293,-0.37995978653022805,-0.23822119364498803
-1.013365618203146,2.5435097230515797,1.015079391175446,-1.0321439083553392
-1.0698233497019718,1.270352160286647,1.2570812859218639,0.2694005131061946
0.7428397028124549,-1.786474387311009,1.640653896779317,-0.7979323415775489
3.4317242200916156,0.5294172449333977,1.4150142333169413,-0.6906511416361213
-3.6514369298906613,-2.2591209473891998,0.863680607082652,-0.5999512915592421
-1.2778267434624608,0.6113121238629644,-0.7934960931355294,0.5284743427682901
2.994190919161122,-2.792233513437481,0.538490786596739,-0.22993095458892968
3.203447022472254,-1.2950048732720387,-2.028812405301969,0.26844587518932217
1.2602044203480232,1.7408594576753007,-0.3359364400234935,2.686289265351202
-3.452951528845046,-0.9390224267306563,0.6783309392991864,0.26251232869254515
-1.3288355415393656,-0.9010546726314326,0.6428075308785256,0.35787035369622155
0.9093328113451931,-0.9828932026533971,-2.4545693309522796,-0.7310720572753522
-1.3323491399950467,-0.7650688200928797,1.2569819961219935,1.2301623576949985
-3.2036721547655884,2.3105057537692044,-0.2167848878375285,-0.20477152052198455
-3.5368411089900977,-0.8836925614595699,1.777770765212212,0.6723117208252011
-1.0011252356554188,2.487665790787066,-0.35990506363298863,0.38375233945520254
3.219346776888052,-1.0807956349548955,0.6716488381281118,-0.8678343522122289
3.5558122850782907,2.269884081173271,-0.5960351959051837,-1.6589260348411614
1.1255585687454133,0.664714130109226,-1.9177969291431498,0.25003452558699657
1.3438135589965199,2.825745393545826,-0.9941418133555527,-1.0946948630324407
-1.567820914555191,-2.870288728991687,-1.2546213965345798,-2.6800132034718627
3.227898781405552,-1.6930027234198155,0.5455170033143775,0.440154034300317
3.3548587187136456,-0.30713013840203085,-1.5596826849708263,2.2948262704590845
3.2667720261630375,-0.3755334660489399,-2.432402724932825,-1.706025991882636
-1.425827970065658,-1.8302920885244305,0.5421880401297897,1.5188680655397038
0.9654747741706299,-1.0386536124861594,0.38926062640259773,-0.07127544073490463
1.1326554161368252,0.616476544424535,-1.9230121106311662,0.2268364011482316
-1.404117835751755,-1.1733546575478289,0.7686726523217845,-0.5944998493846055
-3.641832289632518,-2.302212000900212,0.4233476747866466,-0.20324805828213824
-3.4460899532373004,-0.6843861796826779,0.890471519232224,-0.4672892343274381
-1.1823555737628013,0.5125534927311363,1.1563386538886622,-0.0014613522548318678
1.2812527044235573,1.9853685121616416,-1.0544223560935777,-0.5341660811303488
3.2936007452264002,-0.6219283754643372,0.7328376148247723,-0.702361607173406
-3.3497788316389707,0.29496466510399855,-1.961583674067,-0.03305077956725908
2.929517764030004,-3.6028208135612094,0.29210612842406386,-0.2574548124600212
-1.6511155428860125,-3.544625368448932,-0.5526595042648123,-0.3663267093291412
-1.1503015586731555,-0.0036221884088694636,0.6977478733819162,0.9151412043006096
-1.2951547978686102,-0.6952829968739395,0.3989974153897267,-0.014910904649067344
3.574883084056774,2.4390090047454502,-0.41305686377564804,-0.3494273515815289
3.1634830472974853,-1.7134800199092661,1.0419207571722913,-0.2177523685201864
1.012020485613104,-0.6456459313488521,0.8761135334364063,-0.3403604244886914
3.780338412689719,3.726900461161035,-0.40200892740710914,-1.137174443852429
1.0340304293791935,-0.5946820211218729,-2.7256591645524093,0.490178142477621
1.1732728220594657,1.0267811376039073,2.101591575496033,1.4788017912220497
-3.332322384748275,-0.09343989496779673,1.0612687388702269,1.0178302441405855
0.933444820775749,-0.8976402159934309,-1.579607184155709,2.027610478005682
3.777438293867593,3.8106414193462754,-0.4323166454039066,-0.33835646326843916
1.3795628426198634,2.5571604034321775,-1.4132483653051846,0.08362052340956143
3.0163615638003765,-1.8536489364696644,1.3886689443682088,-2.84999172122344
-3.505908201339893,-1.792076081302562,-0.008269531584631033,0.6327343879381435
-0.7898553248635576,4.0679467093458,-0.6135873731296841,-0.3197958955949472
0.8418698843327431,-1.3241104701355468,1.2197546206073808,-0.15853739969850802
3.3904560482879385,1.3315965559438439,-0.4713217699479232,-1.5859761473423701
3.3240903678878904,0.3647899145228761,-1.2753757506993706,-0.2871066893226633
-1.2147966191585875,0.3949374047501133,1.2091208331762648,-0.06893089482593054
-3.436204862853618,-0.33692096060078824,1.531376682056595,0.4865360489985576
-3.9187321062124387,-5.007432879002912,-1.8938785629713732,-2.4281913802835584
3.019596138426337,-2.160632895334221,1.0577705306620675,-1.6645191998530455
3.152243316030545,-0.7080764925474008,1.5382512496807486,-2.4282352111399605
-1.5873168393801456,-2.440859296630745,0.7835587866404489,0.21777793517639163
1.0154433091593535,-0.05557382514543327,-1.9385238827886426,-0.03811624410904878
3.5837221170856672,2.4808288969267003,-0.23029020202141917,0.08598421566639473
3.4576250703961087,1.178583992758694,-0.603675478083328,0.08789745831482501
-1.0208386363598165,2.7769143406773797,0.1505387763534561,0.46394257039624026
-3.1917587449305254,1.4684195584905029,-1.099585695412614,0.419585136128183
1.2995219858371139,2.329024600881918,-1.9950975152659374,-2.533702791404699
3.550695276644307,1.7072122693317342,-1.0556108665840935,-0.5671595779413154
0.8573737717642627,-1.5318512068338075,1.2600963335156057,0.992425819054108
-3.7649226197639205,-3.4102342631369216,-0.2233749829207154,0.042702106369642806
1.2849836567837891,1.90550776505319,-1.7714174324540852,-0.5916393351060609
-3.2944492415877464,0.8710733008425764,1.9218698929641898,0.05245746689263606
-3.6561230923264847,-2.2225734411589815,-2.693008089221178,0.1665096388437729
1.0683859878285467,0.40080094814367134,-1.08446006156245,1.4169112642143091
3.0137589642262843,-2.118050928020449,1.4697317828717005,-0.003612668443001548
2.7741857211377914,-4.777659086965921,-0.12196490616666793,0.16149979972980896
-3.3332879351924993,0.31435066921018484,1.2801463972473273,-0.9471389939867966
1.3132487528593042,1.8847373072565359,-1.3197502843112232,0.27245682973524105
-3.3381405171978846,-0.3227899217267757,0.9373135393575673,0.9177136881074793
3.2643933396992146,-0.5395787945185934,1.3605354559185039,0.1768895795601164
-0.9267919452262395,3.205633915213297,-0.7283724123241389,-0.6316412964090863
-1.6225672675349174,-2.7081135959368448,0.22612512471627716,-0.7317349357427917
-3.275414549141694,1.7112077443430895,-0.5265366596379611,-1.630578981694382
-1.1671271312321478,0.8425194611758143,-1.267320906005088,1.0862662459073
-3.3808535474461654,0.051627005077708704,1.4962094503132621,-0.6409041958513788
-1.1370732324380475,1.1412746615329465,1.9928330993509058,0.19413803747884567
1.1987090418927202,1.7092784967926247,2.2388015238510306,-1.2329061712520129
-1.161248307806697,1.141114353652716,-1.3879255283742218,-0.07662776534268884
1.1510233342718978,0.8227406693876489,-2.308346482743128,-1.3404005987055012
0.9183716362138221,-1.10823110326526,0.9091809892747085,-0.49903674587343255
1.3527023679460066,2.7509675732286363,0.04932267192182055,2.2102433018228984
1.1614876785624273,1.3020295456946793,1.8662630904792148,-1.765739578492014
-3.716778270744022,-2.2082018928681206,1.1956368488165765,-1.4470302207339927
-1.6012095064138143,-3.0424850521967564,0.11020376231307422,0.6361113045928313
-1.1718178436750766,1.3696976688594573,-0.17071024869159632,1.651457033282111
0.7770544540865243,-2.0184058824284823,0.9235760060655369,0.3735670563592389
0.8737382349912474,-1.493192045707372,0.42370917005177294,-0.23045671732280515
-3.506884903306647,-1.664859884408363,0.44308762582722266,0.2656885748750138
-1.201083977781305,0.8429596298917439,1.5104468850682378,-1.1463481475579709
3.4993947931087126,1.6594011348797284,-1.7020327025074926,-2.295385162693023
1.0149354638980128,-0.05151454014674234,1.6205662704846,-0.5774479586962543
-3.4070145382747494,0.033005898326923445,-1.2903832380634805,-0.09510830785550294
-3.5652568753944984,-1.0751528709767166,-2.143976877356134,-0.5270949905976609
-1.3481439717818713,-0.39727064064908346,1.5385231629510163,-0.7654259735821448
0.9714581612688821,-1.3596285638977437,-2.0466015901484087,-0.4036511565448362
-3.351538503947544,0.6884395119809333,1.8017640148677876,-0.8421609783589504
-3.5892941874302853,-1.842015414685861,0.4836062008603693,-0.037146385949457905
-1.115077202199949,2.0584137755294605,-0.7870846557838007,-1.0213488924485785
1.4907877497412867,4.201242544825147,0.5394384047080354,0.1793908004689383
0.9287040789653088,-0.9887696861419117,1.060019811089188,0.7461918259106081
2.9534293891327366,-3.5112805831621046,0.29621583876415897,1.028396961739832
-3.2076262102003135,1.4552269670969549,-1.378893748848244,-0.023022830243491405
3.1098793669812386,-1.8249207741844846,1.5073342345462857,1.3575883315137633
-1.5066233963534268,-2.4201165612026725,-0.1882629637283774,0.1605218225122481
-1.5483920860156708,-2.040059744378866,-1.5324517201808088,-1.4116924834230433
-1.1106639139604422,1.1923729716215885,2.0004437782368107,0.21390437102105908
0.9501964176341553,-1.2519985117505152,0.8867662659253681,0.9128298768465251
3.3451502859593067,-0.44445183676387284,0.8503453346791755,0.6138808289009913
3.6623817394353457,3.0056637638142187,-0.24766915161760125,-0.9868131233766858
0.8286154390395006,-2.026487345569047,0.5991154439057568,1.45284468039072
-3.413644612770096,-0.19574126548924334,1.6192772973660987,0.5129647334835118
1.4251284404971771,3.5674429833199564,-0.5496482235544226,-0.4240542099488238
2.9588247175871736,-2.9026141593910406,0.27175435642781015,-0.6732354094590263
0.9848851964833851,-0.39411576019636824,1.343491845922432,0.17562392255831347
3.1577696618131674,-1.986483022252378,0.5933423505248065,1.5836223921994315
-3.635554125268638,-2.3729833691387485,0.7552586012095053,1.6511950349554425
1.017404852611658,-0.30994248202463354,1.0093714597796866,-0.21235085899456824
-3.2498244235590836,1.8242850584527877,-0.6746730486483389,-0.7375366727096735
-1.2197567913237588,0.31485315803831987,1.4013636474814173,0.3694489516697661
-1.2909084964488737,-0.2391296150582083,-1.4760340853388085,0.6955216606693716
3.3220425193718763,-0.4292560710495586,0.7584263469455942,-0.6332873047370898
3.139100112932997,-1.7005441283564349,1.0020534374800445,0.5508351588689169
3.38394692543748,-0.14014904570005912,1.5970927478996533,0.758260829889128
3.1286341047237136,-1.3710903455849432,1.2488446912979527,-0.11375043153703625
0.6356790506552953,-3.0165678993204494,-2.7287376094097286,-0.0037150208294494283
-1.0610598737913146,1.2661642243585547,1.617366232636492,-0.11541674331840726
0.8447289015007213,-1.7233586782619144,0.39315623553204915,-0.31011753134720965
-1.2696800828336254,0.49841462905385775,1.5387150589088574,-1.2972084471643786
1.3792793444087017,2.6396462469696402,-0.2845662314688372,1.8038376863168741
3.621575434420885,2.3278126762066798,-0.3767163262342186,0.47621976397318044
-1.7191854991489763,-3.5023783631188894,0.638028292892887,1.298418505767736
1.0952171400216104,-0.6541524227523351,0.3899605746906893,1.5866116718763457
1.1508404075746732,1.0498410517312855,-1.61345691927247,-0.4603024831035916
1.075956588371579,-0.09861466042746553,1.0434875379145436,-0.1345405783715611
-1.2645782621088526,0.020350707666952277,1.3622295324227243,0.26330392995904295
-1.2555375255051664,-0.16152834867977192,-2.7270542810525553,-0.9134013671701159
-1.2223949175903528,-0.12239929506427012,0.9091501254303019,-0.2124828800069174
-3.5145322079478847,-0.8250326040716343,1.2634967963662698,-0.15303531692709238
0.6145338325428201,-3.6323699891387413,-0.1833485673791507,0.08183830731962266
-1.0634828033214045,1.395208428645579,1.3420049336533746,0.29144149954174864
1.3083007359181649,2.8682390230387784,-0.20763556878330286,-1.088668460474789
-0.9338077959409684,3.067221165582943,-0.9972759885267929,-1.0841754255914853
-3.4798362200361637,-0.14698935381442457,-1.4088098170653949,-1.4178927015325327
3.084735557666404,-2.4780377507126286,0.5759446467595998,1.3523728618034752
3.72200011462731,3.4059711842409515,-0.19444261115811884,-0.8437371040631844
0.6246443421091769,-2.156780884951943,1.657048720429915,-2.6061405575125876
-1.0834086790098687,2.3532318763341418,-0.6996861382360418,-0.9820510300539635
1.04715595881034,0.6131022778800871,1.6585262080019259,-1.2162238925165476
-3.6171836183434105,-1.611079532969036,0.5901921088632447,-1.2394066897393874
-3.7410150695669744,-3.047568393873256,0.05342709059346752,-0.9149523642578623
3.484989028377289,0.6512325756588421,0.6512266309235323,-0.6527632959967364
-1.003654574937519,2.7850473446244406,-0.6896965929273674,-0.7691470926826047
-3.3483825284280306,1.1433378865030657,-1.0364620923833876,-1.426408098926177
1.2963574658575892,2.9037460399747816,0.20325950266234874,0.5681523952087267
1.2399050094596427,1.77993612098491,-0.7444741221171156,1.0628035408483072
1.3143549808380128,2.9873242142733116,-0.05702860866254894,0.15606931712494387
0.906510963929818,-1.7261378348113614,0.5925560144085655,1.6181933076904615
3.6675717673950565,2.5320296998659173,-0.01095898433844187,2.21020378532237
-3.7024382438736025,-2.7740744727972335,0.9523066798975104,1.9163376629156794
0.8734241298975797,-0.8866527093400872,-1.2554559512188315,0.9524591340041105
0.8799458728561249,-1.9348273154979836,0.3821180267806247,0.2755369579704911
-3.2003073614015585,1.7350441724252594,1.9887583699649085,-0.5250289768787606
0.6477008849956781,-3.5306250909527503,-0.5152605606300286,-0.2994924391004689
-1.097508138196199,1.816903420782897,-0.11101057729489347,1.813106224561129
1.3372414271543422,2.343058378314996,-0.9196711206237995,0.8556830694537927
1.003943601583372,-0.8094588990771592,-2.753864778208857,0.41025835492048107
3.2647747871685273,-0.14234759292365165,-0.9632894748633711,0.4302854594225214
-1.0183188751691268,2.0740512589956523,1.5864694124677603,-1.9611776606789477
3.281429902958846,-0.4218195035860389,-1.5025101113938126,0.7637713510345957
-3.189333322295534,2.287341408945531,-0.7895371665687817,-1.0055656585387545
0.9855139133836204,-0.49298743953534574,1.1483067264425904,-1.1291282955425714
3.749530480722256,3.5747623666229393,0.0997587684209194,-0.34096889743965136
-0.8600207341747655,3.672254322619821,-0.14453247675922795,0.39150413536720596
3.0085000462597047,-2.3736125166920465,-2.874410709834273,-1.6182111811533322
3.3741032513658986,0.9099257694489163,-0.4102668250884411,1.1990364969121456
-1.6175272735155648,-2.8289823785292976,-1.2536707731747156,-0.5841472212115163
3.2766710745097107,-0.9700196889219191,0.8693443268035375,-0.39551947216865285
3.607327329951742,2.2191165554856047,-0.6417854626128536,0.02859492039241788
0.989813422741542,-0.6635680380319638,1.3066801864485345,1.3264339965467453
3.302905748290756,-0.7119257942304208,0.9987470235230426,-0.29518884609193535
-3.0763582063875363,3.18984449851989,-0.058945650793447615,-0.6646018806287922
-1.3748801345351584,-1.0307762594003382,-2.5011818651771653,0.6499474435283914
-3.5671977922447278,-1.5427802108370456,1.1194791119145202,0.8943849551725659
3.7824398619765125,3.6361706964990774,-0.8487084497865558,-0.7573512792669623
3.061531813751576,-2.8085938299334443,0.30243530856091705,0.021585367010992684
3.5444787152690673,1.498912609209867,-0.8550403849576712,1.8254456658524583
-1.4217300014206298,-1.3289847243900867,0.9309341550437404,0.6208705646191972
-3.499992384260915,0.051587521083533504,-0.4678068169447296,-0.1389450873268204
0.9196731050301594,-1.0569049813103817,-2.809757339444793,-1.1743135937385834
3.137495878734837,-2.0023647131771924,-2.875951739279503,0.04156643113089044
1.2773747475317445,2.0805340113617556,-1.1314615981583995,0.3263079757797742
-3.2939113143052214,0.717068587485338,-1.2947237664855824,0.14329038679711315
-1.5964234650045375,-2.8263806146126975,0.6418691557769981,0.2791300539231777
1.1883847030282197,0.6363753350687367,1.1411397164922352,0.1308956373551602
-3.6217006352381005,-1.6445014200099202,-0.3258356737919394,0.32163312883716555
3.3958723816917735,1.2553747423720854,-0.7313188088302117,-2.022161143422677
0.848356722643207,-1.6213084375257174,-2.292615796999031,0.9081007800850714
-3.5745743574039768,-1.6513565505876882,-1.9256282746353257,-2.967026225968947
1.2890358213353887,2.2266323559220957,2.3954060101266053,0.21282758365326426
-1.0567279853081577,2.0113335224904376,-0.40447324461300616,1.4995714393340658
0.8501774737843707,-1.6755546147957625,0.7390182017107563,-0.7117544954691876
3.1158508067488198,-2.4809547144099815,0.43334517606661893,1.400519991212543
0.8123473764432282,-1.7271608162499827,0.9618472171412538,0.4782793507554916
3.0366778640401346,-1.928885796889466,1.494226413071021,0.06884722304349168
3.7894762100031363,3.794942439378847,0.040044987793484456,0.571008593930767
-1.407208382805601,-1.7199812760576343,0.46962253735901677,0.29980822376492144
-1.2962740287161223,-0.14905918199025434,-2.0611660485598065,-0.10959679647445957
0.889536525851052,-1.6137152873034222,-2.103205117811379,-1.9906615387270703
3.32302602009394,-0.39659734875534053,-1.563902452411994,1.0094044883228577
-1.3785604765036905,-0.9029324570124342,-1.7116921061742003,1.9487531605838613
3.4595797468583847,0.9538306212108661,-1.1774307474604067,1.2097606753915096
-3.2268880066922954,1.693710209247172,-0.49906806455307196,0.04308741750216247
1.3537019008687485,3.219011912036937,-0.026080843756632874,0.24010761031610786
-1.2936197507835638,0.17186272106210532,-0.8321788340575084,1.6573744321302093
-0.8595725241607753,3.802564853870852,-0.11954252828197888,-0.8154844186516398
1.4270220924068833,3.6135829543143023,-0.49529041595487994,-0.46948879611111816
-1.379534110513085,-1.5723280208107004,0.30512814947335065,1.1700331333031464
3.5220231483432585,1.2360800839912824,-1.4108774178558319,0.8725731021281371
-1.178086345303537,0.5424847858647545,0.9095853096381439,-0.39941134745361145
-3.0480016090115876,3.1202280206351003,-0.4274552211520033,-0.29617172004925485
1.1994052479038348,0.6338201611399615,-1.7209615782686096,2.1638524012934206
-3.366036300096737,-0.3263197081323164,-2.366293137657926,0.8256955156617621
-3.5429149597209415,-1.9173111163501537,0.49668778382962897,1.4370560555312193
3.405864981819492,-0.3466540123514364,1.1308396752778604,2.560603843265506
-1.461856584739443,-1.9236618534330936,0.528944612796787,1.4821053221433143
-0.8723363060853633,3.060861879076044,-0.6973864885584781,0.20075351293915353
0.8118914085079768,-2.2537889824185546,0.685271501007455,0.5761602243740545
-3.409604188487524,-0.6352031843489834,0.8072849379260032,-0.4536474085563685
-3.287329876830484,1.3442233062011786,-0.20792104611475068,1.5856858402042318
-1.4507042759394042,-1.1299473241392999,0.86182539338068,-0.56091297949903
1.0632039430504776,0.08326256222610276,-0.8794424383023213,3.1707809013596484
3.291301361413972,0.2537774875509736,-0.49673530723213555,0.9641435808416752
-3.4230128233018133,-0.51447014102158,-1.5984055425754347,2.0476820002141656
-1.4039502103906438,-1.7920081784014252,0.20146796413933601,1.1182700642589973
-3.571653283303173,-0.3976993719447163,-1.7636785480932646,-2.825060482035485
1.0929660724292145,0.18248727621165114,0.8029436979138718,-0.4741796731206113
-0.8813350570281584,3.012980627133666,-0.7038689722676679,0.18391872742665852
-3.5503679196191245,-1.4651378550094705,-2.246359256922064,0.8555496040088703
1.1022111697125876,0.7008047797950254,-1.2478497015883643,1.0595156573766191
-1.022244364532286,2.2361987919129915,-0.8280293210021971,0.707209360063683
1.330293934147559,2.3046056870188494,-1.1023081200656397,0.42623012963183887
2.911231283444208,-4.313185577857009,-1.6958444263882575,-1.9976484527618146
1.083144703192694,0.506163126707226,-2.004894943041474,-1.0388026655645277
-1.005833678847874,2.125825435039049,-1.5073810097789295,-0.1320906867598973
-1.3217566274097663,-1.174466565596662,0.6773832564980211,1.701126446153212
3.3943667867668914,0.15904277024178196,-2.266525371347813,-0.2590379194146604
0.7904968941130646,-2.016765873258498,0.8762374346885051,0.4329414672906118
2.7930367416699164,-4.699541465139513,-0.6336900937892032,-0.6603171575996456
0.7365692595855353,-1.570824649387291,1.115274073689193,-0.6953765057353357
-1.1928276434003535,0.5377214445698503,1.5942469168085696,-0.4029564109606956
-1.303817950095638,-1.0848936346324247,0.1192121971005944,0.9375585897125992
-1.3196080707722821,-1.1554026456187294,0.632038774087543,1.7621755175346994
0.5500239474411588,-4.57580912422307,-1.767476773592783,-2.1535707258609347
1.4082559231903378,3.353318535768188,-0.4011777160403445,-0.06926814601139787
-0.8384626008463748,3.6502935880155802,-1.191184900918701,-1.3154817322490369
-1.2502254420091836,-0.3263782254582441,0.9697519733914224,0.9699795902910934
0.7695494376688659,-2.635861158508459,0.5606062621278266,0.46298534271256064
3.273602904879086,-0.566350407393866,-2.3153144578229377,-0.5781014840204376
1.149125976884209,0.9381001504523017,-1.0130818465191889,1.6101681676888755
3.449989400002839,1.36685826092917,-0.6208862294478381,0.9214775191168166
2.8035663764195418,-4.482811682870976,-0.00879688205064611,0.242283111784385
0.8393099116691648,-2.378690869464385,-2.52740065548471,-1.1863094601079192
-1.0185925191387637,2.162626302503307,-1.1569401064147788,0.29730352207443494
-1.0426223704472901,2.021756829670881,1.9253031149951783,-1.5655069875409948
-1.3997390492839628,-1.304898094553974,0.9353279241106351,0.6261421140698528
3.4255334296241426,0.33002451965898066,1.0432237949709542,-1.178236446574369
1.1373148904274635,0.9706309083918264,-1.8959555246949429,-0.9280902670869109
-3.502915333083147,-0.9174500161619811,0.7710264489157942,-1.8089645667139571
0.7839355849949002,-2.3674525208921144,-3.5782366413705375,-1.0087364674208654
-1.0217611009781664,1.7592081959800339,-2.220510693713009,-1.063005058037905
-3.0194911427017885,3.4454309330181796,0.45571822558841657,1.0706166323630926
-3.454936779924894,0.260614363193259,-0.3517698434685037,1.1917214691360516
-1.4203654123860112,-1.9016810974221783,0.4377120355911484,1.486406234143154
3.3523483774990246,1.2218407184984912,0.26681019012864315,0.43124900977520975
1.1579234828138487,1.2827001852243327,1.9506154840710885,-0.5094299058802682
-2.88758943143009,4.343170440541971,0.48965185436124253,0.10846852505143957
-3.2485006077672365,1.049479522855146,-1.9544623477858731,-1.0162726554749695
1.3548551254586187,2.027037993611372,-2.0071114341154166,0.2961637831014464
1.0300692902099178,0.5485728727215119,-0.562644510347283,1.0337945308385639
-1.3092916786294806,-1.081234614882723,0.37021580678315136,1.3463610917183073
-1.3188131363837619,-0.7120043069547668,1.1020761898736993,0.017829258869362437
-3.2820251778949547,0.8435208115851311,-1.3670434818115798,1.0148865809580527
3.114103697382383,-1.934800785682586,0.9229817129426522,0.5283780426410549
-1.4321511284912012,-1.541577661743592,0.8083066057344512,0.5334425745885726
3.5123235426784563,1.6332588548452085,2.081298170277394,-0.3825401774039644
-1.423120575321151,-1.3401857497076846,0.8341585942910954,0.6039374316520913
-1.0568942546665474,1.2863318247015976,1.348354837419174,-0.5492704403037029
-1.2038426155310418,0.9904565617888447,1.8752494994085964,-0.6769849356614336
-3.3071882437007605,1.0870851681307678,2.2892379329191446,-1.1095124962639407
3.314161896222262,-0.3696150934366157,1.1119899594230342,-0.19587750627028558
-3.600091883081052,-2.3476300568984807,0.09379833910514815,0.8615998456074676
-3.3133107492409617,0.8431447983321206,-0.8644954873719958,0.5822736272538335
-3.182875771615126,2.157982533470503,-1.4236144714175387,-1.9096892671916432
1.4015841787479018,3.5255545832194497,0.5366974705629872,1.2063373433804396
3.1723931498077045,-1.515424556080707,1.0267406294296804,0.6196124715535506
0.8590717213565299,-1.3192971928977797,1.2868210343680222,1.068900683604591
-3.3499672151778146,-0.1115188204772424,1.5425022338717815,0.5310909110702495
-1.0364453413389898,1.9622269608312244,1.4828171685818399,-1.1756815177062983
-1.0779601757908555,1.8842342825350022,-0.9436253660882324,0.6002954582857466
-3.2446074118449557,1.4801301241210707,-0.5085124141467506,1.24975541733489
0.9947883051195108,-0.9324845502521696,-2.0126186186440327,-1.7449418277020772
-3.061106563512534,3.0590933177836153,-0.3468781918921579,-1.145884592787171
-1.7500413352737676,-4.037814301526861,0.06695248353699369,-0.5501486617818228
-1.3918029593542491,-0.8145055271334269,0.9051165142424911,-0.45741279714640437
-3.462824522495527,-0.584468462628447,-1.3761640865553777,1.1416409103389462
-1.1598949014489042,0.386927818287165,1.0718829684357567,-0.022144448477513866
-3.2903282861931156,1.0037229207302385,1.7571114059033182,-1.9886522260743587
1.3297305424707917,2.244161773151364,-1.4548980679080636,-0.029827749820657234
1.070660890597012,-0.20575480347255581,1.2069386166865332,0.24654178039690727
-1.0080047196312587,3.007718326320685,0.34389513481493583,-0.30784680451249896
-3.375214746188394,0.4144631169801554,-0.5830223429872293,2.0923923647789633
-3.3937364971456545,-0.021712824713152327,-2.76220501651066,-2.202542985042076
-1.212188324816913,1.1321908730467238,-0.2023516341227637,1.5642596121370238
3.128164828906879,-1.3480546392304364,1.5715883160602577,0.2778772506944421
1.0141189201253347,-0.39698933098759076,0.4755862313830612,-1.090475638472208
1.0304569256612124,0.28599075612802505,0.25129771587624794,0.3000487269198916
3.1301963975564338,-2.3676169982744395,0.4483265474111425,1.4405613914535151
-3.2246939884047654,1.6396450291332059,-0.8262030906821983,-0.35248177162288863
3.3051530589462383,0.4916632245269098,2.449720465930399,0.06412383919233285
-1.025223129653621,1.8187249793422104,-1.0193860236435344,0.6055568321287302
-3.756243129008568,-3.414316269829067,-0.04736214922821264,0.473783024829021
-1.6211990218145984,-2.3259469287637806,0.5281821580249793,-1.4343304818062876
-3.439843400208406,-0.0734275817417004,-1.1699378577803214,1.0679353959645568
-1.11954272294252,1.6320441320540489,-0.5424248757051744,0.10382069539527915
-1.228703916581088,-0.2537673903386359,0.4571798321726871,0.14974206831410186
-3.1590593221637264,1.7949246673072823,-0.48652818318764113,1.3302849925461482
-1.5179563216122571,-1.7957200492342074,1.3032543695139769,0.03814389855470969
-1.3689996467315333,-1.205574494207655,0.3309173935464988,-0.19316002652150352
-3.634342087880227,-1.92004869768275,-1.9622817664519834,-3.06378967725321
3.689662441508425,3.1913863319183235,-0.5626409252760043,-0.5009973392725479
-1.0078522111339194,2.4460029112393133,-0.0276606023806166,2.039135339989302
-1.0799969827066733,1.138796310042934,1.3286386662588927,-0.6014767096908166
0.8051094851382925,-2.513097357205496,0.05503384778787058,-0.339364631599269
1.088672177795077,1.0212260637791404,-0.5185792830192771,-0.0809959058941785
-1.3526641934380799,-1.3083158802868189,0.5240849626348959,0.44616336969369325
-0.9820592499294836,2.2372196051122377,-0.6446617877421522,1.1365511729169746
0.8118719585186706,-1.7128276743843238,1.4860016285054212,1.334287013619452
0.9530123098136952,-0.1405583635248369,1.2398466889141373,-1.8751464946210095
-3.282497333040636,0.3951192730766987,1.4456851794034165,1.5669379425679937
-1.5831319611881245,-2.384702239017092,-2.606509250601131,0.13730169231341563
-3.60973875311634,-2.5008741289943446,0.2374892434135226,-0.04334686109251124
-1.3295462921463264,-0.8494594024561515,0.7238472997733308,0.3528274050535696
-3.187643612472361,1.5782880387740887,-1.6133059071869191,-0.38604476489225487
1.2785565308928408,2.538253229830752,-0.5969816816660806,-1.6230953334986669
-1.2571263908098702,-0.06942922063201644,-1.7085767247271444,1.7966692644344553
-1.053186048606954,2.0563935806490297,-0.852072909729568,0.6420608848204421
3.3508799247237997,0.33245436694875413,-0.7382615706478114,1.8358814872900735
-3.1553278517525944,1.581786395035137,-1.1794540739907844,0.4547619030624671
0.978871149485334,-0.6866367992151085,1.1006009152347038,0.8523373796804251
3.5503018507415622,1.1677536740612984,1.065604749700207,-0.04970904973713826
-3.643240567323962,-2.7535103339999654,0.29217084412930483,1.115947744331628
3.7477738038962833,3.5256718538381087,-0.42880031822057674,-1.2102554083611627
3.1428033019649315,-1.449643102105209,0.8936228046958405,-0.5628475863425315
3.345134546123486,-0.33663554262021506,-1.739868971594714,1.8505771594660154
3.1831478785044016,-0.7334303971094458,-0.948966880407294,1.4725647823198662
0.653378380038744,-2.827808041937409,0.6805717384687211,-1.1194944707007457
-1.5134396623661632,-1.999760686081197,0.04816785770650646,-0.9125864339029602
3.508677048299635,2.017815122820283,-0.29075912254962055,-0.09667696528052563
1.2025090080730256,2.0936787331893614,-0.22279426567278024,-0.1071449742872046
1.3155250350363181,2.9464141264640356,0.05309256149545666,-0.6500006937657853
-3.377054892505461,0.596535929132875,1.952468570185425,-1.7264896636688891
-3.267020942326597,0.5618675434958932,-2.3190041465062214,-0.2904144038518488
0.8680217482543214,-1.6513256293277292,0.30760665432420353,-0.29171967182931946
-3.3085237929941087,1.0805551275589895,-0.8126517987940375,0.699108158522147
-1.3232460374577109,-1.1370266076260236,0.5468876708447508,0.5094439951719619
-3.3219896052345423,0.9836394097040907,-0.5743242073753977,1.0676946120458772
3.4699906572361408,1.7648013843651222,-0.752370109439624,-1.0147525597309073
1.0228693619898197,0.025996158210885908,1.9686964089385062,1.1181477512697853
-3.6637323129646067,-2.179938040367438,0.8327296075013729,0.19235196925362005
-0.7935643144679457,3.9136504498494213,-0.8842506411508332,-0.7788530790137963
-3.4078566512593964,-0.49873998817560317,1.0073583664858397,0.8639157046353028
3.37295446623169,-0.34309869710806784,1.039778210797049,1.0920948806792503
-0.9321325628212696,3.301432716462637,-0.09915308199436176,0.2690913012579735
-1.2783968135928199,-0.5262475151799619,0.6049272700608676,-0.765364889988835
-1.0369247638593866,1.8730758727390473,-0.6058627574631066,2.266035806848082
3.1894210409189307,-1.0972519392693199,-1.428561740075749,-0.3268211147988426
1.0881743200612088,-0.0836832359598718,1.132373883801652,1.140823882790226
1.0103170396369,-0.409556529027899,1.1372625518507522,0.9475615532580028
1.0297646658816106,-0.7415968958073597,0.9549289621389776,1.0937813610685883
2.894342389241199,-3.8022685357223867,0.35248577347943366,0.9318323781770841
-3.196017431854851,1.6422765203521545,-1.530777396666235,-0.3905336586354037
-0.7888254442009416,4.33371524989802,0.20128102572671225,-0.21568576640714754
-3.42120268002425,-0.29425607648261,1.015616356235732,-0.35540533302342264
0.7369081242575829,-2.185574938696217,1.3358900109447789,-0.09705355163156584
1.1958035688067659,1.900551148291457,-1.1163346939112528,-1.4417589925187322
-3.37622809746582,-0.9015202817688517,0.6328065677974413,1.7966093890367647
1.260892804608516,2.0695696890381265,2.2872169046472104,-1.1051607933313288
0.7146447081101687,-2.8990172951936812,0.43596817893871453,1.1962697022335285
1.0011568189796165,-0.988312367672645,-3.1230156122338535,-0.06865298868083444
-1.0102451914721378,2.1055346179480035,-1.2593663865763625,0.26859004921404983
-1.3668226871366247,-0.516696103292157,1.337347753913447,0.019657467572512383
1.0251433581180232,-0.12146988884171456,1.3797023072822923,0.2733701747490805
0.6999241745058887,-2.359763061777421,0.9874453696051981,-0.5426245085125786
-1.0694753757819142,2.1657457327786602,-0.4023863874884873,0.25222820065183615
1.29753491968898,2.104995152442566,-0.10421141565623503,2.0021608542466587
3.691436278198004,3.195199973207822,-0.5620822470492185,-0.4995284344987681
3.482848974704034,1.1407778395182824,1.5363972553733074,-2.1794954532581294
-1.164138235157151,0.6003324716789211,1.257164203748162,-0.7978474687455853
-3.512754970733775,-1.3599147844184718,-2.3270824771398884,0.8864856912957223
2.9359473427425082,-2.56951525430054,-2.3766998300067157,-2.0882879201643174
-1.227844330974344,-0.6087284434397374,0.18261738229508692,1.1097147788839659
3.4940459202205134,2.009120290100926,-0.19818694090892455,-0.07573969283232257
2.917042942393756,-3.178566972136554,0.9212965902899756,-0.7770511632054025
-1.2588997691987767,0.21701828515608773,1.6198018972269057,-0.5423394672753856
-0.9418377479720187,2.595389705242654,2.1782452687552696,-0.9256227857360545
-1.152431464221002,1.3683295950384777,1.9733570511862324,-0.5993804164186619
-3.5545047931669544,-1.3554811965109717,0.9642350265585395,-1.5574366737616274
-3.496991615141041,-1.45543077196409,-3.1806157204318986,-0.38099546309197097
3.7517247845367323,3.8052684210087895,0.27265732244573104,-0.3085961226768782
-1.404592715799717,-1.7527525775623132,0.37004818278307977,0.2787398025906562
-1.4241794608891625,-1.014848819320541,1.2970179385651126,0.06170761518881599
3.6219289389263762,2.98037656758492,0.162746418374862,-0.6048601777530815
3.3812695005645423,0.10074041464538458,1.0116729555750228,-1.253325847696545
0.9151540276418091,-0.9997589994165161,-1.429711324699912,1.1382476810409417
0.9722566882833599,-1.0151616881125691,1.2552913193490343,2.6691775820644947
0.8010291919186704,-1.7930524691287433,-1.6983371263374076,1.7041294722249836
1.4555217450552558,3.836897667814686,-0.19404412075156038,0.05089682892729987
-1.158870041021744,1.1242887157548274,1.4604131213363343,-2.302885851424304
-1.0488980254593983,2.6176228140359745,-0.39302734673963075,-0.44644602786265225
-1.3734161743314925,-1.6428380297640737,0.38532800542870194,0.31893783224467365
-3.1759668723423125,1.7520801872400662,1.7612479187736632,-1.7314899102928678
3.1595708266906994,-1.7461962379414673,0.42671041832014195,-0.25708592342623565
0.6380685696917315,-3.418314974621975,0.5309454159845952,0.15339331497935485
-1.0855420214188847,1.1332384373184774,1.327275335027568,-0.5986926830437362
0.48656348938288657,-4.446776279590402,0.23112844907287858,0.6328243875688304
-3.581844564049353,-1.3163016467439432,1.1510410985164325,-0.2795162372247752
3.548192222579807,1.8418360608257385,-0.4412005082646044,0.30027192760050286
3.1886964133902778,-0.8250576761866928,1.5535605532381467,-0.8015568904590744
1.210714295279512,2.3200669595973493,0.12594512771356087,0.3567158775478508
-0.9505708343983401,3.0228339776362145,-0.7528663455365484,-0.6925565728952828
1.53647904014207,4.1924791819817635,-0.21433527910014225,0.20100017347804025
0.9470873750031052,-1.3077772810482113,1.2174149283900177,2.5632238968492107
2.9417763885920185,-3.630153777454817,0.029947371593028318,0.5777661298220998
3.2621284443998046,-0.6904105339938464,1.0692811484081854,-0.31247484549790083
3.6021256720937367,0.7808393816202485,1.212941877239524,2.989794827645006
-1.1642930517195014,1.5736254548377078,-1.1960066496967028,-1.6212699261548045
3.4574965016035804,1.5630045248218376,-0.6022325446846066,-0.6543449117110608
3.4984804588682765,0.6928071845190884,1.5916198352295263,1.8542038481007233
0.6295174031385735,-3.7150751789242205,-1.3301712132784838,-2.919134073436569
1.4465950346063774,3.1660165487757594,-0.5516965882504568,0.30642146873470244
3.298352105992876,-0.4480040543861083,1.4620925435837984,-0.6116219668428837
1.498492475589246,4.1652979470451905,0.37165646364242966,1.019736997451218
-1.0889160726976204,1.682247066870859,1.9675345329189373,-0.42613877095696395
3.4509595322912876,1.1461061688812224,2.2196530619513597,-0.0899811554336491
-3.5036051903776526,-0.25731753182780104,1.675872754257968,-1.1853505428139148
-3.4016605127881743,-0.6205350883837009,0.8096016875680827,-0.4493716266717056
-0.9108829477640934,2.1570515366833107,-1.683566765424589,2.1515439496943474
-1.6062926348921902,-2.775300060629338,-0.9903840983614428,-3.4879297420492508
-0.8752764062672982,3.557404660607372,-0.8580638219212174,-0.9344165522050762
3.1730133798975158,-0.5588299941535005,2.2249234549682075,-1.5822077157823786
-1.4462297759844958,-1.6799531663320495,-2.906173346871644,0.035312477416244874
3.689742524747787,3.4090108949152484,0.21975254809487865,-0.44938355155849496
-1.6360521721140076,-2.4835730804933815,1.1199405007342549,-1.4799404599494796
1.0774847741099898,0.1776344211174485,-0.9541806374849543,1.9454750526073816
1.1340416335402492,1.2976659915539965,2.183930762020501,-1.3803545076350627
3.136302433599448,-2.4245541239848936,-0.08130685326626125,0.5743861763700164
0.9458990987341099,-1.0947715314778994,0.816365487174982,-0.5000408407148207
3.0858931483072727,-1.8663726246977024,0.8403117034544522,-0.7343928797418853
0.9445927254871224,-1.108740549811916,0.9019592698728971,0.7525916083797392
3.3049143420877716,-0.1783621110900261,-1.3072977055282742,-0.0002530671992811867
3.1685380029680115,-1.2029796182705284,-2.1285281700743113,-0.3669874589021113
3.5699186166147374,1.762870223118888,-1.4826789779274143,-0.1399340674976308
3.4337831407256734,1.7963529885444085,0.0912565589057866,0.2403754685177701
-3.4086131211469026,0.2495418410072947,1.4717565031414102,-1.436251245597213
-1.2085907760214434,0.536379915264829,1.7493353338758324,0.8353193343372856
-3.4701936838761043,-1.59427637992554,0.19459718691591016,1.1339796883104636
3.141743935812149,-1.6558775971544706,1.0080278734417116,0.5639085616121102
0.867618494536665,-1.9503319252353786,0.29069024451460335,1.0973710133883368
-3.6608669899115127,-2.5675553731840366,0.45847575077748043,1.1325371803445579
1.3930281901101473,2.661546519899081,-1.399726580328919,0.12404547474715356
2.78963244432992,-4.778659316960532,-2.8096525647912705,-1.9926083827065508
-1.184976275318878,0.45311641278960935,0.8979860663789553,-0.43089785619478105
-3.4844841611216855,-1.155000759086974,-2.8223582933363605,0.10921856388485622
-1.4000936016539103,-1.5621396602038167,0.8966776998313007,2.0021684701293014
1.1745585328347103,1.8544281797026851,-1.0481630336938714,-1.486926704371186
-1.0049491896953198,2.1346844628393056,-1.2554079419925668,0.2785806115785038
-3.161501305844867,2.099281408728111,-0.35772229165939295,1.4486410817200057
3.5282596474428107,2.2688311262154968,-0.4352068463091391,-0.4291542699501708
-3.1151488653056414,1.1293549197905872,1.1299505431393815,1.4463282568106912
0.9002098016408435,-0.9115328954063597,1.5251927296192318,0.3974312001286727
-3.1958248966381757,0.9453609942589495,-1.0841821657415047,2.955854482270152
1.0353679956099202,0.10562492540029107,1.8924242135034408,-0.11740567184679136
1.1516240099394581,0.5114141814470886,1.1190891251814703,0.08228641193317443
-1.0330036841692787,2.2251268925551773,2.2712840039632183,-1.1106129335002752
3.304983556467809,-0.5014662384497961,1.0204590191904745,-0.2204632234549558
-3.5334195192387368,-1.0034950086092413,0.9206022691325095,-0.6042145936221058
-3.4792873208865354,-0.6010531878346967,1.4964566548744362,0.3873803316956356
1.028707613183806,-0.2825712267833885,0.7415638433334649,-0.6429312713913681
2.9680238279507942,-3.2120323867578477,0.6629808923564432,0.2653426544595137
-3.3037968325351947,0.9421389791462973,-1.1764728140725214,0.23613930546856396
-3.3627767382398437,0.2700901055918881,1.9309968242485027,1.0883367738785843
3.5781329755998046,2.1477032047633826,0.005416598907215188,2.0574914543201657
-1.6029025428406383,-1.8569709229810705,-0.5916924731323058,-1.3876260613476217
-1.411817112053774,-1.0786960694282024,0.3483866833450515,-1.4004099401236183
0.9777776195459689,-1.113831226718964,0.9927315048832523,2.221904245379061
-3.31796049451805,0.6196432168082684,1.1771388143819348,-1.7307183834485675
3.7834010570466363,3.330557487428651,-0.2426844310068142,0.8336442117595215
-3.3982539322471714,-0.17429341771444648,1.3923941341339054,-0.6983066507827401
3.013488056619635,-2.742580023815006,0.19938915440518784,-0.6303942137674691
1.1979488810015244,1.4651041843394756,2.0641221260279727,-1.2684859931063899
3.443892906706419,1.0886822555457145,1.9613656078643968,-0.5191212252155261
-3.6163400171876416,-2.2934884261457844,0.9298158863373881,0.8268536451799343
1.2108483603027453,1.664993346259144,-1.1869988873429713,0.178444728759765
2.959449829142016,-3.331190212583818,0.46308483337952233,1.0414272250905134
-3.146521840913911,2.009311470452488,-1.2102921271352498,0.1793822173293662
-1.5140435666193772,-1.5454777575642316,1.2019925114007548,-0.3619898495645319
3.2108513849078832,-0.6712195870836238,-0.9400861182863086,1.4986279440846177
-1.3260319708721537,-0.7656602044257439,1.006389833430678,0.8226495059607822
-3.3821105945548338,0.14631170768103102,-1.4593068138216474,0.7625866620021066
-1.4625456781989274,-2.048186692166081,0.6768159571666418,0.5858519686405609
1.3411723442984667,2.3505833452418248,-0.3428961820914351,1.648150439035387
2.847722010365833,-3.687123864084701,-2.008140808335134,1.0726866959027601
-3.6196914776014824,-1.7637744161565616,1.0710555908433514,-0.4699283524261118
1.2888142757949956,2.575213584191212,-0.776019345257302,-0.7951508341398849
1.4686768815515603,3.5321815196917803,-1.2180043804483704,-1.2391057159396097
2.920019562838606,-3.641467598889363,0.624817326474241,1.3962260287114625
3.3833683799116185,-0.018433473669361652,1.4093738335981365,0.33997970175394737
-1.1361569223056744,1.5597858682740902,2.705075696916948,-0.49853943590654193
3.2813308838779895,0.6207887293188694,-0.8569268287183133,-1.485535157572745
0.9735521560172565,-1.2074739649540562,0.5735711364360341,0.5462710469167698
-1.4282410709919018,-1.1991502600371704,0.7444411879042249,0.199317093631199
2.8864524553827704,-4.521176633343586,1.0581351450959562,-3.024480599306612
-3.602522336324352,-2.169898269254593,0.17011810159046076,-0.5963970849224915
-3.2974988278721993,0.3539855425991843,1.6910509482061715,1.9540775546320643
-3.1511245614468604,2.5411811812681653,0.017234895654096093,0.34594995271367124
-2.9662910649922534,3.235343141098813,-1.672403712383022,-1.8800081114116984
1.4209039129565055,2.963896861371413,-1.0136742138098187,0.645299523447794
-1.3900151776738654,-1.3278665596154513,0.3145612899947429,-0.23741300333632726
1.4176391195564069,3.3692487669485987,-0.6703334721990967,-0.5061942765370939
1.0011127783434497,0.14060498268019012,-1.735029242410385,-0.7857483913254127
3.0638078835131943,-2.7477760127600486,0.22150680873239734,0.8683728958029702
1.1737471285932035,1.1670947760188668,-0.9349018738644717,1.633352200654021
-3.63244038724855,-1.3098974338224298,0.9196561131806609,-2.425655906188954
-1.0953123196971455,1.7725129448196477,-0.4363774098785605,1.4142002151554076
1.3855811279421455,3.2261159158248867,-0.16749325177870744,0.2931738402916543
-1.2249011969071637,-0.1978341611879176,0.6488354796205694,-0.6481325755183371
-3.287844817934555,1.1333189146982188,1.3388069244484142,-1.5389093757863646
-1.5804914769277452,-2.61546847860643,-0.10689398000025377,-1.1112891162871983
3.3661956280302405,0.46939241871515885,-1.4032663894744253,-0.2086724882349175
1.0752307577642983,0.3206664477246074,1.6702881618563918,-0.4443282793002903
-3.3213513906804586,1.4580692583503971,-0.37752456359355147,-0.4550306853973907
3.612432174354349,1.590385781615394,1.806960366327238,0.10925340827946078
3.6158363672354072,2.553426077612226,-1.2645315362494867,-1.5873819912440605
2.864937910094901,-4.215727724956229,-0.3187782547379025,-0.07710135814607347
-1.4162895113927692,-1.6347944485969934,0.886907626135161,1.974250816122858
1.0983492675913302,-0.02406932943360249,-1.6448670835789627,1.074671820034673
-0.8481207260612872,3.187854085934043,2.257675890620708,-0.7185348817021561
0.9596444689894337,-1.2057227192256916,0.8930273943659589,0.929609563739281
-0.9203198657476632,2.704783323374345,-0.9953594419837775,-0.3332521659615343
-3.6558074117801054,-2.831644490691835,-2.6576932365666197,-1.4698208453043926
-3.6954504349698687,-2.765308284457782,0.9543935578329316,1.9116475421694674
1.2260572414921374,1.3083788390169444,2.052260305913449,0.32063169786128914
-3.580252007333885,-1.4909218764910972,1.445308140632588,1.295136632332327
-1.0209763305473676,2.008058253406543,1.6655159952128098,-0.7277607888314751
-0.9522061114490729,2.533831374074277,-1.0183506595569918,-0.39509194490397226
-3.741340446521001,-3.5319071581754486,-2.7496941465367746,-1.7222170914792683
-0.8712452450758756,3.816988108291548,0.2886637268509897,0.8344851906766594
2.9612665909564866,-2.896259823995981,-2.33027099688926,0.5173509206922015
-3.2006640261135715,2.0770039612785562,-1.1628950832111966,-1.4978368510974696
1.093391238872479,0.250139027188345,0.9070835853258177,-0.44107716736893093
-0.892013163092069,2.6575950905917027,-1.3421920336390527,1.309576195735981
-1.6454164547919454,-3.0501342375376304,-0.1644880932743451,-1.2692264015848986
-1.1476484639429032,0.4653393334177421,-1.6165241901930452,1.1888314045137445
-1.6576006746825875,-3.535614715313341,-0.3012003865341188,0.04642258496216374
1.3248759391384677,2.3076567951465985,1.8157347239649222,-0.5826021359728056
-3.460849471511801,-0.871513862200254,-2.079016666537288,0.24659553430364045
-0.9350550688492919,3.403372098131282,0.48425382271311845,1.0956338326804547
3.52450128218343,1.511636817631783,-1.2656435706386717,0.17749169317315125
-3.4397372980271856,-1.0463378706097597,0.6594924242180114,1.6882660784567298
-0.8295224306144604,3.908316359676484,-0.2894611581701417,0.04323891839791962
-3.0651209579826935,3.0029485769169475,-0.6049694027802134,-1.5731345021194194
0.9735287203519045,-0.506854667990871,-0.6276796340235695,0.007622728894116472
1.2444082723225658,1.4348498794854785,-1.3797733876067348,0.11303948701614001
-3.486698248583305,-0.4995533682934445,-1.5455906614482764,0.5315912516494049
-3.2018702538086514,2.2024006872207966,-0.5500331691639062,-0.6281197756963491
0.8394113228000233,-1.616477574344494,-0.3920561026625538,0.7163200559719163
-1.3950701146110778,-1.1821665859650483,0.9990323700616197,0.6130672904118974
1.1152563863970941,1.20242947681975,-1.79939901854879,-2.518402268962053
-3.644584651091256,-1.7684385069203465,-0.5060083069096557,-4.470911345569805
-3.2730372451604657,1.1381796342718113,-1.1502701423356825,0.30549265731895875
2.966653084217877,-2.7163663438105816,1.5732589516318516,0.21456635269960275
-3.1812701157865346,1.82200996047809,-0.9158740317531824,0.4984181451711669
-3.405665570492091,0.5469633205707962,-0.5641132204444628,0.8857219381705519
-0.9918198132415462,2.9979886026316263,-0.3426037543899801,-0.3083757500048601
-0.9639474888804658,2.6115405352393046,-0.3244283036815957,1.7132408964386965
3.525511069270668,1.8105174989601738,-0.290296004483552,1.5287600057628867
-1.0744848282626271,1.4277141059199496,2.0313164629874456,0.30385615943610417
3.0789369165513936,-2.1472999740185403,-2.1419280553517606,-0.037257601931569885
3.268663926440442,-0.9567768656613507,1.3041971366922742,1.2865255249448722
2.972927392563655,-2.96926724480283,0.26418834355664794,-0.6982403750567601
3.3346423517288035,0.5159783282809567,2.116963114144452,-1.6039373698155892
3.1881675263605302,-1.923740155152176,0.515362162127298,0.3479529286596295
0.8585548121089264,-1.7864106421781698,0.03955027422365124,-0.7498372661936065
-1.186979501482768,0.8560627591261671,1.2409854657423647,-1.5819949109823832
-0.9449779909611946,3.418997922318559,0.3987176884362162,-0.1614442700544331
-1.0987376382124368,1.2419313947343202,1.7554913394036893,-0.1642035352992757
3.0157921977851156,-2.1215717190256913,-2.1764314308614097,-0.7241148366409822
-1.1269756618227804,0.8176212094302577,1.0351572492106247,-1.1237444242336745
-1.4508447299229796,-1.3068517443800283,-1.420059616829983,2.2269309768196726
1.379272323422335,2.5827299414813893,-1.1592553593680004,0.5004973198502536
-1.3625821153366662,-0.8902108551930316,1.3087039537746736,1.1627739430146466
3.070418500101548,-2.162120868643158,-3.1917129008745233,-1.952926296429456
3.6671309486119856,3.131412930150957,-0.13599744428597846,-0.9332295473720075
-3.6575469247075154,-2.5485203619438943,0.46104546164199756,1.1391625691272573
1.3867160455610117,2.8824834631503027,-0.7053295709514995,0.9947341465633126
-3.658277583230466,-2.5488192886062713,-3.671810290895156,-1.195000495117444
0.6282998586830163,-2.847369315733954,-0.9861340411017211,-0.7799275220585505
-1.0977150268224012,1.5746773714307023,-1.3295837470276892,0.06918833005321058
1.5279854389324876,4.069370809540976,-0.1417987432561829,-0.6648313282832682
-1.3455880982047506,-0.6141883781424846,1.182849158846205,0.028283099998957076
1.1510611730903872,-0.09535689261034123,-0.14364155330638412,-1.583653894259981
-0.9239002785517986,2.8562657700422247,-1.9614287886373578,-2.399263854209813
1.0428248438838337,0.1934580468235305,1.6525278749588812,-0.4876610341953694
3.565963828767821,1.7492623538636707,-0.962043224531783,0.7040936312295951
1.390293640948362,3.376762528167976,-0.5268618282649781,-0.5540100394540534
3.1696725007958193,-2.19122496578945,0.1339888087721762,-0.1588021866736958
-3.1502226566899783,2.010249507295357,-0.9598674614272746,0.5912120815306846
-3.4613833564030223,-0.7391026973516387,1.0465934604584866,-1.3412580580428621
-1.0907117608024495,0.8969083276146291,-2.8580950543829577,-0.9714606260505854
3.4721962238418373,0.7611310223443909,-2.5508644105192078,-1.7451062164193407
1.173394857461274,1.0794459500409246,-0.7430864501426427,2.0654446715827093
1.1585327029714994,1.0343797887383959,-0.7496978639480747,2.0519410087893886
3.2863531010308336,-0.3047498733110022,1.8737849782554938,-0.19849025475319385
3.460751446241393,1.3120939860413945,2.2226718947977444,-1.312977995141885
1.1921569732754789,1.5920009173110177,-0.67467711132316,1.0027651378456997
3.5311186356882946,2.267070789338446,-0.2510623498648108,-1.2449253429884686
3.0450183573456227,-2.8314268543954264,0.5294548478725458,1.2278661098476698
-1.5658704456225243,-2.801672134056038,0.5021516191759987,0.34399494012516185
-1.1202778522392154,1.5478719203318554,1.9975396961259035,-0.5356945473693762
0.6385056420888114,-3.3633977122830894,0.17154247935449782,0.5606885731794993
-3.7446385797813875,-3.0079550498743175,-1.3999072282650455,0.12642904347789327
-1.3847746872660016,-0.999414094456815,0.8877538624430709,-0.5314398448280788
0.985434758163785,-0.6418862905968584,1.106366236905522,0.8705388904026538
-0.8386466718553894,3.737884216691474,-0.3864918771895553,0.012957930053183608
0.9520873055437385,-1.0833606860185723,0.9054439806284457,0.7625884397803673
3.679045792118234,3.0972252844451775,-0.5749966736425075,-0.5345800494669001
3.3701783864710024,0.48611353068325314,1.535441898404468,-1.148944661761755
-0.9974323163884271,2.4501042003552254,2.3011492682472316,-1.0283397321700074
3.339752372752323,0.5119424126761671,-0.5311656437856984,1.0829553603144046
3.5762770827517176,2.0150473856131264,2.247566932980878,-1.0369458131589735
2.955261192615582,-3.0947062123858884,0.1521429514833169,-0.7545663913822724
0.9025751390034343,-1.6877606149938538,0.5972635459812954,1.630845094888082
1.3674493336255547,3.3885539871009147,0.5183745094633658,1.1502657670368122
-1.567249744676238,-2.9801273562055464,-2.643849063313443,-1.4639632519650452
1.0979399886673424,1.0280917538860905,2.3994883422869058,-1.0738916032646262
1.383695992744629,3.2463862270367776,-0.5023027670003023,-1.3766095851286524
-0.8862803620618412,3.7468871227759437,0.19187935341772736,-0.45038613968288715
3.347790631670195,0.982560415001074,-0.8563733161699126,-1.297914475998204
-3.4922902914135516,-1.0017283715660055,-2.18469192658791,1.0138553849625378
3.590063081482883,2.6399523785623504,-0.20143115184894403,-1.110190986210937
1.2597906316741718,1.9419502725299627,2.1292228399845285,-1.124506617449208
-1.063075230104426,1.8201300021974953,-1.4737305097117537,-0.26831211736503574
-1.1027261781970386,0.8741067736934482,1.7065181002086234,0.9436904172886406
3.5892868290658737,2.53386507791018,-0.3105408160649214,-1.155465225106558
-1.3075755999773715,-0.2534238135901126,1.5766396984965256,0.571649821491549
-3.5273888587059403,-1.2503356158375405,-1.4450867804860086,2.1911334889036866
-0.9859083226685861,2.3408089765443094,-0.7059457616791348,1.1999681021695272
3.4640138623117,1.3021290248745598,-0.8793221119944594,0.49322146351119367
1.1298303543655561,0.9811991359826532,-1.3723362254508173,-0.07695700827169107
3.535520364554495,1.7734645281651007,2.2153949439516407,-1.1256042291291963
-1.2586805754978951,-0.03515116047667087,1.2598103860387209,0.23601874807110915
3.4479566237762294,1.7497761350779764,-0.4354830674360325,-0.6367049847468977
-3.2934819932360124,0.03072215016166568,-1.8707920973001873,1.836523008274513
3.1257340865663066,-1.7980227000679072,0.4186575539489592,-0.27736007655966266
1.064314705632833,0.3164521908982909,1.9199130672294618,-0.036884457524637225
3.5867664150287215,2.2470582917060034,-0.06835779573765495,0.8263539642022474
1.0118516173210463,-0.43535668069206407,1.317753625974002,0.13018907900934468
-0.7607266220442017,4.493130260466669,0.29132781332462143,-0.17759200785706847
3.1572041410179366,-1.7832674103541921,0.5980810357012569,0.1615847823863576
3.4389943029189607,0.9160055435896336,1.5921493048273512,-0.9868008597683484
-0.9958168515663298,2.508081617308678,-1.6619632859193874,-2.111209393503085
-3.405794998503821,0.806249792983036,1.0693409154807476,-1.330029036096952
1.2430235625293926,2.023252686223317,2.6194844247131686,0.5342770957879642
0.5879165136770422,-3.6922296759128934,-3.482409363965236,-1.0431354298732793
0.8140954023826557,-1.9165669267821215,0.6183196420932316,0.026746824775180977
0.6168497425285231,-3.1015174480629772,0.982610557961695,0.4479123442960119
-1.2098159093231655,0.035326422885387496,1.025246508431501,-0.14771260665144967
-1.1950251168973236,1.0641448660265647,-1.0526229054679679,0.3097399449831481
0.7082593214120683,-3.1255146659844404,0.22460864620541024,-0.1565060180754997
-0.9903512879000637,2.423871610363458,-1.0745629282177185,0.3324058242390032
3.2054370387004667,-1.2153152723947585,-2.7946742859818747,-1.169725942946329
3.4657798796975494,1.1815954777514803,-1.2142356736808373,0.06669990130232552
3.2771594271560875,0.1623820126619347,-0.5089981289608085,0.9325084635677606
-1.4215872559656795,-1.8133963699341749,0.5446081151570858,1.5238339714404816
3.5345773336113844,0.6934129481684038,1.0907845929826652,0.20201777557149325
-3.372031019087876,-0.12401076680006465,1.288852223565821,0.12112310491020613
-1.119234934489732,1.527608230461222,2.1974654453780835,-0.07438870969336991
-1.2454684169669785,0.11540801518173327,1.6071514839259533,-0.5717043259833519
3.476210626457354,1.3161719339716642,-0.9460127116639545,0.5223987715420739
-3.5155386956117862,-0.5565246323653565,-0.962472164362052,1.3346567886133098
3.2881326154888435,-0.7436342034625529,-3.003190777558732,-1.4409273954447728
-3.326889567005823,0.22803839549928892,1.1742399154698968,-0.9897948206882732
3.3391148289045995,0.5676954057800663,2.4618000861227394,0.08099760919945549
-0.9983549991939397,2.261222039678578,-0.7168160761528053,1.1746942374054428
0.9004914033470666,-1.7659353890546683,0.3153757218167677,1.1645396423255046
-1.3585169812664926,0.07719991034795258,-0.3422742681462512,1.1894682837330859
0.7543814181242038,-2.2417039996248707,0.7590852423933286,-0.9087570932699582
-3.5936894207612884,-1.4773130260264618,-1.4947211436008498,0.8218618539131884
-1.1342620037150073,0.5610413934792928,-1.8547693667869767,0.816881567519074
0.9723153301580876,-1.2473004695374743,0.5686403501487506,0.5304380997627791
-3.463870210211885,-0.8273047357855912,-2.162007031306749,1.0839186646671868
-0.9319201307507801,2.9334531944555016,0.037225163090533926,2.2145140187496497
3.2011588027730284,-1.2875959439695617,1.0568748046221244,0.6998256824575252
-3.777445805930844,-3.5451341421708835,0.5323128408270573,1.252252122762115
1.3253534639642888,2.2799252237791445,1.9010977725537903,-1.4193293555312356
0.9244138410410555,-1.2646163057226578,0.5436532280603253,-0.9743571690638041
1.1645079590504148,0.9025584447867399,1.8347836525958707,1.0264086964116481
3.4750088978778955,0.6564330389412997,1.3372995006835482,-0.6517991862213308
0.9311668852402641,-0.9304284034870567,-1.5838193517892327,2.0156783295730545
-3.6391431294475702,-2.5834522864037255,0.5723770049247607,0.34014744325598395
3.085017468626811,-1.6767905282805322,-1.4184623721747502,0.7157119152341629
2.9608641803160265,-3.191952085604375,-2.2764669267075908,-2.500781934473593
0.9756806943374902,0.14019692933881453,1.7983187331877992,-0.9204652671011717
0.9852666366032017,-0.8344474475027712,0.8511591812002978,-0.40883902861971533
1.329799712904617,1.91667383456037,-1.499221769418957,1.1000478257387405
0.6080374760913099,-3.7209076775252226,0.4166690514340186,0.0711133248123138
-1.2558648317441043,0.5069302977014928,1.2897421233310218,-1.702712762550613
1.2644637814828483,2.426246176547047,-0.5245811475194883,-0.4024556778810064
1.2787646027621842,2.2579858720621204,-0.26691737152576056,1.6246793711892777
-1.029580102286355,2.365743505644813,-1.4099616907564783,-1.7186159316234584
-3.5449905719611197,-1.0386795149394945,1.1005113026196103,-1.440287131416666
-1.0642851945936382,1.295766999726029,-1.0927519066586824,1.879594363638588
-3.551370804425033,-0.6766463215718503,1.5250064195717992,-1.3414787878232448
3.0775028510212183,-1.7281436783515465,-2.8822754483162214,-2.6442612386285647
0.9563651817630933,-1.0820693105134864,0.655275334152314,0.352201527373776
-3.343387760753036,0.2911331782982318,-1.0082891749105627,1.847591411376869
3.156477913721655,-1.378318392563295,-1.1247815228735203,1.4496901619560074
3.7597163217137153,3.708527576271141,-0.05907812442796851,-0.7251483616868111
0.8339845251854976,-1.7355229823252363,-2.5585142045101597,0.4601034407586566
3.5697744772633024,2.462539712415829,-0.4092693431848961,-0.35438069663038474
-3.697482638671409,-2.4759904664614187,0.7456434430647316,0.14560237842220142
-1.5825066218316441,-2.8432546702918513,0.6583465716625237,1.5603987810750999
3.460605670459135,1.3434494778117616,2.15806347226394,-1.2840610618818729
0.862879478299659,-1.6036512606004583,-2.5404460193117737,0.5063561124352958
3.2277823537327754,-0.8183802330149303,1.120582921671904,-0.38259427996383183
-3.295029028844623,0.8038801968448694,-1.1882007025099228,0.18256379947672005
3.1545705537554514,-2.3261753172735875,0.5979011141716332,1.4139410538170338
-3.5136663724427266,-1.2982173974316655,1.1525336035072111,0.9856986755835835
3.6534027823442217,2.945258838303542,-0.8669348376009844,-1.0320344981524192
3.542804657199814,1.5746034031460645,-1.7791391339542435,-0.6516895505578605
0.9616053966332577,-1.0847823906455092,0.9956607513810786,2.231175215150787
3.3022154601468285,0.07188167231577383,-1.1854596082346263,0.10075501740144446
0.8560242364713883,-2.214864239146545,-0.0892948917261381,0.5834127698152562
3.6435333495051103,3.0002915832944255,0.1843717141384749,0.6877664470502065
3.4032234698758725,0.6770396443457927,1.5612289021827275,-1.082796141309247
-1.1541462623485796,0.7440938164992819,1.2753199637747743,-0.741690522183792
3.105478357602358,-1.1597485777667227,1.3158493391872972,-1.7399744151393195
3.37331898229759,0.839995924529537,-1.8110368640130334,-2.5900837628572035
3.164977202781775,-1.4616371850644028,1.555716077163913,1.4870813889362728
-3.4111763840826486,0.4040981965635691,-0.9022634393045779,0.45207813568622557
0.7337151747023013,-2.2143882820684877,-1.841685088347337,0.29204622091303434
3.025519388126499,-3.023758994725991,-0.06589237565464637,0.36255909677088327
1.2390790348119165,1.558495758351261,-0.6800045779544637,2.240736615087621
1.3461335438021715,2.3446701964476926,2.4138192858184615,0.24587636096800283
3.7910816926395445,3.5196384759626094,-1.4543573374463012,-1.6255908032211344
0.9585940449440501,-0.8604254982001129,-2.3675771544690485,0.7461112411233757
-3.36074219085007,0.6997360828360772,1.7155072083123841,-2.0981705262526122
3.385743571969654,0.6749450043272189,1.995602513789972,-1.4969499870360612
-1.0654151169262205,0.7134656209461705,0.33560350187366844,0.09196130367568565
0.6342744842450199,-2.863851448525817,0.40091126282171724,-1.6031289038023258
3.24015066912745,-1.0605479695949132,1.202683796635931,-0.012474360714143639
1.3597093675359433,2.4385721204712136,-0.9073034396453531,0.8989503882313719
-0.9456363781383702,2.8411873372273013,-1.6177799573915281,-1.9904797529709553
1.3179161197749452,2.1226928938377827,-0.5361913870596405,2.418330858450868
1.3255384812497366,2.514420158747083,-0.5040386362366021,1.273988513263925
-3.3698322091480457,0.7772991113659904,2.2956381273839446,-1.2814683875595232
1.371697211235042,2.265937784740658,2.2667140826459673,1.925792908556058
-0.966605583174376,2.0675222479204165,-1.5160743035719932,1.09540706336092
-3.293295659535177,0.28198067160729684,-2.62716699511481,-0.8319229355614794
3.3011736915304555,-0.6263624403811195,1.4164787428768923,1.378991656805915
-1.3364671968231288,-0.6832429586790799,1.2487711247056767,-0.023277565072175523
-3.2399350483903118,1.6168392542590444,-0.42213873446976347,1.2754743384032023
0.8502123035232989,-0.7383409290564613,-1.5062012956378361,-0.6865566651113708
3.3990366648485795,0.20696466691390694,1.549128188551637,-0.37496736372537
-3.662305741281525,-2.2802415556290105,0.7718659583758596,0.2168659486809665
3.044549524490673,-1.6074840818732254,-1.4954897571215817,-1.7700502404034406
3.3858145771481887,0.840167163912601,2.16013496667102,-1.4871101118848977
-3.13359663015914,2.830681384113002,0.12418403762947776,0.41702367061434564
3.7506668275211603,3.466699100433123,-0.6206498576724624,-0.41166602139456754
-0.8944101392788419,2.184444621043853,1.630346474111326,1.0074690965005477
-1.5313074024095854,-2.1889959136241393,0.6350445721246125,-0.9601266825184412
3.6720177881739358,2.6371755868149207,-0.33543970852375243,0.5877203288553057
1.1437447894849475,1.29243826741401,-0.9172982328178434,0.42939500390238017
1.249424161320441,1.7445941192090706,-1.2710131867178174,0.20173131404026554
-3.248680773577353,0.8916851228268817,1.926862667258718,0.05835690016598333
-1.5787158819465597,-2.785718963895875,0.14318823361326813,0.7324209771049045
1.501242252275814,3.982371491675671,-0.1540140328770031,-0.6964299290353471
0.9509383107813953,-0.443202449449386,1.6564218804127182,0.5302862068258545
3.628007979358826,2.939799136653111,-0.27724428050207545,-0.2097471926255759
2.954828122316048,-3.633559331746424,-0.4922528420584364,-0.273776096921272
0.5992415326391731,-3.471040673971513,0.06613571051815768,-0.9467088090129978
0.6044152563873748,-3.5951654554520434,0.1407087095287028,0.47832122285614714
-1.174208601600168,0.6135836235228075,1.3538919290105125,-0.7834610051514385
-3.4184558621589174,-0.6890624465646736,0.800413296152231,-0.4769617650333083
3.6046813496372025,2.213687840935297,-0.6425871596806949,0.026508594805178344
3.2722123535219962,0.05174926276289111,-0.8428179141536414,0.5072399428551374
-1.1049082297578785,0.6947406763083133,1.2004032855186229,1.348896330814555
-3.377741627571382,-1.1155146414469923,-2.4282553344680684,-0.858062067639057
3.467646853617915,0.8536471947177857,1.864476964125773,1.0701634933949944
-0.7550867175299744,4.435413702495928,-0.03499552133291173,-0.5879400235724193
3.6662651514919244,2.601496949091197,2.210436672897099,-0.035385491247284497
-3.6174680231277563,-1.9674830342894973,-2.4079634950286035,0.6617922863682316
0.9529596823732066,0.0860812057489108,1.5871791567586864,-1.3986042896301045
-3.401452997817802,0.8941239579746307,-1.2465874146778149,-1.9467910196360518
3.3953872149925557,-0.16368763164109693,1.2478432868374054,0.33860713621126737
-3.68207169262793,-2.6315430913442985,-0.14271385754472488,-1.1677511754551895
0.6327667546708112,-2.851917261614873,-2.3616499153188606,0.4700670074544696
-1.0990073852493316,1.4748404763442688,-1.593723497794905,-0.3650875408141667
-1.0200679521687366,2.595042296124518,-0.8099960847246044,-0.8459489021276879
0.5775334251144849,-3.988183522007583,0.19728154574622833,0.7918470537644186
-3.2646030988684083,1.6348090100548376,-1.4922558531919032,-2.1103290075635335
3.3133194087712146,0.2159415803943284,-1.3426000234499746,-0.2841428912220509
-1.405507381916932,-1.7289755542290297,0.28415678316992943,1.1141778001594929
0.736602407014818,-3.3171702277115283,-1.6006218980378983,-1.6981250366379372
0.9331227480900377,-0.974726487735034,-3.070517420623962,-1.5860485339719608
-1.2460100541414525,0.7214308193745009,-1.0979118623892719,0.18385016762127354
-3.352977248350885,0.20767115876806105,1.603788559694834,0.6824735515336156
3.4164150884667603,0.8041254317575648,-1.3595155085068362,-0.07952359552800536
1.1079681542963598,0.5577412680329162,1.632251157363783,-0.3309128588181395
-3.4278600821232073,-0.23956152180852883,-1.334323743210593,1.0619546736819447
3.299032565280946,0.26244109326217385,2.083069074856234,-1.6909960154093462
-0.9652614230225437,2.0944603540636213,-0.9902453698386845,1.9559028080138208
1.2884185521763274,2.7432060714807482,0.026628991527996408,-0.727516023054103
-0.987020814296326,2.4352273777112488,-0.6858223944703772,-0.016372922778479362
-3.2677915322267976,1.4658542605920941,-1.2366955848043082,-0.06941717060529098
2.825114256014983,-4.323900229818429,0.5346179027179717,1.149816607647789
-1.700313972970128,-3.774051633801415,-0.3331104578823413,-0.04067872477531859
-1.4712516666101063,-2.269237006712868,0.13831390318254103,0.946328737223389
1.0775297600316693,0.6788131888594982,1.5994035693523518,-1.1707204979272245
-1.3460966522726907,-0.7409276625864096,1.328269388567733,1.216091085477532
-3.530352498609756,-2.098437225719225,-0.14337463081086552,0.5118760857913882
-1.095848337914949,0.9200363020926351,1.7123465959396287,0.9635468740246359
-3.5344108515719594,-1.8458522448693278,0.23464092250704086,1.0177368596103338
-3.567664990533698,-1.3292222684832862,1.215718373145632,0.9417323492002286
-0.9978996504578928,2.5330798952181723,-0.3540901480196248,0.4005587303306969
1.316766391907508,2.3556298135305207,-0.8442235294269352,0.8330913675561683
-0.8552235026077938,3.3692303835420443,-0.15497286120494944,1.9616954147405652
-3.652887270291464,-2.0262691118513554,-1.629763088512726,-2.689436114556723
1.111176560498043,0.09826500526401423,1.4082690598668948,1.5999801059232202
-1.3593120269531662,-1.3600930652061667,0.7680288036511577,0.8356730635059133
-3.2840001423825114,0.8767852303108491,-2.025858425887822,-1.022525499996854
-3.714386401605147,-3.1923819679029206,-0.540184902532892,-0.29295882731645384
-1.0453091106001167,1.5067397859526486,1.7229913309057612,-0.05342147570576276
1.1422630147455237,0.1683130985555233,0.9836638538812842,-0.035602622216666276
3.147150394332058,-1.5361050841288735,-1.3088613254066905,2.2483640318905205
3.4737327503244515,1.374662375747626,-1.814009479716146,-2.3693233878984294
-1.3908731309796887,-1.2226434219991784,0.7629153374403485,-0.6092718270284
1.539092384593682,4.327610106368752,-0.1282760942324184,0.22632134116294006
-1.2295909269971017,0.4526392401544329,-1.6362803104407564,0.5270032101739236
-3.567953948866375,-1.8386829440706294,0.5535969855869587,1.4054616659895018
1.3456427276399563,2.5483123622610626,-0.6342410973748966,0.08521074067887537
-1.433680766597374,-2.00856280933429,0.4232915821017545,1.4523653352865258
3.2592603642128495,-0.9088640493285427,-1.037784607124697,-0.43311911477819476
0.6195918050345871,-3.4149924430180922,0.8501368857196968,0.5401629371477302
0.9677484836979475,-0.5463826555721214,1.0517532484329197,-0.31963618457230913
-1.3093079426046952,-0.3505195867470038,1.130596717403133,-1.1381808124271802
3.081114989414864,-2.0469161362829866,1.227559187279082,0.8665100560102409
0.687025696212406,-3.0651727596206206,0.46211664725897283,1.0760224007907984
3.400104382247779,0.5312380625841958,-0.7789874126847445,1.9197280182707956
3.5349389950416343,2.0925511118305855,-1.0545215332033986,-1.312898192176397
3.6507236706091453,2.968750571446381,0.01873368481528929,-0.5573203810123291
-3.309459170599345,1.0642404987218113,-2.2336731067628373,-3.0989020233839053
-3.7060639799946458,-2.9269703617794685,0.6134002221798508,1.4740927572146534
1.0758052306101589,0.31370684855027864,1.7561748391095569,0.8191654966848654
-3.519867884562096,-1.007015459577138,0.7592234639584515,-1.844492295116703
3.5350706776407654,0.871554016659879,-1.4901096096104298,1.4581170570092412
3.1708628585741567,-0.9189796563432341,-1.0606814832894438,0.15349706758387666
3.4753317147368548,1.4484025795314779,-0.4943706924936103,0.16143382326605982
1.0271930107643847,-0.2136828787536348,1.185285933672531,-1.027307864237388
-3.2061504985943867,1.136561592672815,1.7278109048934247,1.0133762120010366
-0.9965680487292943,2.3981471178968716,-0.8064953766725266,0.7660389332846348
0.9153946102061974,-1.3171916127643248,0.6238697670716107,0.2662677936887379
-1.4415911710997502,-3.0019422583112285,0.8647447069030634,-1.518969443951515
-3.297624711647044,0.7028987427805061,-1.2965476801660172,0.13650495187208886
3.463015107401086,1.2524534496110074,-1.1167029842652978,-0.7342503596526256
-3.257883746170192,1.51757279631122,2.393998793226125,-1.0149929594740577
2.932865363066182,-3.6915144389398002,0.021883009765746395,0.5548157708589029
-3.3417517227081666,0.7185376081445325,-0.7937180594842698,1.7901244112515717
-3.439371452212273,0.23236188568490238,-1.1280254220303496,-0.07319831101025906
0.8628729309579958,-1.8113237495476637,0.8122963406650205,0.7116767798462159
-1.0240906401735634,1.962921082799455,-0.5943489995642174,2.3031196355601122
-3.7216404074422975,-2.8189925579639867,-0.16782163201987194,-1.2396353870564842
3.646891993456706,2.63155145621843,-0.01749181308649463,0.9686962156953633
-3.420592084743187,-0.16550201505548143,-1.5751721362621969,0.6771266930365838
-3.564080007581884,-1.7707431421012756,-3.2236426460326038,-0.4925101717777416
-3.646658203096437,-2.402765489471802,-3.0351669132571706,-0.27960333666949067
3.4706947962708776,1.446609914622173,-0.4255441405051469,0.13392702675973403
-3.080297686685097,2.6208649187997923,-0.44264643131437753,0.37677008086679514
-1.0590046663449926,1.6038776199549376,-1.435146608558191,0.8810613088276572
0.9203597093907657,-1.2360316861128045,0.7077756673447997,0.28564029447478756
2.957897227859059,-2.7226769719237844,-2.648915859389185,-1.3029877106902212
-3.454509132278153,0.5644742069887915,-0.49579245138122646,-0.7811880517112647
1.0602336979119407,0.7814550884185032,-0.7344439195574863,0.6499718335788041
3.504888782811587,1.935792035068602,-0.5533205656645541,-0.5180433583603437
1.12025537431204,0.997475205483368,1.6414197813642704,-1.0553774612719293
-3.449554603610798,-0.47455378159776496,-1.5470714048914829,2.010113729722624
-1.2999934844123189,-0.4313202909620406,-1.8253469786456422,1.6932010950586769
3.0860258668044565,-2.1015958250536575,0.6981722683706526,0.0008618059863524423
0.9751787962173913,-0.5793806277667504,1.2239417137363873,0.10273301824052389
1.1699293885942994,1.3574605762668832,2.2807078268804695,-0.10217276499327382
-1.1016052514686585,1.5085032451735794,1.5113396525636071,-2.163568876521436
0.8142015873265891,-1.4856738519160517,1.0151206920093712,-1.4836581697399522
-3.680397872736965,-2.852289351440108,0.3735000572997569,1.0900841415606985
1.1130022068913472,0.8485842519299536,1.4605555995687276,-2.3451764054293327
1.2312146847738468,1.3482046373671825,2.0563103273865693,0.349675009046434
1.1281395251030406,0.5173237334945915,1.1931112379567492,0.0627002398362157
1.041670467348769,0.48856909430771034,-1.0034073629052187,-0.6622657677154464
3.4226205494378186,1.2246034764365004,2.460778045149578,-0.9389038315273667
-1.5992259687960786,-2.615562094416782,0.5781807582693379,-1.1134890869880225
1.2228325072983932,1.2207622678345222,1.7212612498046862,-0.09451547393804276
-3.4780213308505314,-0.919653140074298,-2.515167768667941,-0.8241522009767079
3.1759704469820473,-1.3186315913746198,0.3890972064531943,-1.3638576564466933
-3.238650984737949,1.5398441687384061,-2.1701910794800217,-2.9319204906527507
1.4511776376764751,3.26078204443676,-0.2888754815718529,0.7492714913526399
3.4619429435185567,0.6798929139129934,1.4353071738902532,-0.6355814597529547
-3.316979973460795,-0.3798932091917223,0.9520297709401637,2.3909256426329306
1.415572615013818,3.0111822232800085,-0.2346557185255191,1.918707304262065
0.6524533387819214,-3.2448897444875935,0.4377912084871941,1.0122749295121563
-3.6358377612727732,-2.3475549923680044,0.6712805556705315,0.3995080918675486
-1.231755557341391,0.896623684615137,2.1819767174727867,-0.3274258373471379
1.2872747851827302,1.2880072922773589,-2.7708967289628594,-0.751555880797483
3.039457281651928,-3.076634147869742,-0.16741420463239867,0.33417517381362727
3.640770949603711,2.0607509188293336,1.7449865356665952,-0.5661704435682878
1.2939783798345326,2.312434150279561,2.319204283796097,-1.0165062911131204
1.0923351079106476,-0.011493258051445177,0.8707039552247902,0.7156044462831305
-1.015115963621956,2.6813441287682274,-0.7031500966347124,-0.8078856833205889
-3.333804796748692,0.3602788976183853,-1.4305476682893625,0.8453435060473254
0.7085446109480009,-2.226770817398277,1.1891506098902154,-1.3146269710690557
3.8390612581533983,4.063140107414688,-0.3569826612457944,-1.0156057967794678
-3.227074076881272,1.7392034727567975,-0.24240338451277232,0.465054078325264
3.695914822720919,2.7271982170640743,2.2271871790564766,0.015789575972039362
3.280203937292234,-0.5382811370507381,-2.311373228926406,-0.5691505635373684
-3.3119793669390454,1.1452860347331064,2.1810046064952595,-0.29601388372266924
0.8357804303506772,-1.6783619951681994,0.7183951026521721,0.0873705711233195
-1.1190466636033312,0.8717105047896248,1.2931587208047064,-0.6968948798508223
3.5562842998694606,2.047290817557893,-0.09529915517892906,0.7591628271829549
3.75977450784265,3.6763677499341556,-0.15895163554265232,-0.7429525656570999
0.9498010111665168,-0.3344136207747723,-0.9314828854999962,1.5570811604212644
0.542475651072058,-5.2010919961033,0.6094152786892728,-2.2529565705486716
1.2857022523226893,2.0582739015698754,-1.1340222020995974,0.3205889830645139
2.933611911877798,-2.7018961685120115,1.3929839828019936,-0.2189488714716617
-1.0938976339774449,1.0794908179705325,-0.8709667164370711,2.21476207200341
0.8413614170618336,-0.3984754622015211,-1.1707483599230548,-1.868959775882873
3.104652765762275,-2.1273845651078593,0.029664887010804507,-0.8096306934862898
-1.4995525421641913,-1.7961554467464271,-3.2156385125112323,-1.9453547340073574
-3.396384117896984,0.5586838551139147,-0.8340264659023523,0.4500398924936716
-3.533575596476035,-1.2100461636545365,1.4824191609975206,1.4013842113200312
-1.3798958913157997,-0.6217649112850159,1.595628509424396,0.4186066145328282
-3.311382629537731,0.5478940806890119,-1.7518887183062335,0.49067101057764784
-1.2118920548514949,0.9357582664611377,2.118790873080123,-0.28893911244691
0.7016213321252665,-2.668561669295331,0.5185168714629276,-0.2445982767552092
3.582635103321998,2.173874248341685,2.587728433927314,-0.5971719088352554
0.9492269115547782,-0.5123916541433238,1.646704126033414,0.5171814478061935
2.9681062610984505,-3.035848033446477,0.43143265350033905,-0.28644139539503966
2.9568917060217075,-3.443823437027293,0.1291121411113126,0.6157027655530904
-1.3895847266904597,-0.6478561043328306,1.7551426160371377,-0.439228638083787
-1.1051274463231608,1.7065293555490515,1.882670856242994,-1.6788947323280035
-1.1734441705246392,0.5760841035980264,1.3403039534167869,0.4604889208423949
0.9641549136744315,-0.7146841441303515,1.6185221564068222,1.6956774602572269
2.985502826783219,-3.2891683998328083,0.15007200379691907,0.6695345583503833
3.3892114239508406,-0.49242976938529054,1.0230787847894764,1.265823487534112
1.5051908703405328,3.8597822992404884,-0.4206790983872435,-1.139683739397281
3.7095546892418882,2.991688339706986,-0.21995749107245743,0.6897252378418256
-1.3998360360825928,-1.6293517532694548,0.36564782382255334,1.130045646250732
-3.055114650108414,2.495227247260977,-1.1452538344005747,0.35946170810364325
-3.452253888412206,-0.49388003376064066,-1.1137809575623756,1.5856084177168186
3.5037034458534118,0.8539802585685151,-0.7404429641142701,3.5128693786176757
-1.2337021421706236,0.14087130911608498,1.1960748356051034,-0.9627926962680816
-1.0203100231814193,2.0954725352177794,-0.9136434675693843,0.6685948645342867
0.6551712914716502,-3.1596888903930473,0.9710565452728416,1.8929282265198166
-3.836471649420185,-3.4834044836945957,0.5166424133186986,-0.22367791412756075
-1.1939234166962904,0.5570067387630129,-1.7165063859315521,0.549022216109175
3.396661721233605,0.2386938289411386,1.376886718294693,-0.7959956169763913
2.729358232102499,-5.419262226193629,-1.8432340624266998,-2.399544362199961
0.7844957278245976,-2.4645825057449704,0.3102448202414764,0.09365601904278302
-3.6833331097433883,-2.7091054488344453,0.6417541645977715,1.553544364222147
-1.041029601935307,0.7145783079052279,1.1312858145336373,2.840669416681253
3.205480821617171,-1.563528382025247,-2.060252400659271,-1.9137022004730104
2.9903684614353234,-2.6338765880519017,-2.0452705978829684,1.02116143856721
-0.9733623967107661,1.6132465071424524,1.4857625838371364,0.8259753495310462
-1.381184705425498,-1.515237406381587,0.31220611321833025,1.1905111994387974
-3.582859099509203,-1.7789455787288337,-2.9054291111432726,-0.11579749316171983
0.6390081084964627,-2.508501065187971,1.5449618920238437,-1.057552192413871
1.192337013784772,0.5779575276212008,0.9496250333477924,0.9270781460084668
-3.110170204642044,2.4397330535674224,-0.14911850237085264,0.7214276496994338
-0.9289340936583683,2.80714251635103,-1.9678062238934884,-2.4173147766543117
3.1827782550635906,-1.4932535642228122,0.9819205900395164,0.6851706913550193
-1.579186162881438,-2.8982729977014494,0.4897912374596044,0.3041843576018769
-1.0561576257868661,1.4978899239054908,1.7904117935235835,-0.0808735748218062
3.203396176309336,-0.6041523109800526,-1.5464584740811849,-0.5886489550506397
-3.639143219944602,-2.0022103780412777,1.0585094862441273,0.7265694124737102
1.0608182446148304,-0.35669167353245107,0.751144468998048,0.6163882146970439
1.1210779698275302,0.9435448009438553,1.3839485113157552,-1.4830680922398893
-1.0203749591658278,1.9030100147876652,-1.1238385598820242,1.4280700014624315
0.82378213414288,-1.5488986298117386,1.2564218022494784,0.9845770530081682
0.9493921622759846,-1.1418988220311928,0.3753351864430488,-0.1061856277793416
-1.3066980485964745,-0.19146550957522943,1.1309431237435814,-0.278777846872699
-3.4571628961421257,0.38399113161067,0.5787295899292337,-1.073290858518116
3.1747641527468016,-2.192553374747834,0.3854249123185639,0.24170297607786956
0.7643153992750413,-2.4449907344668103,0.9788506675860852,0.8902270308366077
3.79935282994012,4.132088157316244,0.31585013033732007,-0.1892052136420892
3.13485160282327,-1.8514059326336973,-2.286342618726451,0.8851983053886364
2.952986971523265,-3.2534558754500513,0.9954211702275139,1.9136836959422507
-3.5860342773678475,-1.8823477355986236,-0.04378435803899731,-0.901076430931089
3.186459263222669,-1.831645123551579,0.6622243944230782,1.5826644542833805
3.0848502658099926,-2.5347649257330818,0.5673514989650305,1.3502374573360676
-1.0294953296816955,1.8035684532037342,-1.2058098861119064,1.4163281097651548
1.3213746039898007,3.0027113375189054,-0.3051831275536501,-0.25060262014239215
0.8106423897268793,-0.949511067530349,-1.5345694918013795,-0.7634484597957759
-3.224460537557794,1.6348340316612668,-0.5753405717036045,0.04547526083543908
3.637546436397998,2.884657954945039,-0.6034809147852078,-0.6138820039828102
-0.9429105403288576,2.702226386354105,-1.9825555965514297,-2.443993981214649
0.601977725122938,-3.722526466238741,-0.10631140156191042,-0.7791764893565379
-1.2908092324987304,-0.6000999308771351,0.9331015639853756,0.8753909919736
-1.1898341950308144,0.34334615907292604,0.9727452628062357,-1.296463462006394
3.0552502122505034,-2.385853384848026,0.5919724429584388,-0.0775773778414242
1.319126011882335,2.691976063458822,-1.0108672775855079,-1.1584479703563355
-1.3633207837701187,-0.47475475626655406,1.778443852597191,-0.38056011767877623
-0.7639901576346918,3.6279399061129287,1.7942624469539354,-1.4062544578675886
-0.8641236379723726,3.6300560883727426,-0.48808164255070363,-1.2909427619276066
3.000565761372177,-3.2141139824746845,0.15950799210782152,0.7054118449662107
-3.7114197499613124,-2.9933667615978927,0.1512079939530475,0.5786788179160087
-1.3319961662378401,-0.35963936077343356,1.1086361632596244,-0.3397043946674237
-3.374737843263589,-0.30208465384880256,-1.9156818878841797,1.7059838234727605
3.4955417795368495,1.4530776665680971,-0.6561268005574221,1.0125865751762784
0.779475209059383,-1.9951752060948817,-2.5190797793911144,0.3419602895193935
-3.4884734950763843,-1.1259605373354022,0.6531973389746849,0.19439584111069835
-3.288349611977357,1.612013064589706,-0.7902033710055906,-2.076577103286411
0.8863371910695196,-0.8808567628726807,-1.6003740080463913,0.5362262615614403
-1.4787403552526304,-1.7139552413746093,0.8798607512209652,0.48207718944682326
1.507875481196163,3.6940979640312546,-0.1625487534416088,0.879494703196353
-3.3938274982151984,-0.4529655042544547,1.3336030638512084,1.2646197587288466
3.6160433896628845,1.8459220804001983,2.1598981234751324,0.574095422391069
1.3855924838002116,3.2262363418807105,-0.16747772368825026,0.29321879263268746
3.3945349372047944,0.9242654348886067,2.4217670362614383,-1.0473771285151416
1.089025663702814,0.3260842347219799,1.6025412614135428,-0.41757787712075356
-3.6385231787414773,-1.60622131812241,1.682146304710411,0.412227565573512
-3.2643766765051443,1.1374660309029387,-1.6721685274438531,-0.5473360445356169
0.8158749298728243,-1.8355660125172564,-2.496947266351756,0.3955774204019312
3.277535406488923,0.10355898655800226,-0.6725443793008817,-0.3255882370349094
1.3670936590069844,2.6103394145304724,-1.0607662787669283,0.5192264388544418
0.8737598813294625,-1.7951194484531208,-3.502682525966392,-0.7946686298365209
-3.3844984501438193,-0.2800834571747644,-2.0890901182623476,1.2762848758645486
1.0740022518001144,0.09475175511500013,0.9756599325607683,-1.3262482848491015
1.0565023606732016,0.7122475553873401,2.194094161286383,-0.3333009239406586
-1.5035971337568879,-1.7109118670482986,1.4500949550270303,1.2691395847277358
1.1854209038917853,1.475664164270217,2.22704399637674,-0.03315723913456248
-1.0773734415974812,2.371803734731774,-0.22270435206761724,-0.06802203269431234
-3.0886466361613745,2.5422446063237643,-0.38597083519605446,0.35029572743164744
3.1339441305755202,-2.2625999611428096,0.5572313243564245,1.4881400439945394
3.4463307120185824,0.9114617078012591,-0.6608289269207026,2.043011512827606
-3.1820471534451853,1.3568601763190353,-1.1201409856509765,1.6139659651741953
-1.2861159166977647,0.027292579794622667,1.5946481788934632,-0.6104087935866811
-1.1471357658491261,0.8854614653847601,1.796252222703915,0.9597331058450993
1.0793491451223203,1.0411493527351285,-0.4293721736499671,1.1867034133376289
0.8094115122923377,-2.191529262184105,0.7625818640709081,0.5674252292580707
1.1040693534261978,0.9193452920758312,-1.5573267099717594,-0.5334713284916155
0.6513353382868917,-3.4835233843948625,0.08779494394597362,0.5449421146825181
-1.368261827355495,-0.4805964138595716,1.8641450476175603,0.8839510539701761
-1.0678383257771624,0.9991175853693425,-1.458287624697885,2.6392618204330938
0.6367965485834336,-2.5240881492429206,1.1076973597719049,-0.6535477561426207
-1.71516380653252,-3.5737681374102372,0.56051245667548,1.2932924509260268
-3.5769035195849193,-1.8054648539683855,0.21694965689454868,-0.4637648466708579
2.822553404957799,-4.554656430824514,-0.8857123031082115,-1.05042672287614
-3.574311367589678,-2.018671006179895,0.6464108089004297,0.543221943226565
3.417764546891816,0.041954759568747814,-1.5128944165848537,2.4217140457211523
-1.1496952722650713,1.2459527612614332,1.387444660580713,-1.4340774253955515
3.0382620570537875,-2.766949129476925,0.537528719342681,1.2470128128800881
-3.810613467451728,-3.644672045032977,0.4999338781425427,-0.06660662553440881
-3.5412641311313497,-1.2661124396288943,1.4753449943995987,1.3770795232187845
0.8875430050668165,-2.36863962358593,-1.4744358076373145,-1.3539799660938898
3.0127709743688955,-2.9143829616984975,-3.6146323240764517,-1.144654547527935
3.3763796958780077,0.3100894570338462,-2.265897871725812,-1.4889790519392303
0.8624224386810966,-1.8273909306574707,0.8103520432931199,0.7047676811993067
-1.2363080680439618,0.2167535007109524,1.3011402069726714,-0.927285232825309
-3.3475764254458666,0.19831155337072012,-2.3201442006711255,-0.48286290514499997
0.878464132091017,-1.906234482848098,0.135169964363743,-0.12608852618882413
-3.294445233806477,0.5590621614774777,-1.750042733240409,0.4995938150370853
0.9654017045963341,-0.1290103869843267,-0.9232211013267725,0.3481084158848525
-3.268159394107345,0.7860760110720235,1.4303979083085474,0.47451715223837626
-3.7256563535075258,-3.450000354922246,-2.7387617563867357,-1.6913179711735946
-1.5487307439258755,-2.053444239676667,-1.8562285484901826,0.2867846225079717
0.6850249530662758,-3.1792681256470177,0.12791542189979171,0.650669169617126
0.8643397337251353,-1.677025700383471,0.3041421378839811,-0.30023526394352745
-1.2121868612008233,0.9957454841316891,2.1951405388431677,-0.2888581028286541
-1.2489333995716763,0.13722507361967046,1.2906697223231427,-0.9574642472975682
0.4780827952637522,-4.726331001830636,-0.6732636252189045,-0.7337337013969872
1.110596034545359,0.9287061688517809,1.6322561972884284,-1.079356950712214
3.63036131306049,2.9514171474727013,-0.2757945040390765,-0.20404699619555092
1.076054711702093,0.25394854605311357,-1.9715051234468561,0.09922049888607277
1.3255272170945989,2.8272561037701234,-0.4712721885462417,-0.258172135952702
0.7547941299564709,-1.710304769285841,-1.8866527264133186,-0.19890756820579358
0.7523285564233178,-1.8523888818343301,1.3821337419927164,-1.2301836061973477
3.0653739141600638,-2.345061691922083,0.3468455934787149,-0.47128780216765587
1.4225795996526667,3.494908079283521,-0.21912236649183983,-0.8707757835526784
-1.285528168129964,-0.4890482488326918,-2.1783099825100716,1.2560871521857178
3.207615028281434,-0.6138244804440616,1.3895743153471625,-1.5460336706725588
3.165927547094386,-1.6557837234764996,0.6892317747323753,0.18226863763756254
3.7032405987537813,3.112724855225238,-1.1900457407511906,-1.38642438128885
-3.6399223378279375,-2.8404211859761803,-2.6582616043733553,-1.4697666546707562
3.2509846666841646,-0.8153680012313416,-1.484873868696726,2.0639060867672914
0.8146808507889356,-1.8099805180900779,1.1541213818990117,0.9155533198690736
-1.418037878333336,-1.0745256210263066,1.121885397421179,-0.14163503849421255
1.0573458262063633,0.517657523733493,1.7539591629254818,-0.7921124322260698
-0.7105891289063323,4.603204838264243,-0.011605568165359613,-0.5292626401407416
3.3008611823697183,-0.29655318824484156,1.556267940084333,-0.5863789844899253
3.365108203284442,0.344000705453603,-0.8924320338155054,0.604767254433315
-1.2457200891427584,0.025940715173641694,1.0174682824053984,-0.15160027358469075
-0.8819903594208237,3.489746281434825,-0.4198126881819261,-0.07562842567408584
-1.2149890926961975,0.03344622541735059,1.0245486814601836,-0.14588797754394162
-0.8997553426711848,2.8739223541141112,-0.6349807348004827,1.3936692033758598
-3.702177125617408,-2.069474216457134,1.0987046932170854,-0.6075043958377119
-3.2951524654548465,0.5802117584396146,1.5661271289179988,-0.443221768962647
-1.1394393542671999,0.9171282427194777,1.6443856103705805,-0.2654715044985956
-0.8432601142861126,3.483596464580771,-0.22733789988522396,0.7437921586487661
-1.4026709428304653,-1.6436526249655314,0.8174663314007812,1.9945928402352038
-1.1290397770852283,0.9362829788357646,1.3964731420095284,-0.6658918412193007
1.3986760143334611,3.242380243571638,-0.6871336516328763,-0.552425107013394
-3.5820683777505082,-1.579833031732342,0.9115955545125932,0.4134829059890331
0.9766577869598055,-1.3693237998693906,0.20714668099740172,0.06978382289191254
1.1518449698949165,1.2973713639565396,2.000476422796142,-0.564288837724739
3.293310430424691,-0.8823896953129817,0.630410844322827,-0.7723483864215288
3.129721800685595,-1.994373901007973,0.4829229731145214,-1.173043727272901
-3.160455993620202,1.8626256754489274,1.8711653847262342,-1.6786368961313864
-3.4981037006702485,-0.19649950161413643,1.8472648152944888,-2.0146993239177053
1.4388519516702365,3.719600930884597,-0.2098096905474452,0.011540860661025967
2.791493350085539,-4.681176510043659,-0.10901964796794646,0.19635500921424243
-1.1953401116218965,0.4618597010514442,-1.980469334055,0.12140113214257937
0.9088051081413376,-1.3595927789076638,0.5307819520116894,-1.006220628836362
-1.3219226509332047,-0.9883092216625153,1.2234290115551902,2.6147730299239047
3.4437667175107944,0.5679671958839532,1.4204532411658604,-0.6768548492150178
-1.2493631218881265,-0.208054956201459,0.6464175243578505,-0.652850254128543
3.345358901414592,-0.35644817883844354,1.1324158873684116,1.0954484372957811
-3.0812617157926794,2.8364573025930366,-0.8109749616118603,-0.8165446145476617
0.847849316933683,-0.12273907040257119,-0.7207940025446773,-1.3721527964419957
0.9689447200511544,-0.0003032341574116536,1.3305288814768597,-1.6514249944993296
3.1607897518053822,-1.6872510117440453,0.6850442471622388,0.1707881472290956
1.339437627270969,2.2296963787734296,-0.7934806107815968,2.016063509965315
-0.9768362393194837,1.8295561661243134,-1.0215111772641072,2.071988931736845
-1.0960589173403728,1.6479607465391346,2.213907909318906,-0.03355235213425237
1.3750249713356606,2.6431775565789004,-0.6291124199747672,1.3682211406769647
0.6909579683419019,-2.8174792714210763,0.42449676606998704,-0.2719370678306487
-3.6265583663126044,-2.142255557099928,0.2684454986659795,-0.582888248457557
-3.3768745748395164,0.19114243125717384,-1.7042361830111834,0.3711225707271606
-1.0127799875666121,2.2789897272418584,-0.8222440873237874,0.7232254291023894
-3.347509241824957,0.6224826198170654,-1.4901018005411353,-0.3244538812626017
-2.917458254632105,4.007221496574267,-0.5123533688626076,-0.44350532415484284
3.06830723666612,-2.8565835955273156,-0.13847432715382482,0.41433472679733063
1.142447866603917,0.20673516086952257,0.989597662737714,-0.035388930373016894
1.3598639240889576,2.040794552552904,-2.004949400094295,0.29880942970968954
1.2638337879504455,1.8334323556832766,-0.9873466382535855,0.6740008421820735
-3.5009220596841972,-0.9513843295756635,0.5824562116976438,-1.003650557896206
3.0131209772292307,-1.6783017175481196,1.5060267282121567,-2.7769541426631523
-3.5054492809066744,-1.2691629736481842,0.8104518072307655,0.5759225323981808
1.2432689230292164,1.7676266175926807,-0.9209822941814574,0.6140741104910159
-1.0504599958355891,1.4161563437485614,1.4607986802641593,-0.4963952237874064
0.6779004021810844,-2.6945056355036368,-3.0275173642199897,-1.758100548400551
1.2383547320554278,2.2538138989210075,-0.5476472766703617,-0.4626446850442983
-3.453117814126517,-0.5763931927064699,1.154130542511846,-0.016734324309680793
-3.4050570383092795,0.8292512814901133,-1.6021787964314291,-2.376284280824317
-3.1847232531485075,2.3998427534382407,-0.33984593047286693,-1.376669933527421
-0.9575240788699937,2.789443170811377,-1.3533806514323181,-1.5646876830169836
-3.311080593130119,0.53438472401396,1.6295053010435876,-0.494358047201361
-1.258190089136932,-0.7257466407595993,0.8524017368882134,1.066134117030567
-3.7754608079966183,-3.361456649866276,0.8756353963814648,1.6977165245548502
1.0678903108350735,0.20448654526993437,1.2200686226704416,-0.07539557855545198
-1.7139538729355224,-3.3616819471101094,-2.026303404430045,-2.26979228660505
1.2641366662802174,1.085173568434233,-1.6610302432287718,2.324659649217496
1.1631974244240424,1.3158293498931783,-0.7105223917426279,0.9007711842062125
0.951873754145043,-0.9074237295312703,1.1868173810416476,-0.01902106983503101
-3.5290106256593083,-1.1014680308079372,0.5620074020931536,-1.0547579188731533
0.7172989808104477,-3.4826944097147927,-1.6221214318060884,-1.7602573510656967
3.2775294664446615,-0.8264081742912915,-2.055688674439916,1.2698265915995925
-0.9614803670484413,2.137725250258082,1.8753829183854993,0.14871365386964366
3.348902136836253,0.03018062555842467,1.8707326928751042,-0.01995721885403466
0.5363828839389474,-4.1389723550897415,0.2720027035188985,0.7459221733066467
0.7022036366997324,-2.7960854744312167,-0.09481847374394797,-1.1129247431964753
-1.4191222665072767,-1.5008483506573163,0.2912033487936237,-0.29690134641651195
2.9161808837566854,-3.351098432327507,0.3893418995995113,-0.40003353155232946
-0.9745126557603215,2.129081516223883,-0.9780351030091807,0.7181956562468432
-3.327295514092307,0.6904714715689877,-1.7308056592908059,-0.7146422417163794
-3.449327201822631,-0.7240720287346417,1.025584356071597,0.7200938500797172
1.1012758429750042,0.19229311338176597,1.4883321817289015,1.61320711873335
3.1392457037022115,-2.306150276629952,0.2805842553047821,1.0277593308239312
0.9701596994349587,-0.5086295404349115,1.3283853241707424,0.13465350378891267
3.425947279999755,0.37664466203407965,1.2998231321846805,-0.7529615401441282
3.425226163369357,0.37161134440488786,1.2991446122055965,-0.7546293051794265
0.8974764789609448,-1.2606071162881618,1.1399230492578887,-0.14717060512040592
3.054377759015011,-2.542270019478855,0.838162392075513,1.7699156610811315
-3.541784586572495,-1.1343794112216676,-1.1112443846750935,2.6143722598140147
-3.6597246937763726,-2.5974764265240164,0.5699996092604043,0.3300921150779736
-3.6259407158254287,-2.592968476442293,0.06194807690513977,0.7710029124217005
-3.3397450476435204,0.2737994272347265,1.1588484514127322,-0.16175108545959163
-3.594375572953138,-1.946042178919265,0.5452187180418944,-0.10180716797217418
-1.41349800867588,-1.7040886438108274,0.7221243361426846,0.7129426681133496
1.3633379764093057,3.097705077722494,-0.18446800715340764,0.24414791074071035
-1.3672375276748616,-0.8237873032960228,1.4803795657403476,0.3343586503097559
-3.4670634003217486,-0.885407201541539,0.8693861541785505,-0.5433731825014987
1.1944456577977363,2.1869758664100982,-0.2116265121997817,-0.07207205924944142
-3.2584835234774605,1.7779909982508528,-0.33456393080678404,-0.33654129711210345
3.1476983646374936,-1.8214251345636427,0.7561487193644713,-0.7012884619842796
-3.634647138425934,-1.8871061868243908,1.1422500631952657,0.7434903822528552
0.9454760089877521,-0.9649098789942555,1.179311718588145,-0.03993404424661176
-1.3606862822826467,-0.8119886321130559,1.231462950690186,-0.0700583445355559
2.8140181884042423,-4.491435379350239,0.166675352799125,0.6724650073706765
-1.5558819173511584,-2.378262904562918,1.0376750166857949,2.112998613408455
-1.0121850283778295,2.4646397101928814,2.5543270490000354,-0.6312636794534542
0.9935882024848796,-0.14200715010249537,1.8593465416594575,-0.20705723543875953
-3.4531439674816875,-1.125477034733394,0.3083295592850254,-0.21879696911655858
-3.461010636119883,-0.7144196967938459,0.709258635469112,-0.9031272894844333
-3.6359063052644194,-2.2113792224097977,0.347963785879785,-1.432467521087193
3.3675300049389976,0.3245803437902414,1.9566044980988375,0.029289561379459653
3.409154688605762,0.15064768359191325,1.4319927013798963,0.39909969929201644
3.130493691436748,-1.6130899182367588,-1.590473712178889,1.7720048003749282
-1.213426752198298,-0.11042652585589267,0.6604382752994078,-0.6176009635381761
-1.34320020872771,-0.7639446515832381,1.0537316608286187,0.7673199438494763
1.304297602182926,1.751161800343557,1.4257940308342056,0.48022712436270554
-1.018162353255904,2.0500413219097697,1.583555958874959,-1.9708955368937977
0.8402686906561629,-2.1644954850666203,-0.3343838172448984,0.1915511590368612
-3.278715228359088,0.13448457872610647,-2.650732969838208,0.5764259638351898
-2.788105329069981,4.733092267915652,0.1483616954062753,-0.10312069196051686
1.026838831137925,-0.023802384394277874,1.4401048864281059,0.2514251797805035
-3.6979288689898344,-3.1470705398390906,-2.698994119962183,-1.587430641854571
3.437643803325647,1.013901359037765,-0.810318216143955,0.853385433047858
1.503078007285864,4.191048762420788,0.3748639080598702,1.0320574491960732
3.6320012887829103,1.8363450207063228,-1.2022935676740085,1.5800852830312657
0.9611130581156636,-0.4998850178270066,1.4924765117962477,-0.712844439912792
1.002551741451938,-1.2867691576942468,-0.21658277035089415,0.511172199182393
3.7059776323752818,3.0021011727226736,0.03196234131435475,1.1012642070164824
-1.245785831048559,-0.3774138132156222,-2.732949594108873,0.5044150073126247
-0.9881381281508831,2.2895224735359743,-0.9635103481083125,0.776569551724813
-3.4281097569923533,0.7986907278738768,-0.4655933186561508,-0.691098942227635
-1.0029185310450643,1.7986788130358622,1.6462797721188986,0.845764836484716
1.3275118374551973,0.8894164874664533,1.1706039097834322,0.22426594382073098
0.9799915357573954,-0.7522834562439756,0.9566724201872877,-0.3685417519792258
-3.287236252037795,0.9694762520803734,-1.6947368823654618,-0.6032108123931454
3.571598483024458,2.4541989565086184,-0.13854832314556162,0.08460941903927413
-3.7502568504308886,-3.1771130248306867,0.5798189069813058,1.3843781221749993
-3.6549268843727734,-2.6830182188929275,0.048968982846090275,0.7416136419279447
3.537059781267035,1.5997757782631556,-1.2540106275330576,0.20970572427016868
1.3727931445765928,3.171160499060428,-0.6017592223480474,-0.5687174294326067
0.9226352243584708,-0.956553307547001,1.5862677683613404,1.6070192363807096
-3.4786567540851485,-0.751176973591032,-2.7652926559072286,-1.2112534897380651
-1.0807365251394174,1.8679604607336793,2.475044052525833,-0.8327381920183947
-1.3328029505420769,-1.1031244787165837,-3.174730353629006,-0.17267135516121707
-1.3942506136424349,-1.173697712304247,1.2025925024947628,1.0841656883318829
-3.1444560692160843,1.597851595986143,-1.5163091079077085,0.8770843080687541
-1.1888001938739121,0.5072416919889834,1.3398933740160737,-0.8224372169982148
-1.1934665368179584,-0.03599573379985859,0.48639162095836047,0.22615464388348414
-1.002954890213383,2.1775080551742656,1.6003061359954818,-1.9252176432531154
0.6995448581624018,-2.545465083094524,0.6028756222994239,-0.22412344265282488
1.010951450089664,-0.14616217119306477,-0.22079507330960013,-3.771041561656551
-3.298796987486416,1.705939948796438,-0.18157891617599317,-1.2202476054166336
-1.0869935173544356,1.7217934294422483,2.2228271325534994,0.0026719972056958646
-1.5413465351048785,-2.3842535652297303,0.9505265635525871,0.8496725028729885
-3.5709119674056184,-1.3920008585977948,0.27272315111617895,-1.5672662482783855
1.0957610999156597,0.08560214827213657,0.9519928046952432,0.7277788182875348
1.2083453628356688,1.2178922807186754,1.7893497233331268,-0.12104655164167202
-1.0059977511034917,0.8810891398273499,0.3800882614988712,1.6498041357239843
-1.3342292668981193,-0.8685311081953053,0.9002105109944526,-0.46445203063123464
3.3984266601221744,-0.004127594551463259,1.2277256061120754,1.1599081359599792
-1.3596628935041097,-0.011137081989926356,1.9743361195647757,-1.9108193580181725
-3.5630438165397598,-1.4139569102654306,0.27043910060439197,-1.5760835753867442
-0.8785395558914985,2.995788628957507,-0.9566613888595205,-0.23025688346877488
3.1639975363078117,-1.5857330567784784,0.9700240754923191,0.6441397785017903
0.7619606380296674,-2.0899086798185267,-3.2187760836134935,-1.9879959824265305
3.6490941931846397,2.092666555143599,-1.094232867218477,1.642897273421685
-1.1350042072144626,1.454461471612747,1.7342031444754082,-0.975864600877035
1.1698483225982483,1.8701116513488,-0.4356350953989185,-1.4522854815962893
-0.7324433850125918,4.54324399943038,0.31782833032577135,1.1166127179758647
-1.2159954654351786,0.18248682170478608,-1.6749396979664157,1.8871891340061084
-3.2397122589421508,2.0891978512232674,-0.043722220724798304,0.18191370504720014
3.577259737754351,2.5599090323888976,-0.2123114698863808,-1.136426896307073
-1.2558393497452636,0.13351110587600767,1.1743501478365188,-0.16353366980313194
-0.9058268139805574,-1.7428797202118254,-1.1424681628321316,-0.24479683033322727
-1.2478825554372743,0.5561734449151117,1.635757348245688,-2.101946385337596
-1.3349819362998618,-0.7360484409089055,1.173295294655397,-0.019722648695233897
3.655524964821793,2.822671850879461,-0.9571317881711842,-1.0484825283254307
-3.135906340047214,2.8262268189867568,0.03596701761239395,-0.8405983200778415
-3.1000388262578005,2.3842644118710554,2.2594274682337727,-1.1074502017593637
-3.7800756661873187,-3.5136008072752354,0.33362852237960944,0.7961270909785045
-3.615483429721585,-2.3675611693684213,0.35000255611516073,0.007831774887107491
-0.8800763110324996,3.8178192633543677,0.45189110546607003,-0.017298489603935898
-1.0863722078050908,1.6538904341927758,1.7812778710113604,-1.70545886872098
-3.3640597133760224,0.38708884878378663,-0.9241010972591173,0.4171143467394608
-1.215347012520325,0.2922030606843036,1.127108589053159,-0.08116724104206428
1.0167770662260558,-0.43470462310780755,1.0858618074528577,1.0016669909286748
-1.1872041842906795,1.1507572543802207,2.215428715455561,-0.22833030081956238
-0.9610610241713348,1.6624610058053444,-1.707988665291953,1.2120966465342184
-3.1516972837005115,2.279364285970918,-1.1353321578891864,-1.422023189718794
3.290996889263067,0.2688269115107709,1.765636030005815,-2.0971696566941955
-1.00820726920354,1.560589711114319,-1.1257759207948312,1.9984580255302697
-3.431330013132309,0.03913341468804115,-0.8836891009122655,1.5499248530732013
3.3994168151606345,0.5659251940672856,1.0246424568107224,-1.9725406904659437
-0.9590485668662281,3.0384166671591255,-0.22873503329655964,0.16120130597551055
0.9860152111747083,-0.42626491439356873,1.0678608855013352,-0.2781453872798283
-3.420917154939492,0.14635632459941528,2.050118967555027,-0.6523928393728453
2.8670413881122636,-4.156982161369065,-0.03956522568959993,0.38516717138010603
-3.60194961974201,-2.1470638225681142,0.5135314818397206,1.2910425218016501
1.1317168079942364,0.3555581741245784,0.5758170603846142,-0.820194125092451
0.5349577506518656,-4.370180540906625,-2.7919860439084903,-1.9054464839126033
1.2535215381031541,1.8002155385505683,1.92458180474471,-0.33162709500874654
2.9227349144195873,-3.4310205296935914,0.8839120087417316,0.5962362644479284
-0.9002097599946423,3.6127159266772053,0.37709981341462245,-0.033975280763485535
0.5670167165665648,-3.6923423546705467,-0.21366309809130518,-1.4382999231634144
-1.8111370331631347,-5.540169154745453,0.5284106044705531,-2.4352001733892163
3.170054935101451,-1.4352061333270332,1.3084809023854787,1.0888969589066597
-1.1422538417068233,1.557798509429847,2.183036926638028,-1.3611078138354484
-2.9820274542077994,3.188628884206049,-0.29967042125014887,0.5833183616860104
-1.2052923677776808,0.8945443425853185,-1.5968023721306548,-0.6017817557000456
3.3480454409291602,0.4409927398518108,1.7881752273383333,-2.012056614366506
1.5202359400257077,4.141930192430169,-0.037798510836901916,-0.6257113304340093
1.1227844148700639,1.2467197296468986,-0.4016124526020562,1.26280393311978
1.37175699119819,2.6145683970461313,1.6060870774316587,-0.8841234175472906
1.405500490421028,2.367574968334163,-1.689832890256769,0.8558476252487711
3.0275933550046346,-2.4246918860449527,-3.2266926359537274,-2.0482286077245084
-1.0540219541115925,1.8138161679311473,1.8902249124125199,-0.38875946488053215
1.1680755121317867,0.561095973698599,1.537897091604798,1.7458286623969503
2.9917959086431085,-3.1492322183234505,0.3519315315514919,-0.09260913618836583
1.1406854357327152,1.106280675307694,1.4051621078785343,-1.4225322463770727
3.0722583626242885,-2.2938013902873577,0.7802904002136465,0.3900495730421196
-0.9133566573021195,3.422834086450625,-0.6043927824026086,-0.5502146575692106
-3.4511316554137244,-0.8036791126385194,1.2178617931193072,1.160888579962036
3.1704737548650654,-1.5659425434823617,0.8850872433663156,-0.6023376683729587
-1.1670236602659259,0.8444313665299888,1.9537478040513125,0.09206596069965824
3.0313165788095535,-2.7785689781219562,0.9711966594342438,0.8298980786903882
-3.494478344742846,-0.4034465105871963,-0.9423779566370429,1.391491121058094
3.4373529797484177,0.6706644556134082,2.00386169854808,0.14896715401442429
-3.670821192801137,-2.736701970684648,0.11641269349548221,0.6943094932989353
-3.624003082622025,-2.0509516529547684,1.053210194532398,0.7083773919391956
1.2006362465864546,1.4697896999905806,1.7931351655982732,-1.7083845668849227
-3.6007007235821344,-1.0373672454044858,1.3905240547121964,-2.7362987692427003
1.5458586332538764,4.258549369483707,0.1549489102989991,-0.16053743284789146
-1.2713278934828243,-0.025714670173635594,-2.316165870989784,-0.506847536334536
1.0712811585656845,0.11018930657887817,1.475987899871908,1.5904896290450563
-3.61505297951514,-2.3641710232100785,0.16594362198276386,0.8276621274400563
1.253050480800563,1.137498805890077,-1.3976132125489429,1.522147751260842
3.181234810531662,-1.9964890221353055,0.32123447030715907,1.142332188281907
-0.8083017880715241,4.113516409053556,-0.07810191019180991,-0.7024737019487434
0.9897356456836632,-0.43993940277364235,-2.3825248520694577,-0.5354665062888473
3.3421677688373426,0.0023345923900926196,1.4797048121453873,0.32350918177836924
3.2551924283315663,-0.8274217132300299,0.9769441767398717,-0.33558767139234613
-0.8447624216325292,3.234103458506315,-0.6742785602922031,0.26286332455621936
-3.7206369945349427,-2.4938059509459323,1.0618443868936631,0.5260875729468252
0.6389701780583502,-3.544909288812764,0.16856000920546502,-0.30710164359047054
-0.9889490733376771,2.5356056471332318,-0.26623788587558966,1.6630666657215785
3.0949958545102887,-0.9631499519565119,-1.779250368666328,-2.7969009083632037
-1.2755607697213467,0.08718699520379136,1.60266931074223,-0.5887029488537417
1.1714533075042686,0.8741280608023565,-1.8889258638095368,0.3212986607653853
1.0536397995392461,-0.19497169444251308,1.0303729486378108,-0.17014968274286763
1.3080915103146682,2.933280336681941,-0.0641390804676159,0.1369218415265933
-1.0026123726234741,2.333506662023237,-0.6121188295179077,1.2068794215015846
3.426141290655299,0.9464075150621605,-1.069729174893574,0.41620279397042503
3.251227508252009,-0.9280020198156552,0.441463007316347,-1.2190007541199985
-0.7980891104582065,4.292181124214629,0.26470841422122576,-0.2551939336817486
-0.956355914362334,2.695738084337166,-0.4003781994986182,0.47939554844143906
-3.173927584521533,1.7350884010272403,-1.341952636870178,0.07543063508072761
1.0082324876814677,-0.030637133994403903,-0.3601339072235229,-0.6054380960675227
3.239696408810007,-0.7908191236253006,1.3272420167698533,0.09350824590914392
-1.1680841881588844,-0.05052116680668533,-3.306357301259479,-0.23467362149109705
-3.365883116894476,0.33106302212480554,-1.2788314435426318,-3.5371015621061423
-1.0174972382281804,1.778940600678866,-1.1197225437550093,0.5836639345789616
3.137940932280672,-1.6394826654762529,1.5315519707597123,1.4295248828268863
1.2676991455631432,1.9217838318948874,-0.8126188507936554,-0.14503191006621421
-1.2074556774291818,1.0699803409054414,2.1177081938467124,-1.5251719029871282
3.6490350286725612,3.183604781990487,0.4401184917707675,-0.12092658566469545
3.2647054116142806,-0.2841805016090436,0.9114186014587691,-2.279013597824954
-1.006635218948977,2.1135343027078846,1.5920051390768144,-1.9470173524905527
-1.0106389991345537,2.2163266461685667,1.9513988972239091,-1.4968832696442775
-1.1756464490571807,0.5687058332902641,1.0887364101565096,0.046843628703333834
-1.1128276688904608,1.5538160754426507,1.8632088952571397,-1.734606945981068
-3.2187390080147407,2.221598970322541,-0.47935806006970505,-0.645971085946791
-1.092717484131792,1.1086691182376667,-0.7795425643559318,3.479256233232251
-0.9727898115601784,2.397512316681486,-1.0364030991377666,-0.44488420275710994
3.5021452043359678,0.1469445964327611,0.7904519636446531,1.0943813250442884
3.002140638957178,-2.31872886298041,1.1240201186158194,-0.45792695050188115
-1.197086788054523,0.2675601616618984,0.7784863216663703,-0.5064336322579333
1.1276243525502423,1.6496223166646615,-0.28219663379674753,-0.2668180440997878
-3.2420425649064772,1.587540870806233,-0.7043515204190899,-0.8178623381827954
3.5629880120812087,2.335732684105831,-0.5875422826039162,-1.6337809281374005
0.5861975723936584,-4.030278731436896,-0.5809296591670388,-0.4795748091796485
-1.000432105229896,2.3127823573631496,-0.6146006348018044,1.199340439165584
3.1473246547361025,-1.7448753766502925,0.5153018520798038,-1.0860927154412074
3.4947956977121066,2.2102568567749086,0.39747190683143974,0.7909610486923938
-0.990048296379486,2.444517319139549,-0.43397370209448827,0.3942448203395335
2.9767274956017857,-3.1864054079041053,0.6666288983528509,0.27454559081043056
-1.1483254520632142,0.7138485820082472,-1.169919043448729,1.6706748901313395
3.603334358051034,2.1321575955670196,-0.8373310662990839,0.8152077234942486
-1.1798929443678952,0.8296419073279104,-1.5379991778420299,0.5997756936130308
-1.0454910818709835,2.200614582094206,-0.3983900300785377,0.28406169256420133
0.6232091494384103,-3.3900986577457672,0.9407621433957691,1.807823459164883
1.1523235612705742,1.1506480025941126,-1.3501223832371323,-0.014187079813121579
1.3035738590006805,2.718498021838566,-0.93343166131615,-1.1759431374787894
1.1285327403853727,1.096550700845005,-1.0117908632614423,0.3845389740657581
-1.615074272546024,-2.252715122005182,0.5855031619828849,-1.4621193794246297
3.2415779997837504,-0.8836702235842604,0.9700290402531692,-0.3658218856046109
3.531258987067379,1.521129137990731,1.673325377350407,-0.7779977457922754
-1.0474315216928456,1.7081714144959224,-0.6962314642747146,2.232256817144024
-3.2229850117198926,2.017443127408151,-1.0972460282326169,-1.5382099631789032
0.7144900613417425,-2.8736980423337486,0.35200482986172543,-0.05572563819348567
3.773625366100753,3.962537981849085,0.5441835825995185,0.15666325159486869
1.0267094775940864,-0.25716295538294526,-2.629345939993341,-0.9129206720086618
3.62355318452456,2.5118990235978,0.23807849748363033,1.3669381649229395
1.234127327826639,2.355153879247983,-0.2837487572430115,-0.025938920576435397
-3.2934354564848443,0.9349826583523084,-1.6244202612332732,-0.6434086296579398
3.321982925330262,-0.6893704669410204,0.7431425380961229,0.558458719663865
-1.56139161410272,-2.65664821875664,0.6826428804498279,1.6293308099509922
-3.4645159024224723,-0.5468770522952597,1.5034138160929869,0.41387487082778723
0.9743252732958628,-0.4332067537802959,1.338123212694681,0.1608458607083968
-1.0066452028905772,2.324489924390938,-0.7006064087580877,-0.05713678236422624
1.3916213739670762,2.5059678862011316,-0.6407985124104012,1.3209220405519235
-3.4699085769277116,-0.7482353421660822,0.8817311396836524,-0.4958034368212186
1.2244526720237383,1.8562680999754957,-0.59182736456003,1.0402882432630312
-1.3364283827594068,-0.7990699214334319,-2.2196967432541483,1.144407388238826
-3.207601475518596,1.420035916876865,1.5528477396030553,-0.9787468764038307
-1.2990347044353519,-0.17501178867067943,1.4996367207600092,-0.659670436186712
-1.203840598212936,-0.21996313328560374,1.075210863884192,2.4787714031029644
3.173115160297958,-0.6071809236309401,-1.404695243956032,-0.6373063573310437
1.3615036556996911,2.50360009558865,-0.8984356447387583,0.9146391695408231
-1.3974314058287514,-1.6324610783921336,0.5683220839234763,1.591013136845563
-3.3195568195963103,1.1357663900756136,-0.7584181362856592,0.6644902118535527
-1.1966761447691738,0.2615528422424459,0.5266511140296016,-0.9125907871894238
-3.2104244509421473,1.4403194636897783,-0.5345765676581068,1.2154579679318058
1.3485889240661282,2.9756135134842894,-0.538557224955999,-1.4671037415653467
-3.597176856526029,-1.639977808485872,1.1748492939061583,0.8354160477413834
1.0089895187180655,0.09396351022741418,-0.9621753162045186,0.4526685418643609
2.973763092629386,-2.6605023948507203,0.46189010022700366,-1.4422738342088601
1.3040284248762632,2.6514506590561933,-0.766812936946135,-0.7541189486214338
-3.575446531546769,-2.0778021586455035,0.6389595714383035,0.5217445836473229
0.7743996465178947,-2.2842597530768205,-2.9501028314278366,-0.1211783105630468
1.1669906111606778,0.5367510293818735,-1.5655571630082281,-2.059210262075649
1.0172852453445052,0.21974006001266472,1.463801308781494,-1.3067867463972795
-1.388268921839891,-0.9499420269067318,1.5508072012556025,1.5481064939505236
3.611779611944329,2.1824800889295126,-0.830536993983056,0.8325126047439174
1.1980807984011377,1.52687971646123,1.7116637412483744,-0.8649704518216988
-1.0764310308336495,1.1926959948596907,-1.0191696683992593,3.1038848885469497
1.0796484735112302,0.8695466805097566,2.2148586546156483,-0.27540302662753974
0.7528028344460486,-2.8300908955933552,-1.2128660192176166,-2.603555506416964
-1.2611361114969277,0.24360635166611508,-1.6636809463744517,0.44721223357891465
0.8320018692031409,-1.5138912783209129,1.1739064207063037,-0.261668220199665
-0.9587952205349948,3.336953556496643,0.38772839016713867,-0.1907618658201576
2.9377181311287326,-3.2278355498917293,0.4060375293788739,-0.3577849599454853
-3.254832965329455,2.132998539457306,0.1940840674741804,-0.6840298808783046
1.21880484566334,1.7829323555479022,-0.7365730025097461,-0.1893041137002652
3.000957553358362,-2.4385094683597877,0.4901321795454413,-1.3508792483131002
0.5978701754771542,-3.1081730609042086,0.778654907587448,-0.02602150282662119
0.9452931234387097,-0.9714576154225012,-2.0219515035976876,0.32489297012445584
-0.9172387664380993,1.955493452965474,1.531415036999305,0.9496673981807252
3.0833043703551386,-2.2255203263056553,0.7895480435958502,0.4127985730222512
0.7049919393915848,-2.8739150054119644,0.671432263715809,0.3269338967050817
1.1328131501289085,0.374021212057293,-1.497458339190693,1.2247713517675245
-1.2868586814559435,-0.35431809990954194,0.4453116965508541,-1.1385101604042727
3.285590067389147,-0.37933224924258074,1.4297800951968076,0.17715427686919052
1.2901548660605229,1.6889047076638553,1.6680625984005117,0.8658125378216843
-3.132065928753377,2.0794583798446333,-0.8615320486004254,-0.20989586083782497
0.6392895109178629,-4.118135934845065,1.0755414620669046,-2.9398421660608465
-3.3342807809754986,0.8096816096098243,1.7307819957812598,-2.060741878759247
-3.184751011221031,2.3730759653440283,-0.35232394498834535,-0.12645768405861768
-0.9653091219428486,2.4152468767687147,-0.09921899047319314,2.0525355973572643
-0.8829161893370878,3.1140850602107832,-0.5954728749889754,0.2270481525623609
3.420997235210368,0.7711294839084143,1.3024608565047109,-1.49372083024726
-3.2409639983225174,1.1636324502786826,-1.1403088891112338,0.3107354602141899
-3.1981642745787675,0.8483010734641037,0.5717317486008253,-0.756437057972185
0.8366528653602971,-1.7838152927226982,0.56141368644206,0.09887609977552157
-3.4916936483386087,-0.8353496840279485,-1.3220544905876075,2.31412528766723
1.1296531224848034,0.3529620879473592,1.673400566066153,0.8195474513939444
1.0357377339998586,-0.09069171317325696,1.3840940824910226,0.28438071752914745
3.0465902454454943,-2.3180663751334674,0.9201330250895302,0.32748532569511685
0.5851789376838602,-3.6702818570753473,0.5839138961078263,1.3230984863373336
-1.5273673494506432,-2.6684643407852358,-0.43668796483605454,-0.05084329423900125
-3.549785821229363,-1.5244300344664907,0.5246284214686802,0.08637966418968969
0.9724274360696505,-0.7435916745946417,1.2109344986539032,-1.198878853879736
-1.1978986696538874,0.9868170502193275,1.8328678809538475,-0.5395181558432116
-1.3397118874169374,-0.8081679785988993,1.0001239860267155,0.8104851468068724
-1.1402621619545907,0.49212039739361635,-1.3822314380094884,2.4146648553750976
3.202208379449921,-1.349044546536674,-1.9485913036402385,1.511004505119014
1.0360685873964093,0.1721635445786626,-1.1146842682319804,1.3340910260928043
0.9608316859929555,-1.542528089991146,-2.1448943050307094,-0.44302711830998864
3.2654580919739873,-0.6551004480184608,1.073834134930284,-0.29929438371313183
-3.526493265767306,-1.0428886906598824,-1.3499279984599044,2.2409778716953546
-3.7813383804887497,-3.85304615772729,-2.7910421393122093,-1.8487896270370827
1.3433280166819708,1.6413041212329569,1.5256459596147172,0.8999548921466006
-1.1536938475379015,1.0524135571244995,-1.1492391594747522,-3.225099079822012
-3.242215779302033,1.5664543394291637,2.1504260038710785,-1.4090231537165956
0.7103999795263365,-3.063543761863842,-2.273070856943997,-1.018234963424414
0.5856653839939366,-3.948951912270332,-1.3621487455923158,-2.9974508344653112
1.4024378786221454,2.58691379766033,-0.7454150579807399,2.1427687960710666
-1.2718713420112304,-0.5684815767839797,-2.758248350585036,0.4362715216818118
-3.523549066225454,-0.8001281997487933,-1.409110101662701,0.8572014208125166
-1.2573860744809504,-0.07467376306237422,-1.7093048152569732,1.7954917695720212
1.2504262669886097,0.8397841558993906,0.9106366242786786,1.046068722886934
1.1576474442404976,1.2887998053291627,2.2022003123734626,-0.09994243215076039
2.9741324941847287,-3.433226540941277,-0.030957778552121715,-0.6115835917545923
-1.0653871290828942,1.7929605503390824,1.4602012476110502,-1.2371232991750618
3.293088109535187,-0.44004761236821016,1.3739233949902723,0.21907739737676524
-1.0726181491280389,1.7728007798308605,2.0688875048063697,-1.224907755645848
3.2596196446657695,-0.6930621242461722,0.818344730334186,-0.7250825551189193
1.071818001003799,0.9144972583547774,-0.19474197631370446,1.5478659762835052
2.9392578746142957,-3.4042064761400055,-1.2568660966834206,-0.6641180930980746
-0.9245696118539681,3.3151562486519945,-0.6193406973132078,-0.5780049232605036
-3.4751436567507867,-0.7705200289308688,0.7906544413045662,-1.7539637186830361
-3.537838534428151,-1.9168437505810259,-0.0252322414324708,0.5845374690652533
-3.527828965391958,-1.7794330228625197,0.4278326147631817,0.2226163143082687
2.9297807147741968,-3.0519573301174883,1.0939353924938542,0.5061494861027687
-1.034551766720847,1.8078443650411098,-1.136592442594429,1.3952845110831726
1.0552302664776125,-0.25806887324034666,1.0225647570462397,-0.19310291781279035
1.1347592698686462,0.5304015998413701,1.466744847656684,0.5095361796942324
1.0642217132827363,0.3364864774353064,2.0096309443891105,1.2304146167901377
2.811586839320279,-4.567042292897771,-0.3654649015674394,-0.20361159820878957
-1.0977148690244998,0.831876696848493,1.3814480907298052,0.5469676026980713
2.8806644963620776,-3.896321254252704,0.590893952631158,1.3047334571001572
1.1037978551323482,0.6342391150395427,-1.0534159060893977,1.5006769613054756
3.121454776846315,-2.3368120486592674,0.20146879352990119,1.0375762628420298
3.429549156755945,0.6494750630793,1.750856144125722,-0.2766758154970926
0.9258683529772926,-1.037908869657949,-1.6933548629208266,1.9702142606397726
-3.1928983881286386,1.3215562492924848,-1.126655268328132,1.6202560466874227
-2.9971225974548616,3.2436675259898586,-1.2786602737035335,-1.5142281670240898
-3.4384471704229687,-0.4207226256400398,1.5894789780685288,0.436462643907053
1.4139853892430017,3.0459968488536586,-0.4332479872131049,1.4683191279832493
3.342826370804385,-0.07410766396302654,-2.6621451982463613,-2.043934900386429
1.0134028220661981,-0.5977247448735764,0.5426286232397344,0.09524607496100297
0.8552348421566044,-0.9275909051255411,-1.09783810713134,0.08450710444475436
-1.1416528435601936,0.6897600267066276,1.1055071265778158,0.0916136197896206
1.044451082103049,0.144604544051897,-1.9118461949337506,0.032186836992210276
1.1800924745588592,1.4717418676484921,-0.6902465778979964,0.9582031821229564
0.8397987431882739,-1.5512167987496084,0.8502255248161135,-0.6644226850168387
-3.4773177910168642,-0.5461005109550362,1.4162950697637224,-0.8537279561671199
-3.7344708351366953,-3.3773424637639073,-1.3549329339956149,-2.916729944592028
-3.5523700455317138,-0.7605057029090292,-1.2616287554342618,0.8202124133884414
-1.3124493429558088,-1.0659674986548984,0.5562884686145043,0.5355557533735368
1.2635251039561946,0.8843198349988438,0.6446935277503564,0.6262835777350859
1.2436621411539834,1.4097277727108843,-1.3828740475260968,0.1029550039678176
-1.1327860345863994,0.625918340744008,-1.6845340516098946,2.074129450013729
1.0595766265113422,-0.12515685772419635,0.7626568713196308,-0.5841129496052356
-0.9956691598685762,2.6762874547949167,-1.04942174465337,-1.2240995186844308
-3.230888776433302,1.6611077832223031,-0.8252138351296905,0.8797367373907757
-3.5813192070173736,-2.0257796769204206,-3.330770614176949,-0.5644195227329191
-3.5730398823092226,-1.0047153004296954,-1.0906568373375243,1.19851157100887
-1.3535865874447477,-1.3750594785687165,0.6026406266987399,1.685243693090289
1.0892182178629681,0.8339882931651265,-1.0463364055498032,0.28607631661101307
3.7020404094988386,2.0873660018540927,1.799350083381961,0.3087808503820761
3.1426606109250126,-2.2534370367113317,0.28653410426230863,1.0568786254828078
-3.3837290668694444,0.22698711839692456,1.3955937736478399,-1.4211279674701027
0.9686007894373182,-0.8802090783928644,-2.444732028104586,0.7695508131261546
3.1828788422175465,-1.8423780841566657,1.2986188614695635,1.6340487192689706
-3.4017006055186974,-0.22209091451745042,0.9500960293825916,-0.2944184229890897
1.0862592157737665,0.7544795680282274,-0.8807406574834407,0.6947122393424063
-3.202515416668733,1.364363467863045,1.2756206447226883,-1.4551477835483144
-3.264471464679556,1.2120365066165169,-0.5433159055729688,1.155882273651144
2.9987820030248717,-2.8751434439899914,1.0445239804561177,2.057149947040356
2.988445916256839,-2.75992724045307,-2.5835039406798654,0.12443546464196036
0.9021530200286465,-1.6944817047076624,0.8469112799844186,2.039683011128961
-1.152107754598416,1.3322876280882812,2.1714313763407067,-0.14573981312830364
1.3642141856964503,3.2722312002607348,-0.018801352691263637,0.2582200867546515
1.1175341799370528,0.706145861194347,-1.9782209933835857,-0.9655264788860511
3.138260709858295,-1.2971325221669232,-2.0671966940962325,-0.4249029889158961
-1.334405493483835,-0.41776411899280125,1.216658895282434,-1.1548874119017378
-3.4264988328553416,-0.1438532302451199,1.8761576632814294,0.93665643072227
0.6765486213069268,-3.009092572520528,0.9039387221916064,0.6851613509490354
3.0376491911881893,-2.6459986079209714,1.0752402536770123,2.1389090574814795
1.1909875973881092,1.4948673665968566,-1.2093318763682428,0.1174653567417716
0.6404211498349152,-2.1089947754031266,1.6641150669723568,-2.5924971150626424
3.24893249111417,-0.765421164810609,0.8083018208717048,-0.74571430153884
-1.0070481083519391,2.0673921477062396,-1.5148486428782006,-0.15209097010928452
3.2952896170950887,-0.08858186390083962,0.9372989015471912,-2.2066504984962827
-1.3262361816587918,-0.7655105620791798,-2.2156502666367213,1.164687227650468
-3.2149274669144376,2.1555282956345727,-0.3803153424788295,-0.2143198407532388
3.0810196471311593,-2.4507379349638816,0.4443499780436366,0.1535690515077234
0.9772233541599479,-0.67683911908294,-1.5496649482189242,2.106043491280875
-3.347061184509622,0.28231976354514726,-1.7870518477057757,0.3962996945737093
2.9477386860802697,-3.300339851473435,-0.5748394877931362,-1.914340974070021
1.128197086512167,0.8254488519348866,-1.0280269745640307,1.56694972544688
2.810522323571649,-4.604028574085378,-0.023181856314977736,0.1930251552731375
1.253950359658355,1.2803107577326327,1.6553027209221252,-0.0449762217341087
1.324480877758615,2.773886829126632,-0.5652054757469068,-1.5377034552639743
-1.0786824817575427,1.6728974034196105,-1.132561989861365,-0.7049498285744211
-3.357005521130134,-0.1401093095396701,0.5324450516995239,0.1423338772827311
-1.1282156768281286,1.6776973537245028,-1.7725971085539054,-2.4106210702252477
1.2263999120625848,0.8496223717919074,-1.7796626480712943,0.9799903288895303
3.1582036758881236,-1.423976874151428,0.721147966867746,-0.9816238528812066
3.413642217414173,1.403225890142545,-0.18943983772946407,-1.119086774479265
3.603970468916301,2.2255257688769308,-0.7565947837753534,0.8253794371855564
3.529798684384208,0.7852488809189342,-1.93655619578778,1.8387142591603105
-3.45938636456329,0.8978679336967429,0.11667122139912713,0.1268417937839626
-0.9118769066400295,3.604458547240988,0.5107875167238767,1.1658543644657897
3.403258787756181,0.024704808494787546,0.9807294932506236,0.7631968512554858
-1.0222686633124944,2.6359012824833057,-0.28285063962350004,0.02263790439166933
1.1108167814601697,0.11686669364749203,-2.237693403916108,1.100250198805336
-3.3544254992254072,0.19755178625054645,1.39939165847607,0.21812615115234515
3.3347299273137616,-0.10626853139328744,1.2151709251134226,-0.1263336200665349
3.060610450629851,-2.7716142337705967,0.14339941451179197,0.8877135848520032
3.098699969020396,-1.9681803085399936,-1.7805609068814354,1.695984309949264
-1.6166975943216146,-2.8815703819696186,-3.3367121064976137,-0.8421006081663527
0.8894267797762145,-1.327861348125326,-1.9822077743033168,1.45686034073339
-3.4698316757215415,-0.7141665799457803,-1.3061618517905031,2.3624800210744463
0.9892642076196527,-0.9165506873158611,-2.7678645943876528,0.3698206798939671
0.8230064090368211,-2.237199979982854,0.4372000733184797,0.1732597099316581
0.6476040590621919,-3.3322963808496158,0.6292080249791903,1.4469624558632725
1.2882706123135255,2.4837089417101654,-1.03849786764888,-1.233540861386903
-0.7883463556657372,4.072164596262251,-0.4287093645108813,-1.1340501894064803
-1.3795677329689198,-0.9969906496238468,1.0228482581832117,0.6817400433676138
-3.7627880078689726,-3.34416540586172,0.03592216541950994,0.47283527935627484
-1.2601682443465636,0.13477966270029362,-0.7200390134880902,-1.0233062025033548
-3.508925097348062,-0.9339318949186591,-1.3353632368597854,2.2797926604999876
-1.8290415843183336,-4.57373646676871,-1.4808815861910969,-3.296375210926454
-1.318711137258978,-0.8089770288288742,-2.74256855625243,0.2916274934104837
-0.959418156955414,3.0049136513942205,-0.4839824352573107,-0.2557428464201861
-3.169727280639388,1.9699625168565083,-0.5308396441497399,0.16893673491302022
2.9150404045232747,-3.4908315916189685,-0.150411622223465,-1.303592127721021
3.229568477407303,-1.2177565776462589,0.7471757086658876,0.34150538282793885
3.0909937366395845,-1.3306583932633465,-1.0285304319149908,1.2590254038190363
-3.1992318169959963,1.7346794080759922,-0.7252553054196317,0.9350074149630897
-3.628602303334036,-2.7792189775713005,-0.48396903659689683,-0.1461322349983485
0.9369634011985383,-0.9372564190761836,1.066966120047737,0.7637744318161657
2.912446048898262,-3.527035724292355,-3.350140167289022,-0.9467459307603889
-0.8489914755027285,3.640148087488118,-0.9212852932852329,-0.8774076862546516
0.7220313425994728,-2.7135236064080943,-3.0060345601529157,-0.2815680699510939
-1.540740902644411,-2.524147261078837,0.9326514419215308,0.8039072585736663
3.6948750753939903,3.466692054636521,0.4781428408708952,-0.022202715462482387
1.4635573602539802,3.8825992357805736,0.17813133576340598,-0.316988393747871
1.0033448139867212,-0.4926917942332822,1.397888749048885,1.363093785883993
-1.0762776134352363,1.718800241866882,-1.0394377941763537,0.5711730098218716
-1.5122860771985287,-2.3487463435169373,0.5207344447149086,1.2781128742760104
-3.7248371378146903,-3.199231280936101,0.14462899107160346,-0.2997018891986235
1.3282576310535268,2.29805643599015,-1.3735458473108662,-0.03480829696974409
-3.46403276238299,-0.7481286254257535,-1.6297308596244784,1.9635113100222927
3.6663148838144055,2.350145052513566,-0.4695181784296817,2.560510419398828
1.2816698108442943,2.162704380950865,-0.6857900150903519,-0.05322441838867695
0.980579264367819,-0.49151327035874237,-2.3893464320443774,-0.5552446116079304
-2.901664507994988,4.221691798916623,0.22224635617191038,-0.33463802037403906
1.2762332956530746,2.4878814714771016,-0.5160628947420718,-0.3828022249580806
-1.3817578032113724,-1.02581501655828,1.2215070967403965,1.1403648140058227
3.562929709848289,2.4524760484816683,-0.4087627726017047,-0.3838920161279484
2.9591664302819702,-3.34377232712736,0.4615705715452368,1.0359573439338017
-3.372204044439615,-0.08730852228328977,0.8814108412610004,-1.5079869505317072
-3.49586068957331,-1.0277521648222196,0.9849883730483099,0.6134214934523057
1.0919376022843994,0.35633883202013583,1.6064494429395935,-0.4063350440954198
0.6905484481663546,-3.253815532591122,-1.8501710587389122,-0.21181161068367654
-3.6324765389233487,-2.4177282628251784,0.5936587319849721,0.3975866572782672
3.183846258916415,-1.5204956584538716,0.7069971049670808,0.2319941984565256
3.5557452627810506,1.7518468871322055,-1.4098644947851162,-0.171129654267087
-3.526364333562492,-0.8940588606749102,1.5267236492308922,0.2543800610248448
-1.0410988714317304,1.6050778563928745,-1.306317966538024,1.3739504335479868
3.3133849659429764,-1.0734856422183443,0.19265615654835527,1.0674523540018164
-0.7956327965612757,4.047916183635552,-0.43224823643117766,-1.1411074465208881
1.2742509513141285,1.6200167657450417,1.8429762470524422,0.02442294923342662
-3.1915009082490484,1.7830853404885667,-2.1366018325104497,-2.853588769882607
-3.052263800188969,2.6241467654815627,-0.3557550074783789,1.66420076092554
3.0988180600749584,-2.071895645997026,0.9053723051524928,0.4749238049620018
-3.3458655024104993,0.6600129949543907,1.7116630450901742,-2.1172660015960374
-3.0879708375785464,1.3619425514753754,0.9847891135753408,1.0922903262808412
0.8194816573932538,-1.1600184589897158,-1.8145758268981114,0.000584098227649814
-3.4816689200913182,-0.547851742115973,-2.073779008279065,-0.3365823558934057
3.6928023122738747,3.3848907678208664,-0.2186116717924823,-0.04484746901787962
1.1191555490491139,0.5740355090187104,-2.6128546544554934,-1.8710085969179553
2.954335083646082,-2.9392639527431013,1.0402861583647274,0.5700830039165538
3.5164356823822276,1.4649428099368103,-0.15272711325613172,1.8321573311467532
-3.559290272307717,-1.5748679193893718,-2.6070896591646004,0.4007293094763638
2.9453231946373943,-2.7321499575109014,0.8673063772720556,-1.0795925654746974
3.207152925790642,-0.5170294996210759,1.9989520568909716,-0.6873851093879594
-0.9484945433910243,3.262880172218847,-0.3071060092715246,-0.2147198100164755
-3.2589316460635653,0.8263938528161009,-1.9654500927681766,0.18667093411931754
-3.351776521032153,0.6823477515465375,1.9653873016589625,-1.7066751779492422
1.1181658577466334,1.1655555352260634,2.166586363874576,-1.4279629177477993
3.371735038372619,0.012817986371948208,1.2515563815633157,-0.8843549127206748
-0.884018957144196,2.952163399499075,2.0418298986113927,0.015375701990446237
-3.604111909788343,-1.7320379117756004,-1.9625827922276928,1.14246924231102
3.294861305746264,-0.4050001916748956,1.3783539106867453,0.232308342750556
1.1927982559678547,0.9466417358645671,-0.8522734541994015,2.2250227492735544
-3.455858920235265,-0.7887262236723271,0.7661050352823495,0.29218607914104283
2.8592260603998745,-3.9675793649141418,0.49389569727846927,0.016366130239883286
2.9530729156873163,-3.634175840175543,-0.241739507897146,0.1352078076127402
3.2793933267864013,-0.47246869677128683,1.5327201373032513,-0.644422961163859
-3.5879243429577508,-1.476128604943005,1.0346325588024614,-0.34046013960860755
0.8020193469643807,-0.9027285177423101,2.1426945886181112,-1.7683371899904747
-0.8762740624856966,2.9359982743988997,-1.1484572856559931,0.565737886352388
1.1542033148077033,1.2876671635000718,-1.2370478571619712,0.04181135058501118
-1.1559157788456593,-0.18654185377555096,0.41490053665857574,1.6980146459505912
1.2123942256442948,0.8964916907501548,0.8982217396167593,-0.21514550571985583
3.70991203248012,2.939587538697035,-0.4109581384315831,1.489384933963685
-3.612206010950879,-2.1786867873725777,0.780913535078934,1.7194175964786143
-1.169375834111092,0.8744077949060862,-1.5318406698626972,0.6156043814187963
-0.9636158455932999,3.126699307837596,-0.5966674636089263,-0.7049333572537582
3.4093498893495995,0.8050286172040997,1.7428254103675103,-1.9095091319230626
1.0887471653554694,1.1213276417355702,2.498665960908773,0.21066718493894337
-3.5749812770362572,-1.8222036065052931,0.4863845574786599,-0.0248695713800561
2.938578600114836,-3.0407063234240828,1.0267655586070754,0.5338260667533477
2.9159203602887436,-3.4428912910139946,0.1064570464837838,-0.8788312828477431
-1.1949757018482237,-0.35753748221477444,0.826869629787258,1.2250303414395198
1.169664803071999,1.386903039897341,1.7617900025475517,-0.9398170248007737
3.5990065368363267,1.8859073522959917,-0.8028972342318877,1.9534312833491876
2.9709854462167735,-2.973387454925748,0.43999627857996826,-0.2712274758926949
-3.499556139170522,-1.3486560080319538,-3.1672990193048602,-0.3433453293032437
-3.3290481681707496,0.41228912286771413,1.1081340784234928,-0.09336960352834099
1.071343732010091,0.09964492229004512,1.1380752170061212,-0.08940844514128155
-3.551958964035325,-0.4239547162850195,2.223475470397923,-0.45698770558293866
-1.0199012862613859,2.0247279113060377,-0.42259846636040244,1.4704440788731974
-3.614021816206436,-1.674248162944876,0.8328788408478444,-0.8500767600904744
-3.571721255881986,-0.6443781983532493,-2.460200307011935,-3.722439360705509
-3.56838869309013,-1.956493605539913,0.7237137160063615,0.539572264379752
1.0844784237136884,0.26512351086122377,1.3438884455791211,-0.8474024620661704
0.9108053997383543,-0.7393581392394472,-2.0292358601208385,-0.2867661840157016
3.4312073310805546,0.4331219595989861,-0.7963622338397508,3.3559427107347903
-3.6021996999344976,-2.4479830300941927,-0.44121953253159096,-0.025929115039109517
2.8501005292078947,-4.049944672023428,0.36763445510719817,0.7816704926599236
0.9664128965314918,-0.7304801562609395,-1.5568386722489815,2.0856498706615794
3.104218605933437,-2.2902467229524253,0.7163157587780593,0.6203446958873409
-3.4312718152517276,-0.9738091538685081,0.6003207094027427,0.27512939053732005
-3.3825655053998496,-0.650224954824352,1.2348042470140013,2.6763709227647685
1.1431152248426726,0.9716484037149556,-1.8955543330438718,-0.9275275026539643
0.8840156728107794,-0.7897836041856507,-1.7170511806941624,0.07888896875641972
1.4693861876337364,3.373449187489831,-1.856025240094344,-2.154104184134523
-3.404622708116299,0.10548812733036193,-1.030118418338391,0.33547900193856195
-3.2643948104271088,1.2061808901523325,-1.1411304626268834,0.32768508236876515
-3.5031397374041613,-1.0105875992924516,1.2586849975399064,1.058721358547553
-3.652835550629493,-2.334468007318365,0.5824566224154764,-1.0686168208165008
3.3754019078986244,0.23661977863439684,-2.3499932379649358,-1.4889875183784842
1.3466915565262498,3.0324445709668284,-0.3699163049001591,-0.20762707797658764
-1.1087854215967503,1.2723746894583903,-2.210987054463712,-1.265172328929719
-3.580876482165977,-1.6707844349841081,-2.3693860843359564,0.7738929144596549
3.2808991624516572,-0.9359119173851084,0.5343622616895969,0.033988269235090324
2.6933103631761153,-5.726956186771842,-1.8837510253041463,-2.5083773641241884
-3.435777506504563,0.18914383052571881,-0.9307405689019845,0.3785157936447446
-1.1903015552430254,1.0018244085846217,-1.3109704990316022,-0.12072870329337312
1.068397087849615,0.19456419551759738,-1.9790934059529628,0.07494671118328752
-0.970734822974042,2.8860839188829472,-0.7715739798201452,-0.7348690463281142
-1.053774827144144,1.2904245036609443,1.098339799914409,-0.9569359726115123
-1.257087635013628,0.07540565829710379,1.2823579945123251,-0.9777857475659575
-1.384985537605572,-0.9096853704708456,0.6214835740400979,-0.9291199243976315
3.248197417526104,-0.08718126556995796,-1.0640067418673809,-0.009335101068847855
-1.136746468194225,1.5051766298232523,2.263013643027422,-0.10872459635788477
-1.3081466054503386,-0.6275759937085941,-1.9250396212079166,1.6471727355602728
1.2461713032789723,1.4538028404589411,-1.3773306815782416,0.12011342591134253
-3.5732317866215153,-1.9156654363060106,-0.9148284434303784,0.10033852784894379
-1.341230439187981,-0.8061135119465177,-1.9491068990419353,1.5834079277508621
-3.1335525796968806,2.246695885642802,-0.6095552917536643,1.0600490761578878
1.0493644398355737,0.47280266552752137,1.6593822294025027,-2.0518363382270333
-0.8644759607305799,2.884601744549617,-0.626819147319982,1.3949245621598592
2.9391454694300685,-3.723803839053324,-2.670169438734359,-1.6107288220546725
-1.0486571877619262,1.9768213835206503,1.9195764113794842,-1.5842093000907105
1.1550178393665187,0.6059215543758267,1.3817375446010516,0.526037147652611
-1.1930648071462515,0.9161082880972514,1.4329377932895622,-2.381766319856526
1.1202072876964,1.1782493937761336,1.8489011329293452,-1.812893550931445
1.2643099557892152,2.031851154250463,-0.6159222093845427,1.1607268498480123
-3.2879032173947147,1.2165652230662074,-0.22395203112111547,1.5397883483218988
3.200286534934662,-1.0742509172942727,-1.0844540727269483,1.558722951227165
-3.315097699944078,0.8161860890954229,-1.7145490186377137,-0.6680776216789165
1.0521821852482367,-0.07029731593556167,-1.1499818079791164,2.7071187004459336
1.022249494139135,0.04998552105557223,-1.40221657666254,0.8463495131093234
1.124294553467775,0.6506040885111195,-1.396870753633656,1.0911943336619012
-3.24663029241592,1.1473701123533493,-1.1419272435430596,0.2962591888505708
0.8694535365373774,-1.922381145819959,0.5660965597184099,1.5477465405355824
3.742895123256389,2.7240675120931606,-1.9447478263635518,-0.6240749861391134
0.5339279512662377,-4.102986218085565,0.5269576220240052,1.1694371060212028
3.442908340148478,0.9363635723824228,-0.6581019158198194,2.054708475912591
0.8652998985410888,-1.6437846069323812,-2.8169279677289283,0.04866808958547527
1.4551445260241902,4.0245692115921425,0.5151403463582268,0.12042740440017238
3.4543279827984112,0.7624617988227889,1.7651262629772235,-0.22217740019066148
1.345752046070357,2.430856088787029,-0.6579015978294562,1.3006217108170055
-1.060802549822409,1.2494671558912975,1.0926001088301036,-0.9685375815459474
-1.4809251262640855,-1.6016997203321364,0.6912371551337438,0.055959913557649565
0.5854476313901087,-3.1137339371272117,0.9611276731374944,-0.8378563318688043
3.4204045307803,0.9005219552230451,2.0252616542013544,-1.4115672042646503
-1.2048975608049255,0.24247419601533043,0.7748022400221573,-0.5136198135160264
1.306156530839474,2.136806045247963,-0.9470493600698122,0.781176475166899
3.376488758521214,0.8417865838901699,2.4994647686213884,0.1618729366051748
1.2527440087363793,1.795352497482567,-1.2643040604868545,0.21776446926069679
-0.8395826141193363,3.904482264515997,-0.018625835084326477,0.48209535928938485
3.192651863521459,-1.3348074368074045,-1.602211013924869,1.9493701971683506
2.9215681498088197,-3.6535950064132288,0.2849857817545232,-0.2713091495338848
0.9962066016747354,-0.7927889044068072,0.6058705330773262,-0.7984184056344665
-1.4668600692194513,-1.4542219711214777,-2.5595078301509866,0.5057031783722968
-1.0685004318454545,2.0913063537766,-0.07498261207086132,1.9095311686455052
-1.2130889485771053,0.7723478182859189,1.5009145625781346,-1.170737499942408
3.780172620169812,3.9863073314373896,0.5475885012022527,0.16400212395598562
-3.490003519003584,-1.096937598145522,0.9283768292951958,0.6475272714097713
-1.4943389264535136,-1.7805677163831841,0.7835070572311955,-0.8018040517319877
1.211379875264634,1.553192298904344,-1.0250428446907118,0.5725999196151887
-3.5232510686571503,-0.45018601971211303,1.1283867446500986,-2.1062022036634387
-3.206116407781026,1.7009763451894193,-1.5245759654034226,-0.361422890959746
-1.1690116659721248,0.7384134239741063,1.456943239714832,0.5223406165908924
-3.3335298513400917,0.019760404817513122,0.8737663341543941,0.5803458232401995
-3.6156539760108166,-1.9376323392390584,-2.0581698082147097,1.0948705480072165
0.9532846399594254,-0.7971391444175934,1.5204400685387858,0.40583807854923204
-3.5035150200879737,-0.8645222275033889,-0.7452258981059798,-0.24039340837221992
-1.1539635642792057,0.8936464926758941,1.7097090319914288,-0.29721101931278626
1.1228679894174012,0.6663382503146872,-1.5707889738063519,0.6609680284828103
-0.9737122257982436,2.2460341025386734,-0.8279079182782781,1.9615536889474554
-3.579448492817758,-1.2588202138790228,0.9554163598626991,-0.7208618870550672
-3.1403745630297344,2.0900352563316718,-0.4271804970863507,1.4730561684355816
0.8405388730726641,-2.282994512477261,-0.09870214606912499,0.5600650280006979
3.0104981873381287,-2.7442813860324224,-2.6555916528530408,0.16031415391855375
3.414027380101362,1.3755050514328315,-0.46433130344328655,-1.5739833215846046
-3.1902948836226424,2.2946226038710202,-0.5380715786776146,-0.5927925705485777
-3.5156820555238433,-1.6856759690527945,0.44071545531979656,0.24990176582783571
3.6896164355479355,2.512695883859923,1.8057209846821602,-0.4238329790253344
0.8864291242653186,-1.2506107968800284,0.6127015510364152,-0.9859503433981189
3.626940731974004,1.7713948761627114,-1.733022605148498,0.7053039030141565
3.4050374044636973,0.7886984218376,1.4901844210723634,-2.3282640477871976
0.9305253532475236,-0.9046640155514326,1.59326838608324,1.6244227280057502
1.0502203734217481,0.7376678536816212,2.4476799468242727,0.08461777461575137
-1.3420307905433462,-0.7109916252064697,-1.7683527491002022,-2.566616407739512
-1.1913739016563012,0.49321732539401175,1.4251256851799434,0.4337493843452876
3.2216708332829107,-0.9616135261033467,1.0339187834872212,-0.4180127558422677
-3.1551484222450683,2.722093667029898,0.35999033029429783,0.7894435215461281
-1.4929573470678208,-1.0916828380633201,-0.7492289324452794,1.6047214434550447
-3.378495042356002,0.31469318223559817,-0.934000220582659,0.39235124526463766
0.6913135800178094,-3.258633305550656,-0.2281193601635751,0.2051758546105636
-0.9624185521555476,2.6643678102638213,-0.40475188604186707,0.46981686367889897
-1.2547062241876707,0.7548707690727812,2.0934462623654086,-0.3474523425115208
-1.5804644392459977,-2.9849854130228453,-0.479315461383372,-0.16097827198838824
-1.708660965508009,-3.5843521586496183,0.627725103881574,1.2757343351065489
1.2396060326849703,1.6712577746641573,-1.2804462366278753,0.17229324689932238
-1.0879819347088167,1.0601506562238958,-2.4908373384995994,-0.49897974317501315
-3.649776906412632,-2.417315890998424,0.7508760274061662,1.6121233780692574
3.243271603756118,-0.37157469074763755,0.8998625463265537,-2.3161975160382013
0.5618431207213432,-4.427969713919453,-1.7457314418515988,-2.1326053116529096
3.772897994147382,3.859271700827396,0.2117024678377593,-0.26846650811160133
-3.340397188299047,0.7399196978934042,-1.6509164114147017,-0.7172354086080295
3.2120970781638922,-1.5228069263732302,0.3614088608218196,-0.18199983300414047
-3.5302007222944383,-0.6616382688777274,-1.0647384053072881,-3.481199418164472
-0.9440768833875687,3.0668655855109477,-0.7471396939787143,-0.6752875738023968
-1.5915049719463834,-1.948424192033111,1.4193622394528884,-0.06577787184448641
1.2979189227170251,2.2505617784240166,-0.5868480037911822,1.2396117961687343
-3.3022697214804544,0.3285958187691788,1.0298945392427947,-0.10810863108917652
3.558290886212783,1.925396158641477,2.1200933182120103,-0.27602177088808244
3.401101437093467,-0.016839745566588956,1.3417421471350868,0.3604724079212972
-3.5431308452812402,-1.6085551955916915,0.24339657960654765,-0.39391292070653805
3.351052415164666,0.09297905387115432,1.763623806487284,0.7927223392918527
-1.3508666408373982,-0.6126024892355598,1.3673365745882762,-0.7903331856536012
0.8011386224297506,-1.5292409908671944,1.2404519807175207,-0.29389495607540095
1.5551810976711007,3.859268792017733,-1.7909288415007991,-1.9783601298901001
-3.4046612754955037,-0.5638236072696409,1.088213319667998,0.013288350322856513
1.0463064012745056,-0.9148951139264779,0.3542623485744354,1.4998666207619453
-3.2199870338708116,1.0698899648018674,1.2854864353328304,-0.6917657770533905
1.0476615216236813,0.13996419712956376,1.7335028600813103,0.7504055168039266
1.077174580272016,0.02461818439607914,0.5314931794063693,-0.9377620302991572
-3.2188354755297865,1.7124078018104585,2.5075635831790737,0.31539597772932054
-1.4931076252043283,-1.593505942154453,1.1473900552706584,-0.3031439548670715
-3.399230072486327,-0.3174546578799624,1.2809578833933295,1.341175000927042
3.5853280152705396,1.4988903604936354,-1.7691567959080274,0.6060597103019013
3.36291314518033,0.3425386614591267,-1.0079196075956582,1.3956487700415263
-3.203860293067002,1.5166794142315665,1.479280817035225,-2.220575210753883
-0.8159448356191543,3.898304985587655,-0.45203447084626286,-1.1946828154944042
-3.4592769468724978,-1.206710188929517,-1.7727424947690145,-1.5388179804692461
0.9239458682826054,-1.5402531864202607,0.7803627035021566,0.8320784642615321
3.2635458219231026,0.039823844311554925,-1.1164293332182689,0.06106436599978413
1.4669438915634794,3.8930915366932903,0.5860738513627368,1.3379874204415934
0.9477117275928494,-0.8567623490294476,1.2618733565549973,-0.023133388533893642
3.011584121787046,-2.9692252423730974,-3.621599821523866,-1.16396033048298
-1.1466929408216655,1.4143324203103063,-2.1530083655982044,-2.921353137035103
3.2048435981566663,-1.585859242267786,-3.092196328487677,-0.2489188146384651
3.2052948274487623,-1.6893441743325985,0.6811926566557984,1.6314991358367714
-1.1673501858920285,1.26471110752186,2.2314297708539885,-0.1962568955701187
3.4519993485418032,1.3328515034761375,-0.3535662743535479,1.353608751096654
1.161894624305924,1.2277957167029767,-1.1968931298095564,-0.026965407943058288
-1.0282719776265656,2.210557811951888,2.4721220306283893,-0.647434023992578
1.4408835668344395,3.0324204343221526,-0.9154192903650444,-0.15500396611024342
-3.65186296323029,-1.9524125009450894,-1.3065866300362103,1.061272398465633
3.2681258923385887,0.09353116401045776,1.8277975731532086,-0.8763711720460277
3.157856331268455,-1.6788218301305433,0.6858089716265322,0.1756029855964506
-3.2609084092014755,1.3945903811191553,-0.5201436707904598,1.220159822419868
-1.00550145435802,2.1562594566115716,-0.9810350633654296,0.7280748427918641
3.2885134317610207,0.2770278718947255,-0.24333121745533684,1.3823153961394419
-1.1311291630935398,1.5106550862706118,-1.1959264374600074,0.0023284262908331924
2.951719107821619,-3.039416269070333,-2.4444611757244634,0.4586963486494008
3.5635313799434187,1.8246125246756046,-0.7890131274151906,-0.12263985408124212
-3.275068493588701,0.37228779307433607,0.5084884399937633,-0.9308618604076407
-3.350954819827853,0.35997488186792026,-1.6817863650386664,0.43192691955825396
-3.2699484224538122,1.7009617652144329,-0.6908377668059849,-0.7855490197953807
-3.558270050336053,-1.1606860402815735,1.2191164290515673,-0.2722333487565882
1.2879507483472108,2.750936755235277,0.11462833711186664,0.5372925082126209
1.0365759433896464,0.8378800907460096,-0.7284075884370552,0.6684810428895968
-3.439564098102969,-1.0269459412980453,0.32154787909427973,-0.18568974869680485
-1.3111539685655087,-0.4302442768675218,0.6853087719839959,-0.757213788583142
-0.9973609992291189,2.324287583983518,-2.0312188070020327,-2.5974509113215656
-3.168910518689801,1.2935453558299854,1.749008052319673,1.0740044046364157
1.2444853125124449,2.4560735601996586,0.07556579533793223,0.430415630407277
1.141927886314881,0.5673891416280024,1.2889361704564775,-0.7466083131319242
-1.6795518551438502,-3.7295939292171116,-0.5771263764469738,-0.43454442511990904
-1.2708264229312831,0.2004534049634851,2.139631229820452,0.3010865241626847
-3.1886631865734536,2.24389347236361,-0.4554267621053933,-1.4391005901725753
-3.5023361363393426,-0.9820709750488148,0.9426490825492402,0.6828211606276602
1.449975296236412,3.9700575660054063,0.596039421015673,1.3513611325279957
-3.102053683828285,2.7699325874465295,-0.5486913855246798,-0.3982974113261041
-1.2958657842014545,-0.4262923205297853,-1.8244247992842606,1.6939564759398285
-1.6057624739641936,-2.4056972426070566,1.3575013074069258,1.0242183758128673
-1.4112014653554068,-1.5628911678019983,1.0592376634381124,1.1541761187943333
-1.3710679016654566,-1.3495049164010344,0.9249051666179076,2.0771042197428145
-1.645089464786395,-2.956869081605244,0.369618722213452,-0.38506020292868126
-1.3705800290239625,-1.5499114539601144,-2.1081777791891674,-0.5348348874557861
0.7604105038607579,-1.4978834311641052,-0.7668741182350599,1.521714872663724
-1.296625838179736,0.7938124968945894,-1.0495269116937618,-1.4944316331738312
0.8087824359936198,-1.6496837574476528,1.081839802749173,-0.2866744888346056
0.8892890010169847,-1.118336577450122,-1.561266723240849,1.889535884377035
3.339569723228222,-0.13430308972659538,1.6651188137654651,0.7398089914610632
-3.698454519749849,-3.1063418393295863,-0.5284841970683359,-0.26349207755918225
1.4737550408257665,3.7286522152277426,-0.35084311768274007,0.06550529265995442
1.332939170839003,3.118025052505725,0.14416621680014013,-0.6079112155282997
-1.3424176065926634,-0.34194731187573457,1.6326930662025907,0.5177785828078497
1.1251913610179676,0.24920845798691377,0.5618676086633705,-0.8548438553796529
1.4351521881423674,3.545733611290118,-0.21259267950506244,-0.8467419803012018
-3.2413366090983318,0.20098109553739418,1.0104483715264856,1.315824489397958
3.624672877513669,1.8344837358207642,-1.2025973429942238,1.575789053773155
-3.196598147007963,1.7466660456667242,-0.47287420890457854,1.3476792758595748
3.4506228432492683,1.706726708705277,-0.23812774601141676,-0.18610424526160665
-1.4030159181571737,-1.8848738721406149,-0.3326870736718053,0.2362268292080516
3.09299789605288,-2.3447496870530498,0.0016713354103574005,-0.8857678355340574
0.8681532448146675,-1.864186102280841,0.6207909851675415,1.5191022647513108
3.3230189949062106,-0.11303139818915217,-2.396490616864086,-1.6140701598683977
-1.0284036644746952,2.0920186415445996,-1.1662453832080928,0.27148037779035683
0.7550430844031767,-2.1202564872671674,-1.741498330414669,1.5846277740231018
-0.8837394945190454,3.1315560198638734,-0.3424878162351008,0.6405978838501976
3.3029584859916836,-0.4354145644261149,0.7567260970362435,-0.6358067551436818
0.8394079324397077,-1.6611909155111264,0.9229724080347714,0.5642229286179642
3.602206338310885,2.1715361303322527,-0.6478108302133632,0.009098085904403539
1.4080023721694757,2.5821205145737443,-1.7285720002860305,-0.29083208609390676
3.594593350610246,2.012679404216768,-1.37525719649235,-0.07699384366767131
3.65375729508303,2.942812767564811,-0.2561094484155628,-1.0078028279147109
0.8340660713446303,-0.24756495582563445,-0.6215637948154995,-2.2129952104670534
-1.0400907451558061,2.0364030953982764,1.8118122366632,-0.7656604086160589
3.7896846217278783,3.9421710194506168,-0.14333487331542766,0.14838134358269597
0.7373744128588735,-1.954021579234473,1.1841176929757382,-0.44782060918702227
-3.568246855137572,-1.7832361506014165,0.21983070206910474,-0.4516280737062515
3.2761525114810865,-0.862637159334102,-1.6331927845464045,2.0944223368684987
1.5001731055400904,4.200024228424706,0.2896468820140613,-0.2372567670494138
-3.437028218639949,0.21755584856909083,-1.401536756591155,-0.5193211078791632
0.6800735412805246,-2.578395166140464,1.1201760024934646,0.6146545926050283
2.895126466183862,-4.097597005671117,-2.7193422695439575,-1.7436702852207313
-1.0788930206792484,1.9031784812674288,-0.8725188052163081,0.5864345071013534
3.1614332833010668,-1.6510617888514312,0.6895537737266763,0.18452407271065877
-1.3040177001038766,-0.5007876426433268,-2.084820679054233,1.2576265194876366
2.993987349953481,-3.1717622052251637,0.34939835571058725,-0.10293779087544788
3.30304376785195,0.26953888725854647,2.1713513085343763,-0.4281149689102057
1.1355700072057253,0.9323374219597095,1.036822313183935,-1.9035049682519067
0.8380183852869779,-1.5677820280588544,0.6635567345783435,0.14820809235952853
-3.5323195847742066,-0.8573591779986183,-1.1642985203311873,1.4666505458122945
-3.399033357026278,0.006425422453152267,1.5768352129434133,0.6030784728877924
1.0408502259212664,0.852439740150976,-0.20410486211072912,1.5260096269112295
-1.109048054270143,1.0745930373855364,1.6656275038274824,-0.20867714892883968
-3.6907513674475796,-2.916321746378622,0.2688878909096975,1.063561259066027
0.9996616814224054,-1.0122681549131178,-3.3976697406088285,-0.5204690368557592
-0.9044627493217766,2.8886961909594677,-1.060155394150746,0.5574990677779661
3.319636947584496,0.17561142299499627,-1.4432589791648034,-0.30397788555549266
-3.460545359988087,-0.8246297845619392,1.1276923637609482,-0.10843502297994391
0.5079496745194217,-4.335643400292106,-0.37233897134826366,-0.1813718724446991
0.8752670123143206,-1.420869110934763,1.2059681135316795,1.0549069558835766
-1.248434140144678,-0.4954236656312823,1.2017063929843104,1.5314761276230364
2.958203460651466,-3.36328135431716,0.20801173681862153,0.6244861595345398
0.7875300869572419,-2.3033625564091356,0.8342133621792316,1.7930584466342911
0.9468512921534229,-0.5176074834573239,-1.301436835179588,1.0796882745176712
-0.829728283784364,3.9349060565537988,-0.44841048481189927,-1.178140435593528
3.5310489974338797,1.926644181308255,-1.3955491473669412,-1.7539675115365008
-3.7905231529527947,-3.813553250860087,-0.0986403198692817,0.3243584641689928
-1.329580214290373,-0.8176153400560825,-2.472474094046187,0.7299622177454943
3.21372772809112,-1.0511511816523953,0.946765112345111,-0.41525380621604413
3.3791331563538125,0.9954505765365398,-0.23615702440514635,0.3829367850213175
-3.174054992925737,2.4695475227231647,-0.7176585760010187,-0.999575896381027
2.9050903403729618,-3.8398697705234333,-2.0681387929725865,-0.7960277541884613
-1.2795305760853735,-0.7190504819681683,0.9216248354567929,1.039633704869454
1.1908690593466864,1.5462967396312002,1.898060060185656,-1.6743565359348715
-3.639547079534965,-2.692688997841591,0.12336229572834502,0.7117232254628468
3.5810290843436587,2.7007684815071014,0.21275884488054125,0.556011016566242
1.184093625392852,1.0597333093144838,-1.7902636221613046,0.36250920959134353
1.2043916922823261,1.7785964883002097,-0.07974955502786248,1.857882706795127
3.300673557021763,-0.2196022161689848,1.6345656268754207,-0.5779434192751809
-3.5360965025213744,-1.025913407410879,1.1893277913935134,-0.1702119798165821
-3.3297507629723144,0.7829453787263273,-1.1974468336125055,0.1754962998681303
-1.1423818668450154,0.7460638927656406,-2.2613186583677565,-0.169080949068346
-3.2798856487747368,1.279626801398454,-0.5353525189402355,1.1769855404637597
-3.36722292067212,0.35189016270084267,-1.6355687678315776,0.37234598785949796
-3.574050163823064,-2.1646148851851064,-1.1949413273265947,-2.4802244016152706
1.3317708216888442,2.463960175436884,-0.6454662768082745,0.05437442697997828
3.333266480281168,0.6625316987006479,2.1355166449222973,-1.5543304690428748
-3.72108492826903,-3.125098330158661,0.06516280909100218,0.5553151918864185
3.1520053789440463,-1.304217600566031,1.3064654438403782,-0.14671583330269292
-1.0316482046529534,1.5954726694550792,-2.5130946617501215,-1.565213328375789
1.107669676077239,0.8708472330361702,-1.1157356124125755,0.3270143427428601
2.9441490945136835,-2.3089217292526696,-0.19241948674870385,-1.780445244717693
-0.9682726294473314,2.6122886341973635,2.41007810504575,0.29091424059885856
0.8597379921462975,-1.6604811435913818,-0.8319920042651944,1.1129907923179045
1.0590508751134278,-0.0946991591268042,0.5153409719619809,-0.9770991563296895
-3.3630464750497655,0.0077162231383291705,1.1445775563256622,-1.0660821392182107
3.677395691000544,3.0129359760390555,-0.6813142961239249,-0.5732840796235175
3.283133140171463,-0.5219065048384068,1.2761529085699626,-1.0728936094716313
1.3440695393156192,2.1601328977192944,-1.7845262032494982,-0.4442247953897929
3.441623278757069,1.248057792512001,-0.45183603801361205,0.06193686907549049
0.8738708754346117,-2.119356829016637,-0.3273308663123087,0.21125989988456415
3.057109047229655,-2.2179826213835643,-3.1993121832345848,-1.973843767169143
3.231893838266218,-1.3051785158371452,0.8244352836900317,-0.5079279765212855
3.2567664806030394,-0.6053408182204193,1.6024139480480046,0.5646037693265352
0.8605525835809711,-1.1586135182120736,0.8075919237940326,-1.7732675677133596
1.0202959841055421,0.40706388492491147,1.6314789904859672,-1.2917972324152183
-3.275986495186219,0.31870290272149254,-2.9676439021207313,-1.2412691021902076
3.3882562220172288,-0.13127385270822797,1.0756116390406454,-0.08415739502909601
3.4380375757646875,0.5634860330335681,-1.893883061355335,0.2711488453786845
3.4720700662658412,1.2157485026913801,-1.033621464215238,0.5124133756387907
3.0592675743191844,-2.5002902327123477,0.23166985937371934,-0.5386497500730805
2.9940593489664846,-2.573713732181849,1.408037754842774,1.084055824112746
0.9051940119308846,-0.7280882922511918,1.2111819436928577,-1.2137004558370137
2.85875126903787,-3.719230099216404,-2.784893624861139,-0.19622512571909786
3.278281600264705,-0.31649887539081034,1.872535187311324,-0.2103980091724864
1.2010238436377503,1.5635163086769575,-0.6775513278903303,0.9894121211698932
-1.0132831338750563,1.3966534760535332,1.3411820925536053,1.542472024301529
-1.059656920772247,2.094415607463008,2.775270109557164,-0.2984199852430564
-1.665847559515084,-2.6345133086593195,1.0105957199621254,-0.7059744937346625
1.2008179261674194,1.960357963802807,1.0421480375737813,-1.2003485414151027
-3.196501068550609,2.5838489884157965,0.33971680446250746,0.7505242000584007
-1.114200025078219,1.356387583452087,-0.7617035335416026,0.8201924469305186
-3.172676099178896,2.593860461530586,0.09266293195040226,0.33044315420304604
3.059012945325096,-1.9039505542818702,-2.2215660010283282,-0.6227078883756553
3.694105847542556,3.1175685549072156,-0.6673891124059854,-0.535353080091066
-0.8400002398950268,4.042994159467631,0.5693882711749667,1.3230434316678423
-1.1849000569607349,0.7540550901294268,1.77780508779611,0.913577915195941
3.1544056242638523,-2.130300709820013,0.5749377446089611,1.5344746906475988
-3.174721997046272,1.9506122277623428,-0.5332232850339833,0.15840313339947448
-3.2141154555936615,2.091979290147179,-1.0868705783466963,-1.5186412870794235
0.9301714645267006,-1.1207335157133653,-2.226096684746735,1.0919494347873402
3.4783533308838788,1.368621516740567,-0.7536150834453061,-0.292210356538565
2.80722489648193,-4.514861425693022,-0.08707757199554318,0.25236823752000037
-3.4976493199330174,-1.629066307338022,0.6245384028547162,0.7060545475521465
2.981902277740028,-3.055348292256139,-3.2872565432818877,-0.7806819376114433
1.278329594757515,2.0209976761892636,-1.4108458155369608,-0.1334860262071072
-1.1408826420430234,1.2176282217795846,1.5603701654063176,-1.011036360056068
0.8338444515714266,-1.7974796650577687,0.38331706694008993,-0.3367144350973339
0.8007061587275682,-2.301049862996519,0.6787795829663207,0.5592784621082847
1.1850769477477348,2.072866612847675,0.02448579084593994,0.29358049936848485
0.838696552392593,-1.904018532055102,0.3699320240663512,-0.3716760954334339
1.024626800552711,-0.5711318820530304,0.88603490331155,-0.31297095801100056
3.1746713587050657,-0.986888497105847,-1.8501338230940005,0.115958407453842
-3.431680489347252,-0.29027063223989386,1.2874543061249302,0.08573136644887233
0.7375657082586,-2.970676089614885,0.08143526579524409,0.7571653922221547
-3.5330522560591837,-0.9658798476330553,1.5169655474981818,0.23372550187627422
-3.550418931048091,-0.6948680303252064,-1.6653085468026618,-0.7988423113927794
3.0016798926060964,-2.726373989710858,0.9073997344644468,-0.588422211338204
-3.2714268723503666,0.9444539850363789,-0.5116523342046861,2.286006113668335
-3.4451629335769844,-0.4136654030606513,1.1834194849558193,-1.2103554694921834
0.7367281722175351,-1.9409634597429686,0.9349902626637627,-0.8516716639320315
-3.252595501723302,1.403434256287002,-0.7694553106097578,0.8160625007280803
-1.248354303012372,-0.06111910791888944,1.3314718210810617,0.19653491015432123
-3.170868662723114,1.7187473448739736,-0.6601360693358121,2.1538102735648375
1.2353580060412868,2.479623342348616,0.39770230917399757,0.8251627723330079
-1.016442848645304,2.03368909043363,-1.5194913154573138,-0.16483826466967164
2.8769219013306593,-4.195084901722154,-0.31570265445293166,-0.06832257701902235
-3.3707501055246114,1.1532935958157462,-0.25472130956286243,-1.4155957965825712
-1.4667919619433893,-1.6032764225267464,-2.054777586756248,1.2903291496445652
2.9106462966513833,-3.9442095899277794,-0.2825217907730881,0.021280578828749546
-3.2336082332017146,1.559206882731587,-0.4981321614891535,1.2791878586736174
-3.230194681099315,1.4535467456704927,-0.8575144102217999,0.8231080937979666
-1.7138804106866552,-4.003992520976562,1.5778058198921323,-3.3654409900114617
3.5245189113646664,1.254392912542806,-1.2055315665913242,1.3414671251885872
0.8089216527536257,-2.373305002792718,0.23477874444243266,0.9447931956941225
3.41181233444766,1.030701446249967,-0.6650399354503114,0.8019508413555825
0.9453568454697387,-0.43449631415907614,1.1342667084294242,-0.3102429756440416
-1.2348478987787581,0.290703783836304,1.5614741093648956,-0.4953305637381453
-3.306701371739825,0.6473864419467836,1.9812712759566364,1.221797240377162
-3.4012749944771774,-0.5027765901340504,-1.6916536484859983,2.0450865888926932
-1.057899096901853,0.6044323982317028,0.6613379335184292,1.950344984665283
-1.0759541116623808,1.7938879713707863,-1.2060021493440911,0.1644180098676769
3.352973225980799,0.41948889983069804,1.7772836074334113,-0.7682868515189466
-1.3869228951239947,-0.9839806165977744,1.295780492942741,1.128489077725507
0.7022058128232089,-2.386166005637785,1.308934813386297,-0.1682245494482913
-1.4082074657433934,-1.740243155817225,0.28266048340704814,1.109501036547408
-3.4018832966346286,-1.2997275242909043,-0.2874874751396829,0.38948677615081123
1.4107552644282624,2.9660014604928917,2.222535939591472,0.036128449413810035
3.4544704830249335,1.2737486870266554,-0.8833952355733499,0.4834953809786446
-1.4604556224394372,-2.1220973057059718,0.30125054114549354,0.9480078650851652
-1.08369872174062,1.8206204670471604,2.2183624042725314,-1.259931076188758
0.8979829298876231,-1.062717293170581,1.7559723885705505,0.7534477694964651
-1.4322908857970615,-1.2563105772993517,1.1906515522391483,1.050601160122467
1.0016440673139633,-0.3868294052162369,0.9116032534867384,-1.4984721918612218
-0.9163895552984858,3.0995651294955024,-1.5833317622283514,-1.904934912551399
-3.502608451765434,-1.621793932658583,0.44934565160092654,0.2732447554761328
1.2088573440987875,1.569464074734083,1.7184021960477127,-0.8602400777190982
3.374968469720527,-0.2998722607251879,0.6186402154228665,0.2645057782030143
-3.217139342956794,2.190977031323094,-0.2804997794795671,-0.19088262520218927
0.6859674314859602,-2.8180252511771022,0.6750036558062569,0.13527679882513313
2.790436492958245,-4.653225759898767,0.05794612999215701,-0.6450719339250927
-3.3647796113964548,0.21715149486565297,-1.5243102433895122,0.8133841610878856
0.5089377336791566,-4.841467657129266,-1.803025223481877,-2.2466876632447783
0.75437496068294,-1.892326967414432,0.9419375642338226,-0.8338072604541423
-1.3226969472458614,-0.6515296585816863,0.9257731145046932,0.8481743841608852
1.4830525007329143,4.100075144205336,0.36310867188731577,0.9913877711543303
1.3803678241237347,2.512667080673264,-0.23366729674007017,2.9696821901856056
3.095494983965237,-2.3899307139642816,-3.2730256982742745,-0.5148163239403993
-3.220482331680699,1.9762136289579373,-1.1750574778239662,-1.5520136849178365
-3.6252161127030242,-2.1162423301106226,0.44740803749734265,-0.13538642664838352
3.4488584786212924,1.062050459164904,-1.3261013479444073,0.01981080316775772
3.3573895413146535,0.2785046008446408,-1.2671127853377393,0.9660242819235758
1.120981779873459,0.7852758952873795,-1.033353627966422,1.5516530314928032
3.253058461575046,-1.4535555479773032,0.5775573603604431,0.516814965275315
1.2512288550098525,0.45933220156664956,0.7008213091019138,1.135776809163221
3.1420303719408866,-2.007853570523159,0.04596003755287866,-0.7598413035393016
-3.612852380035813,-1.6922756964866896,-1.7069916707589083,1.5614907116175958
3.220729461275577,-1.1272561232925857,1.0778283710337724,0.7589826642010724
3.756951080822555,3.726000463057308,0.19392641625219295,-0.31302429274422783
0.9500204822795117,-1.368261577380243,0.8904355188073585,2.1540153809243874
-1.1532148096329773,0.8721598445436645,-1.1527798598206913,1.5155601265519854
-1.451531411833994,-1.7833251835854749,1.0302494033858758,1.066846312378256
0.8769905184319259,-1.5002214412499517,0.42270554421792317,-0.2294877310637264
-3.5476582726173733,-1.7756603278617724,0.7472199933118363,0.6070071096240084
-3.7062859999030953,-2.433508849403887,0.7984744130775563,0.10540567410717115
-1.1786058281530123,1.2562213929432517,2.4804515709911494,0.2102658320947269
-1.5825905516778014,-1.4286739659040049,-0.4687489250505142,-2.902862096963656
-3.1395911223633406,2.786712738634062,0.030397843815982987,-0.8495044519795152
3.2602771599927096,-1.1178114569143067,0.9371918304348074,0.8116698517969065
0.9706015528862735,-1.0108532191718207,0.3930153823651436,-0.061450014725688895
3.091995773669789,-2.3519014830622886,0.2517569036785004,-0.4834759148184886
1.3972067182313368,3.282178643416108,-0.49775572938128787,-1.3562006021052835
3.525214051418187,1.6580997408352944,-0.6292859066574688,1.0904867697439693
0.6555018862840832,-2.172811785312179,1.1467437665998277,-2.1783494570782227
-1.2801109627783787,-0.4633487646049761,-2.1747886108300944,1.2649674274524059
-3.2646184635265523,0.8883596987943357,1.8782008184885033,0.10653932057819931
-3.5682760272879572,-2.2004629547954915,0.11398698354372717,0.9126491409944634
2.802296707040007,-3.8788811531729093,0.5784478457691945,-1.4545751076571316
-1.1541221043112835,1.5021814706058252,-0.15318727114164662,1.6986979638549122
1.1008321151716025,0.39656104469688175,1.361334799458132,-0.8020294420119661
-2.9019752884084764,4.111138134219413,-0.11155949867637978,-0.7570857543479114
0.47965261791694985,-4.948978414913201,-1.8176365869861015,-2.289367647605311
3.485806160500045,0.620986805733039,-1.428299112231052,1.3762923180712263
-3.310705982409736,1.7017029711830138,-0.02631144345384724,0.01269786471550536
3.429797863033597,0.1715314271719962,1.000300187088775,0.817949207335837
3.466766693648402,0.8640968134551329,1.7785651929781625,-0.18658611107382575
-0.8757340169043335,3.0392296581666303,-0.700240078873849,0.19263514069554954
3.5472983859561427,1.8616631914159532,-0.3515475193751713,1.5674833058976216
-3.6343628095218423,-2.6096597591220814,0.13456851363618463,0.7349566906944176
3.4550879026120427,1.789425827352967,-0.06381774679904584,-1.0103697562290073
-1.6045153195616886,-2.585205976238363,0.24244952458730956,-0.6877410747055123
1.276745669624086,2.0519069932668947,2.101327670833571,-0.293371898744141
-1.3402969946579049,-0.8232806461141621,-1.9516967820045745,1.5831820986671639
3.081779203148956,-2.4508245664319643,1.0148108355007233,0.9476102358600894
1.545446276327769,4.154000587460365,-0.46980918002915284,-0.21688469623113948
0.7283249269448873,-2.2568485117443036,1.3265047089585162,-0.122405814726901
3.4860254163261466,0.9364307700227735,1.7884808376440702,-0.15918655308444243
-3.264530344088339,1.7591403066237998,-0.33715723607125136,-0.34419858807968845
0.5717207978881816,-3.924171703738193,0.30071210339592935,0.8229230994190453
-3.1845046304450797,1.8084781135296057,1.4768145656183957,-1.3549204033273698
-3.2237040446095238,1.9198773601802603,-1.183878963470374,-1.552649988431
0.7173010706881617,-2.6840285868392337,2.0016551045049527,-0.8285710133729232
0.7532303486675366,-2.8067695968524604,-1.2098698472043952,-2.59580172472333
-3.7621371412042417,-3.390525826615867,0.11876801215715051,-0.3682497213999268
3.0533000409323585,-2.5290828770056395,0.2277344199107138,-0.548656303048945
-3.1283364960113467,2.642647474389945,-0.40232858631484325,-1.296963325356931
0.6448349513146481,-2.6047872586508207,1.2133480339649831,-1.4760604680312688
-3.379344469070253,-0.5541553147732721,0.4793019187765073,-0.004990610122113649
-1.3849291961537573,-1.6675093569335666,0.29281078932516447,1.137243322796784
-2.998496518096074,3.4130546444658494,-0.6390541614231202,-0.5988698693066875
3.40833298150541,0.5780706427510759,-1.295990661028198,1.0967978214308698
-1.1931866329580585,1.1310094163587843,2.4638029407968993,0.1680050665108854
2.9368447836300238,-3.741796489309572,-0.25597499954273417,0.0957093829992976
1.3761098809055181,3.2453829773945047,-0.34134137313632623,-0.1361384476611496
1.0463205772721782,-0.15563031655641146,1.0284721017245304,-0.13616682262985688
0.6574392643469273,-3.1994426183199285,-3.6884232573275777,-1.313066172732854
1.0007355892098684,-0.1256599220450151,1.1750490325039924,-0.190650142416389
-1.1032238049132377,1.2080475546161549,-1.359169285785942,1.2309529368497192
-1.61290899690873,-3.2225223590575007,-1.3007612902295524,-2.8099129305792134
1.0101397635139682,0.08918382456904965,-1.240976466628153,-3.5108924591454516
-3.4118605195427527,-0.4627511870452405,-1.7936281317098326,1.5958316051345827
3.7600106092971495,3.6199275590406192,-0.1657183076619502,-0.7668833353682266
-3.6647413724366573,-2.5262108482601557,0.4628089528990024,1.1554519197675983
-3.336787851664463,0.9047619032178066,-0.26535816882489716,1.4262004308316363
3.6574369082500535,2.084909146988804,-1.3455965908180734,1.2324943321639548
1.3785248841256081,2.644658725162476,2.03715599001391,-0.03387833340839316
3.598714354866285,1.7393375401984825,-1.141376635800669,1.5199947736674104
-3.336761534408916,0.706983406587085,1.7089575567657986,-0.841441659293122
-3.214075055470851,1.719950780686129,-0.9299568347270527,0.4574406928858205
0.9327245559512507,-0.6317884141366147,1.108842514925873,-0.3804143835489362
-3.3073489498853457,0.7114529106112982,1.4601130888231062,-1.246641775906276
1.2488136107616534,1.8525275225735058,-0.5502606716547613,0.26828405405862144
1.1853864012019437,1.6377230965124219,2.4799132611490675,-0.8502684594451425
3.693760467525551,2.51866736732902,1.5352113677176247,-0.866256088296664
3.0548168613427884,-3.007375703731103,-2.574761850264525,-1.3509871252848458
-3.3398336432412545,-0.02911641384633069,-1.7161853930422308,0.9523921424253946
-3.547862173808646,-0.6096165433885896,-0.4668976833712267,-2.645098793113486
3.4195830182293,0.12080506092753965,-1.929851881359947,1.6103110466468982
-1.3296493831124159,-0.7716514490977127,0.7336922716311112,0.3796160386404028
3.6005303005449445,1.9341615896803732,-1.4595487202184854,-0.07993761116019013
-0.979863433683763,2.1345838583111085,-1.824965534724998,-0.5110598054086429
0.9157235664524142,0.2946532676156306,-0.21167273655821547,-0.34818911516786677
-0.8508272502624595,3.7205862171745814,-0.8364492153504309,-0.8749885019201807
1.060243837029677,-0.36666109931612817,0.7497317714205748,0.6144521046797335
-1.3532393911928178,-1.356778887365294,0.6050962418375679,1.6900153619424643
-3.3577193985676645,0.7796090376527955,-2.2714959688000125,-3.204512553725007
1.3693598878739344,2.7361834977246446,-0.7250900099992807,0.9489381843823336
0.7613759424739899,-2.150465260090103,0.6553989392356985,-0.08113439197364353
-1.4841236588676017,-1.5262744820701826,-2.8345787759240477,-1.4320826350192248
2.8869100422625933,-3.6854951870796473,0.9373932078138761,1.7653491788653155
-1.2977164873571176,-0.4044692875395828,0.43851374472362586,-1.1569210031305466
-1.2189516955265127,0.05073009283717715,1.5493089149101806,0.7061477959017236
0.9542287790329973,-0.9997159199327071,0.8288956701597411,-0.4683027378574962
-1.050414763080668,1.5122478860616524,1.995240346735938,0.38885310125237094
0.9567845888527347,-0.7655874400647872,1.2739237884239418,0.007582660431323415
0.5734878056759368,-3.5758316894917557,0.051942577532577715,-0.9871951643376656
-3.6883675068666335,-2.743312297646198,0.8699417371223638,0.6637756052450702
-3.769961339808171,-3.4179856506059267,0.0262320994858342,0.44725395600983403
-3.562041474917344,-1.8070036470246664,0.8306492115408146,1.8452139817901265
-3.5909880390083906,-2.3350445121445116,0.09579587656969812,0.8665516698593045
3.143334426116401,-2.1569633604314373,0.7344713829129844,0.6744679289515177
-3.461552648441441,-0.8867444502206632,1.1198937646140212,-0.1312334996021005
1.0036910375734143,-0.2976724933593361,1.0850823311244637,-0.23460158444017531
-1.2417790654233707,0.5218179737072219,1.19646613895588,-1.7035940895898172
0.9156424722877411,-1.4871408741631353,0.8555649121190452,0.8282848121869776
3.2226717326181697,-0.5409404307143256,1.1279020909269108,-1.963229425687641
3.4701844853285326,1.252973864596327,-0.778297924315429,0.9341054463701322
-3.5823098594561,-1.627483051263366,1.4282116354473344,1.2445084268879454
3.2481025983299157,-1.0497222484474793,-2.3565475297308165,0.7441192323506693
-1.1076579901605454,0.8358601574175073,1.537902383371966,1.7821546519656635
3.035745617753334,-3.0101038739156696,-1.200621240356628,-2.606864749080383
0.7624616351865401,-2.74508237733182,0.27498542745371796,-0.01949774529582789
3.3948220070918307,0.17824972917914783,-1.0812179380222777,2.8601472400998196
1.3148706039254414,2.1629158225665375,-1.215004693865588,0.34842808927473556
-3.7012916756943004,-3.1448037420010047,-2.3526598386945508,-1.1674221446421356
-3.441352574432979,0.8719785187549677,-0.22450346200978866,-1.5402248550147228
-1.2083179414565746,0.9951022150439764,-2.2086757137937596,-3.071618423155615
3.7213389282730467,3.495021846607679,-0.5229802415565455,-0.39203777335895007
-0.8467932838258124,3.067807290423762,-0.28295473442541447,1.8424649440385232
-3.4473030233915885,-0.275762223611048,1.8589047552384623,0.885286915855147
-1.0387051820028328,2.1205014924515457,-0.7277138586323048,-0.13126756023684294
-3.2990561516423207,0.404042965010764,1.2931264117753523,-0.9152242964489768
1.2527718161953694,0.428825325981144,0.5335255546416382,1.9766999717077867
-1.1729602318113261,0.7548213663601417,1.7785371194427846,0.9133668232425443
-1.2483407297951672,0.657373918032092,1.7440941451782257,-2.057218682201638
-3.507460238191183,-1.4453268946793862,0.5372775362604838,0.10721917561204691
-0.8721216028427954,3.558316903353976,-0.41020981318374306,-0.057288103859263785
0.6445049856700573,-3.217677061757367,0.9632141585763198,1.8725784894286848
3.5239897721065336,1.8303865956316723,-0.28750960991287516,1.531341906204854
-3.547962740234866,-1.4527465035102565,0.8808489168902122,0.5199869683163121
1.2034253418696994,1.7588805741822695,2.4960198645456146,-0.8069313128162992
-3.0186794662818524,3.499113590026,0.46384763008422975,1.0732327877187056
-3.369503299790031,0.7310590478936939,-2.006058083119366,-2.7853401554943167
-3.0931980780433057,2.2900588156734654,-1.08401114753698,-0.5416469775126659
3.321430436030754,-0.9069131349821636,0.4446981457187,0.03177201716943334
1.3932063796798337,2.825177543490752,-0.7812816899428895,0.9986605205907256
-1.5903567433289272,-1.6469314955533325,1.1790231435430398,-2.0431947971265103
-3.467178754126037,-0.3171407081943545,-1.7243528299134203,0.13090648671394584
1.2108841683649063,0.6399761070451923,1.2281699408145756,1.4138361197923373
3.5434331666962904,1.8681985542859039,-0.43801645102151904,0.30831284384943664
-1.0271890925864318,2.775953479603805,-0.37186317529380947,-0.39237610613418383
0.843701490724307,-1.5066693750632811,1.5131733133298206,1.4116063708631117
1.1177785000934282,1.1928322617449882,2.4208993204560785,-1.0118318840991791
-1.3458858015977697,-0.6672778297053396,1.8416023029396835,0.8200133335007818
-1.1630094060875342,1.3522118885310135,2.155429740645402,-1.4252103696520717
-3.0013642362110873,2.77194709922595,-0.9319521465040164,0.8934836467337772
-1.2268071372168483,0.28908424161777907,-2.0033398793372004,0.05487664101811817
3.080028698130261,-2.549548469407496,0.31636357198681936,0.9138195465909803
0.9387622150659267,-1.0477892502159207,1.0050302148823826,0.7822613968118295
3.4857178833551385,-0.007971119919219423,0.6746411933944971,1.029080341580223
3.2465025784218255,-1.6352113307330163,0.11834513985869141,0.8723220351473207
3.0962949610980113,-1.9911190580380487,-1.8672039798446707,-2.883117929898702
0.5881057530084228,-3.8026880245017556,0.3166420570312717,0.8680334198279512
0.7430213722581139,-2.914957937747391,0.08901480711385015,0.7732388966050743
-3.4598009313768228,-0.972974012195554,-2.1324285444596223,0.9798804975503764
0.8217102305597236,-1.8246051326763453,0.37937102285603247,-0.3472064208458464
3.0365456335473335,-2.861030371101592,1.0476857733937293,2.0682790893272522
3.7400607847713494,2.6905398612882765,1.3080152751220568,-1.209065357798728
0.9275274085691104,-1.594840848950353,0.6988721236452887,0.8387341381353414
0.5515365225468705,-4.307601788185085,-2.7833893619721146,-1.8820172974281426
2.930305084560049,-3.676192661543148,0.0986217774507985,0.532578779053459
-3.7625183088433354,-3.450840271526047,-0.052410592114352846,0.4625735783440298
0.9558675674943024,0.5368368681034487,-0.43004901867576345,-0.6695671114960319
-1.3539636565858266,-0.9997575235650628,0.7927465233171366,-0.5297294826763043
3.587540552355979,1.292906942683558,-1.4542145923571905,2.409636322308495
-1.3270622505293828,-0.7962231795742025,0.47989785218091086,-0.03639647444662838
3.556801495669348,1.3892050426569273,-1.3498781218471316,0.16618721928041977
3.330711791980788,-0.027116859565172298,-1.6265305769461254,0.47151237268137286
1.4523631252594982,3.773192558770493,0.25113823365369803,0.9029216910758499
3.0871009680003785,-2.0452126064123544,-2.4887359961850373,0.3783453081855787
-1.0058723372380096,2.3442694000866116,-0.36017925993759314,1.6190345988034422
2.9574737428802176,-2.026526977759582,-1.1185497035040004,-0.24618400267642987
1.0496926309197971,0.6372571116338173,1.912663868705292,-0.8020743845931417
0.8253226050235903,-1.723118848949444,0.7121896298392753,0.07217171503660988
-3.2400982737050326,1.9026436967254297,-0.6643148447123841,-0.7099768011692118
3.494335444099662,2.015235536753778,-0.39963920431509176,-0.5443473591742041
0.9131072827911233,-0.1411633872377424,-1.7061213469903265,-2.5609794090046254
3.1116583571312337,-1.9414132619640931,0.7394024137079643,-0.7455890405324446
0.8987325251793243,-0.4795900019656431,1.716336016103065,-1.1378105877410432
-3.3268127321626806,0.7865186505378394,-1.1968577727221863,0.17684971178674502
-1.198071809996313,0.2184197883021191,0.9330810681564843,0.7157651994391238
-3.808556601832884,-4.360165422809698,-1.807579178751078,-2.1913002397782257
1.0431644482087035,0.5712249598136931,1.9038556447878916,-0.8233014760266812
-3.515367589269564,-1.5329237110603666,0.0034059380227987523,-0.77372196966483
0.820012390758529,-1.8999092379588687,0.3698834074777007,-0.3747323699262446
2.887221583623633,-3.799344998258893,0.6034501515735761,1.3387109679069271
-3.2415555092967936,1.9192256117527158,-0.15223919654819307,-1.1404321865178209
3.2439400657111097,-0.8059533893967227,1.0539930659375878,-0.3552926501559517
-1.0027175581924153,1.6451824621126585,-2.1416501380404123,0.15435876369353652
3.5365569571923188,1.7398402487640519,1.9603509513663055,-1.544412885553968
3.051231796193593,-1.8025918985031817,1.6744241307934709,-0.7387515593213125
-0.9549692897890262,3.185664696656394,0.13619478438811175,0.6327221513771903
1.0054506850939229,-0.4651073960130042,1.5646081419555535,0.5259336615175315
1.0345922406089445,0.4182289276126828,-1.1759341762979691,0.16197052518290822
3.614034780636823,1.9613147602907257,-0.955913042694037,-2.7708149546821454
0.8136327166073347,-2.325686874207926,0.1664153188014587,0.9850179597622198
-1.1296756908800518,1.2840996376451321,1.2974825836812331,-1.4278471741906036
3.539745558200874,1.7942499888620809,-0.698301590065875,-0.12560221425682347
3.149270037933367,-1.3008153741234498,0.9874382922593467,-0.5357404730669251
3.0136091952411945,-2.9142397677540672,-3.3430039552407655,-0.7013021980575986
1.2454391813275294,2.3590251225703405,-0.3693373989073502,-1.2916661638591493
-1.2716739326081894,-0.2880981564013646,0.7998324029345247,-0.6862227199567646
-3.726131364126192,-3.0475244094135525,0.07458034250823002,0.5838753259682037
-3.2326499878563357,1.3077042070614864,-1.3988951109061478,-0.07288248062970759
-3.5472535145680073,-1.6750315846581012,-3.2105308529043564,-0.46145685555919014
3.0561795633126487,-2.146473611485895,-2.1835542770342764,0.7309291992491851
0.7881296264783573,-1.4982771294654422,0.3717720004320909,-0.11376363051566314
2.9314235406662505,-2.8797797655984163,-1.759134068860271,1.3157799628259295
3.212067582968508,-0.48604822605120185,1.1346574521206279,-1.948452431101786
-1.5156005686399092,-2.55163278683673,0.49506180627304586,1.2060840757390499
-3.3642401060312475,-0.007085588203471437,1.2355976812629463,0.17796981592582256
3.777438293867593,3.8106414193462754,-0.4323166454039066,-0.33835646326843916
-0.9533728348378839,3.0682799088480563,-0.22497847031151375,0.17525602142631788
3.374032933120751,0.5725186083656454,-1.2062065971167368,-0.9808279092125141
-3.3623958871669624,-0.24297522293903967,0.9546452089944407,-0.30626816477867475
3.533380488588141,0.7982503999058332,-1.7504916379441642,1.0278392894372603
3.114023089308324,-1.4189172485440273,1.2903847878384842,-0.19033887344584444
3.1263672601603485,-2.1957281310815455,0.8853203013937757,1.8930084403697482
1.3691163955524877,3.204931679119716,-0.07516806722128179,0.2923152270693796
3.2870028664083986,-0.07243020779611545,1.4615798446587227,-1.3535320066903778
-3.509441929400331,-0.4709039203831773,-1.8110960254567312,-1.1531060855123065
-3.4204977511624737,-0.6191511373059764,0.9917727973343735,0.8189092883790514
1.0159831308750682,-0.6928231887612708,0.43551279972618717,0.0484161443861432
1.1433451402542045,1.410507139562358,2.198447435923474,-1.338643141259802
-1.1780164452299149,0.6672670542374889,1.4957505702645524,0.43846752985474013
1.2472537190459712,2.3105435577465996,-0.37642344025548985,-1.2956058197408664
-1.103232070058241,1.1816557782606794,-2.5687435503067055,-1.7115353420475508
-3.5131279719165156,-0.9490015935414312,-2.1999222523966275,-0.4611557584215354
0.7824618689980786,-2.0923370543570945,0.5949791074084255,-0.03979550372039853
3.0693738453547033,-2.5836053288912963,-3.2986152377851345,-0.5843606178010434
3.422124109542201,0.8266479020906532,-1.356672870510676,-0.0681646120952108
-3.2736502637958265,0.7686947704060456,-1.3760903547824954,0.989032887800649
-3.540178669411416,-1.3684989024822851,-1.806890607735152,1.7311106964536083
2.918627859317112,-3.725422393153447,0.09181305009942442,0.515546737532155
-3.4177149184511015,-0.7337072499756985,0.6310111810497321,0.3624871364054909
2.954050140849236,-3.2924633286029668,0.7394115872373703,1.4965244817153973
1.2591650112590718,1.30728445496782,-0.9671511967921835,3.204754326360886
2.9824947195682747,-2.3174108331319045,1.4430224943405747,-0.07335763634424274
-3.2720083410620875,0.8754115453140686,2.195903429104954,0.4874959188566488
0.6851968426159172,-2.6296417948857225,1.045295994991202,0.6160858970109849
-1.4258461505423592,-1.7131699527241318,0.6051123848740368,1.5018479892813585
-1.1605116964114683,1.1645771851836761,-1.3849040782146536,-0.0687261361974506
3.015571576440731,-2.351036441334179,-1.486041884376288,1.9720671940874972
2.7580413651222657,-4.694855651475422,0.031541816540154206,0.140288841864188
-3.4080793893695773,-0.3571564368564345,1.5083394090178024,0.44853117043267676
1.284847321862552,2.129281776518976,-0.6032467173121786,1.2026714265845164
-0.9052056846959962,3.0630781128483484,-0.4675967656563907,1.4105539943610363
-0.9677046829317131,2.124850047397907,2.3958398302946775,0.9949355635619027
2.6361397972449296,-6.647398205186501,0.45369169498620426,-2.7142286964301854
3.5236806323110144,1.6660369417850291,-0.6279980823528569,1.0888065185482723
-1.297028331688487,0.5450035143548364,2.298292762602266,-1.3070141168309533
1.0174306875862345,-0.39866770143595415,0.7259296432029394,-0.6783161072939082
-3.6563617159983552,-2.6759527339041944,-1.9718285284881454,-0.6147215533869294
1.3766736187111563,2.9293595240465717,-0.014224032971647753,1.0129939895039437
0.9962979602875864,0.24190712093949615,1.8132510644658337,-0.8980455078999053
-3.4715201354440475,-0.9325727742297929,1.704954684663727,0.680709980066715
-3.4643570008219196,-1.0323698663477732,0.5914275393559861,0.2528473811037224
2.9733543943013414,-3.060277595009316,-3.0165339314929245,-0.34159395417379795
1.1082667895764033,0.228766428834653,1.7431806471270037,2.044742543461573
-3.8042962436950796,-3.6378596138950967,0.1810966075426466,-0.44594093501019805
3.5867243049654247,2.5235973954740007,-0.5625867256366788,-1.5689445365357002
-0.9786196800023581,2.366605365086549,-1.0406000451039588,-0.45560984955064654
-1.1739293939889706,1.2411498329909685,-1.0294993692424361,0.37483005941612196
-3.31334445157903,1.0603190677302194,-0.564648899683865,1.0997859227644744
1.0073211394100832,-1.072615837775573,0.6795875080825665,1.852230162485023
-1.5701276714127406,-2.488257602979194,-0.9527616775034804,-3.3826970148300215
-3.1912449927822704,0.19663731801360856,0.2569648460682346,1.3449578402344464
-3.4693104305610882,-0.589840337134077,1.295353568753976,-0.06990034945643521
-3.534983507285178,-0.6056445192572998,1.1969511665529378,-2.986669352651419
1.3397554465094754,2.2991771616925387,1.7406035947829728,-0.5595579350456233
1.2565418406797029,1.5214688116275512,-1.0302372502741237,1.8112410605945457
1.5138653366787218,3.4125126069134657,-1.0484141335817672,0.797566850853137
-3.5048510455349615,-1.1241946052683893,-1.8617958877833933,0.5598673145301889
-3.4688009277532323,-0.9662069587818403,0.5997906626513472,0.27305993007571017
0.7883427728919878,-1.173973865112126,1.3529730106226543,-1.8401192068805305
3.492934948374318,1.4174695600844551,-1.182795134316868,0.14516352532151958
3.154480476485089,-0.9470491506313778,1.2582682950612483,-2.92998138561657
3.138157125333955,-1.5954959703906695,1.4504407075706247,0.1781844222835406
0.8935426160774326,-1.3483899943972788,0.9649862193145514,0.6754646405564118
-1.3937394614590366,-0.8725383264432235,1.4947925985135968,0.3482679507400902
3.1831656449180614,-0.9719371017298332,-1.8480671946052596,0.1241788047698869
-3.455792910518985,-0.9249217454204408,-2.5196643874107285,0.6247943268988542
0.9017005475964961,-1.2773854521231356,-1.9752578974195318,1.4748908803416478
-3.4126368364475876,-0.05088309212141777,-1.396547621509328,-0.1373677445605912
-3.3409276640881727,0.8614052230032117,-1.0444017824481584,0.15475203128690268
-3.409758292680117,-0.431212171769304,1.5863574807880192,1.6798676910608323
0.8018459707882826,-2.359267310953985,0.5078162035298682,1.3923725750750557
-3.3038310782822,0.019036926794845328,-1.9597017698791177,0.5687509758495771
1.1219299301415002,1.136552509009634,-1.2098690645930164,-0.06538736863472472
-1.4533771135978788,-0.8127945299421512,-1.3981846926109789,-3.893640872047464
-3.3314504822570736,0.977722358272368,2.002855134248349,-1.5934399601104012
-3.5485944735893242,-1.0999127899276302,1.2275878049002422,-0.25492406947707147
-3.4776957649336278,-0.7159442250192726,0.959350632080364,-0.4998467972078964
3.5432396150374297,1.7259199265279364,-1.1421034327123771,0.26202587938319616
-0.916575479991057,3.4648580982711903,-0.28024884313909804,-0.14141959610118793
-1.022836131315531,2.7602514060546652,0.07938548541874717,0.48091047361044004
-3.18270599829347,1.5225768849824821,-0.7544215437037984,2.1079435482790183
3.456850441583749,1.5753288937736905,-0.8724440559100735,-1.091305364237382
1.4209898636716458,3.7197810800554927,0.22471029403285614,-0.40032627791898573
-1.0386241352505112,2.4444816276487593,-0.8302308486220041,-0.8947457153190095
-2.9578685545142767,3.1621932115261884,-0.806105515156573,1.0083806730198115
-1.0675822603638268,2.371226847019702,-0.405175106186919,-1.3366384799745659
-1.1372972436623419,0.5543043950167996,-1.5178828390544814,2.4838446048905363
-1.1927999891739534,0.316393984218334,-1.9287697164334572,1.494556078718387
-3.499874768592417,-1.364009698107331,-3.169264328876224,-0.34856163822108555
1.2032892647248419,2.328703576672184,0.3772309685649484,0.7703056718377825
3.458295435481687,1.8487052364321148,-0.17182187925105977,-0.19273439160214814
-0.9208499870010588,2.960344613697637,2.619690541327354,-0.4366408199110919
3.009506146800095,-2.9115974363761126,0.9533851633898612,0.7826421998152365
-0.9828310717186676,3.05400443566946,0.11837580026825133,0.5844458636004729
1.4453328977598658,3.6012396868149565,-0.8157212657078287,-0.8582706462322205
0.9912990613350136,-0.50070900494672,-1.7099657449369243,0.9033501284397436
-3.5313211471586263,-1.1981072991582766,1.4845152727160187,1.3997009400798783
1.3068933622877557,2.7556860491409485,-0.6572195421229008,-0.7170155195575815
-3.3974189425415218,-0.5970372657689231,0.5620850840917418,-0.8501817396117858
-0.9630408938760898,3.0271388455887482,-0.9287492389554294,-1.127132442681794
-1.512536563654414,-1.7318911662912688,0.26154892324582685,-1.636148266703837
-0.8556406009637992,3.9787966732865763,0.4730860986485369,0.04308762662159558
3.323999477542825,0.17633744592958234,-1.4429919421002284,-0.30320320662613226
1.488613757899613,3.289859029049651,2.1231542057664505,0.20273246306612294
0.8576213636167243,-1.6855905415352361,0.5743800149286684,0.13902294027041048
3.7131250572532664,2.8562993392968155,-0.6515582102888391,0.24020826970761344
-3.664624445732566,-2.7972351421763815,0.46999223503293275,0.28327192197384893
3.7636937472370477,2.9051646474154427,-1.3296711706063609,0.2690472353920287
-1.1698318830537877,0.5635833410137838,0.9125596015579576,-0.3908102762444894
-3.3677972507395837,0.07042147063748505,1.9055830904984514,1.018192026144039
-0.9938293863326184,2.8716156310174776,-0.06687582816670255,-0.7173803313516635
-3.2134397569920354,1.5462980238361055,-1.1831057110007146,-0.8108171234790583
-3.2973051228433805,0.8057722283097137,-0.850073865542949,1.85114782916609
2.8449323242924462,-4.085778355631745,-3.769638579236203,-1.568443836262218
3.2313755532999555,-1.3801323455398733,0.12959474297237275,-0.5401126074880725
1.3613372199516915,3.35680929304479,0.4268676392022111,-0.12110681201596471
-1.5434390899980082,-2.3185542045309018,0.182992401761585,-0.5970309848282964
-3.1114836873802103,2.221973378599135,-0.408951265141502,1.517456001868489
-3.2695621601446865,1.898113504593743,-0.15619038766885532,-1.1491768971967111
-3.4907639229143888,-1.2482017498916151,0.7064791636401703,0.13049653755943336
3.3763855189381364,0.7866793464925603,-0.8327341063450384,-0.4882094914460397
0.6371056301239162,-2.742595666645875,-1.592135730898816,0.47680087648496644
-3.6283803331314006,-2.1751657491325083,-0.0825648223039748,-1.0068473929033424
-3.652837008489658,-2.7009212043598096,0.6442028295812026,1.55771850764822
-1.1181189141448942,0.7105501671465605,-1.9239438321321238,1.6962467222200333
0.9213064922020537,-1.036904586248223,1.3251786552455964,1.1722648233646664
3.629543805240497,2.492750982191367,0.05153535325080834,2.1778881331053377
-2.8576439189075984,4.513605242183183,0.19236598239004649,-0.2103285651328436
0.7529752473807528,-2.19582887586133,0.3294274269492186,-0.48096143172652245
-0.7378722994057546,4.5797035351041595,0.23472911809861396,-0.12807720537987477
1.1535879349454652,0.7815620911147145,-2.5851117477156227,-1.7965071110648319
-3.5080331786261145,-0.5761089011844277,-1.7188390712836015,-0.7230162550122795
-0.9771211258498746,2.372899056277699,-1.039707903857712,-0.45369511622028036
-1.0763515623061772,0.9272073790081959,1.143675986135769,0.17339653972328972
-1.0153496237235529,1.825019190004797,2.08432487207385,0.44361491110500656
2.867775913382165,-5.1164743411974225,0.9287679049310463,-1.7209072701263364
1.3819500234856616,2.6910493775598536,-0.7103192252368337,0.12953855586190846
-1.0419027649215302,1.6126711227436112,-1.7524433531938561,0.493191612589574
-3.142966482586982,1.7646895464913297,-1.8593207678781425,-0.7617915902904994
0.7176477456486458,-2.645427531282119,0.6981225275529869,0.19854724107317842
1.1561384298860236,1.0105705338680933,-0.752785752246153,2.043181238159833
1.0408613863966274,0.13183899410118108,1.895694782339946,-0.104424249542841
-1.0340166720283794,2.812450042577636,0.15478854992617244,0.47115445497696573
0.9433067509209809,-1.5036566513061778,0.3504110350882387,1.2585991887323353
-3.6679196567709385,-2.8463374703063127,-0.24366935341320248,0.23895910310982998
-3.610887228177579,-2.5516844974334822,0.06771483763091472,0.787811324550217
3.706112672015045,3.4659162625038618,0.430454201799716,0.03553147127710199
3.3368595783541237,0.2781097276923054,-0.5824363432592308,0.9670399701536917
-3.132220281126322,1.032431348659942,1.0300191568777681,0.147923246649408
3.289423325513024,-1.2619153876333684,0.9213433737548509,0.9927757710402829
-3.401639961613192,-0.05756498722025103,-1.647946045415435,-0.5436768982967127
1.3440960621318632,2.9664413838918424,-0.20183508018070254,0.19636165373492362
0.5374061939007779,-4.141838973671872,0.00026778131731133837,0.29984971134587723
1.4495471410380425,3.881450356068439,0.333623241523132,0.9177757636389828
-0.8994362687655851,3.440258034631713,-0.2627341475973613,-0.9527333491218974
-3.683756139696328,-2.641914565720185,0.2915919320214805,-1.5870997686522206
0.7886272985223858,-2.479836063719766,0.8118040840838734,1.733813974662547
1.0734722279153153,0.4503639426110548,-1.6002396950608204,0.5822208813028569
1.2721359986456773,2.0903757500361464,-0.6082019934738756,1.1818530861368595
-3.6593535408474005,-2.2999319438326253,-2.180361349569175,0.988032114828105
1.1837414235178256,2.1287907565294093,-0.21790150137577408,-0.1120538358871858
0.6804719982709028,-1.7572663425713257,1.8658758757221185,-1.2226951421344618
-2.791902660448381,4.668258627537861,-0.13177071638094162,-0.5666991219494065
1.1974684384680927,1.5714960554335269,-0.6769988962130759,0.9955980181880973
3.3635092655029823,0.5367852202982791,1.8010781373635825,-1.9791215113025442
-1.851837862162856,-5.689364706079647,0.7796047369546774,-2.0499641848256007
0.9263815953237508,-0.8338184790879108,-1.3393330154233904,1.174316928011265
0.9368718090442254,-0.23840188897574224,-1.5349051387553918,-0.5148217245442337
1.291548034675944,1.5937335563709365,-1.7929061440828238,0.5822696279811217
-1.4119086260735247,-1.8326178692983328,0.19578717862470796,1.1060349398699452
-3.563124409567809,-0.6337704379844871,1.4229242272572495,-1.7847180801365137
-1.1664375576885497,1.2656152439328012,-0.8410029444956928,-0.44173525777839845
-3.4033305201136694,0.6773234954209499,2.5531459319920784,-0.8758862625268317
2.9500540342205404,-3.5439143669811277,0.11594448512476815,0.5831458279510143
0.9777031719619514,-0.2960008542051653,1.5882172869083968,-0.6672845013608522
0.7633070237346373,-2.2360168417062285,0.6643591471593814,-0.9124667842176696
-3.3328243289866433,1.054464562865916,-0.24655722651452663,1.4820206155602438
-1.4335520446889993,-1.2823400462007373,1.2561059119326403,1.0205486592724948
-3.429270664222695,0.23319693680514067,-0.8764469787671708,0.3327361835798411
-3.543147713943193,-2.06175929077431,0.27563433293685974,0.9229243539271806
3.72682086954637,2.925968599920708,2.3697119030172873,-0.7148289920226041
-1.3459424119928889,-1.411129741625194,0.4155612227096948,0.40450688093355824
0.900729268500804,-1.7408359366823583,0.590407121072987,1.6131257605681844
-3.2230242282663064,1.3646990325866037,-1.3911125124646953,-0.05432202420997876
-1.5064287150600306,-1.8132672296597498,-3.217918903246868,-1.9540602077573914
-3.4107741654588297,-0.776472129065063,0.5391564700766788,-0.917531285182617
-3.6554707203478793,-2.730467886194233,0.38984418726638204,1.1359884081914615
3.1751580437579854,-1.0498634853515434,1.862254748324367,0.7910788485597192
3.0429707262691075,-2.2824723580730395,-2.9364652993538494,-1.554569230643388
2.964006931491631,-3.186027921318011,-0.9720708212314695,-3.511378627719418
1.0255514211225418,-0.17781941564420942,-2.347708366573413,-0.4433129342326933
0.6878284540253111,-2.6904626456655176,0.78678426028984,0.18919544531677163
-3.315657062581783,0.4338044908830466,1.5465927748207797,-0.49392560085550885
1.171656288633211,1.4174103052715996,2.1318324027306392,-1.3140667161810675
-3.4145963105159267,-0.14697197771198497,1.3540090098010518,0.08432141299349284
-1.273695916860224,0.047855389072407224,1.1824020788467653,-0.9960454793365827
-3.1413897960749946,1.8888888903138656,-0.7246098808919474,0.9556559215098368
-1.527333174129932,-2.0810045283784757,0.9204457017440147,-0.47918979167471804
-3.512649142280169,-0.39049862674120245,1.3870208043945484,-1.6748530542405746
-3.732838266170053,-3.218710978278629,0.053019903361031996,0.5194645820123758
3.4536915946571995,1.097259883753258,1.691095722875954,-0.9560743931562055
3.6376493662682043,2.407969940495659,-0.2787627959838918,1.7664654019217285
0.8452634264675402,-1.7131536830398792,0.7340062258172328,-0.7246175361842363
-1.5716469536250015,-2.9795763678551017,-0.22712512809017815,0.24534139860182586
-3.300550242216384,0.49494888955001776,1.3914844555212331,0.37968898170967297
3.72897173196289,3.4585360238358747,-0.18736803884447384,-0.8265220508389313
2.928313707270954,-2.975978583827055,0.6970563518372866,-1.1193100524477393
-3.155381830618359,2.073901697107449,-0.516764676165107,0.20226425262080647
-3.730844633310889,-3.189327734019534,0.14600690785907341,-0.3014981168078428
-1.1258758224395455,1.3009332622666732,1.5716116433374192,-0.9816917975836418
-0.8960323698741658,3.699232012250656,0.1854856859172862,-0.4683433693738365
-1.1454662600796621,0.9642252365768157,1.9698876779856747,0.13456338301064663
3.60909263285068,2.583021516351477,-0.738681376018789,-0.7270606622922848
2.8919993774843764,-4.064554918612237,-0.549527499479653,-0.4273834354053646
1.3258037040575692,2.478430543734569,-0.7594912102147248,0.8552320822570147
1.4358750451043059,3.158887859665287,-0.3022984009545456,0.7112365395918913
2.7960022672894618,-4.521423741680869,0.346531196598619,-0.1570433642764394
-3.5530352157696736,-1.6983575590501603,-0.019255832929328805,-0.8326755862120614
3.242780732446544,0.08525108507327112,2.146508674873038,-0.5099363964223242
0.9214622075136297,-1.540898753194263,0.41386730478182593,1.2191712787024787
0.7798310578265417,-2.5746230434877617,0.20835632612856292,0.8691437550786799
0.8704891627262129,-0.9014670051266377,-1.0064386967710086,1.352134308934301
-3.498956538732012,-1.0598049887647918,0.9805945179374405,0.6046133146570545
-1.2397876387442268,0.49277191720730634,0.9421346427259143,-2.12187239656136
-3.4729115640791504,0.3871387001812182,-0.268529598514868,-0.4324671242574653
-1.1701840322958974,1.1203807049281735,-1.2950099562904174,-0.07926180267206284
-3.235976602904822,1.8866948117451945,-0.5026799230272483,-1.5661252395609628
-0.9389683514092176,3.335904281665008,-0.2988763302741343,-0.17128554181957997
3.5465730596798855,1.7331685296734753,-1.1410480425681624,0.26487415114967217
1.2016849932401608,1.426073764810432,-1.5639493969270537,-0.32265492217224523
1.251635974338812,1.9308522443593776,-2.0476068665444176,-2.67433714059919
-1.0823139906673427,1.46212672585141,-1.914067323174812,-0.7566318089096973
-3.3735575032819978,-0.06883920502117251,1.4060553917573746,-0.6506825200252502
-1.3787491832008758,-0.9487659681859081,1.300643757563102,1.1406496856036783
0.879041435831928,-1.2415440482633742,1.4130445645191207,0.3019524129151603
3.4693483094372253,0.8593593327843609,1.250160447416043,0.008336933993147526
-3.4721882015356047,-1.764581477346409,-0.3494151135519623,0.22413981595203888
3.4482103898867287,1.2040817052860664,2.2085245783099006,-1.3520419063109734
-1.1872714964870528,0.7579092477575096,-2.279442614763847,-1.449579105842144
3.3660837328873567,-0.106284201054909,-2.5736785825743125,-0.7865349097733801
3.6394385929660413,2.8074024476611643,-0.437324946239252,-0.2048714413853088
3.671973206031634,3.242774652631815,0.01352017567344401,0.30947563106107057
-1.134679769089829,1.4495890218517198,1.6643238385779238,-0.9507311106436879
0.7072041907542865,-3.1129406572372216,0.22588698834747495,-0.14897672771816234
3.3906709589789377,0.4361570519692511,-1.3129659127481734,1.0249594393681003
3.160910001957996,-0.7565306010200833,1.4444278273053524,-1.626668071858101
-3.660731526549786,-2.0135503754148334,1.3758593788045101,1.10620420314744
-1.2266459623726491,0.6340765362800986,-0.7707751481854095,1.8220990069881118
1.5362902713121442,3.3788451095323544,-1.6218040563918557,-0.010379615802572722
-3.4744787006973405,-1.1659269095456408,0.5736750117819203,0.21102884280148562
3.141295854667938,-1.2077360257288372,-1.261438888444404,0.8958701094130705
-3.2724661311369903,1.3767491078136118,2.375233213000981,-1.0609044756645627
1.1645977867724748,0.6539630207387027,1.0500397544484752,-1.1222002646665796
-1.2398518207544587,0.6364919409577967,1.3066249573676152,-1.654193244479106
3.2902896804672244,-1.0240248868706316,1.2035067946591664,1.4676117631333625
3.229206147322289,-0.8605645002092177,1.0460940785746295,-0.37103168147942167
-3.751467925240622,-2.9369926363523793,0.48231047202815425,-0.48339886468312854
3.436205814457053,0.6938358834246932,-2.2147696963669166,-1.351455167156341
-1.1367766387991103,1.5635733362064812,0.6270099244564298,-0.5428173749694042
3.2081592413148363,-0.8502328795912223,1.5508326026362498,-0.8039296728148821
-3.0339671826604997,2.0599213440075292,1.5047939077863253,0.9402087153147772
-3.7130945877501023,-3.1630496278702642,-0.18996522716734343,0.13358787164956787
1.013989797927149,-0.3303037999811695,1.5161259663866449,-0.648818620580979
-1.427641152398411,-0.4528750297423181,-0.9825922064010018,0.2046341869451773
3.2588123862704714,-0.7941314046845673,0.9812856952215776,-0.32346740993435336
-3.4526341784271017,-0.8267228449591325,0.9641336429076157,0.7444561406520068
-3.530052555454604,-1.855349530988385,0.23406229090378725,1.009484507219661
3.538003820601075,1.6272139750424874,1.5109701613899003,-1.173643114357798
0.7497122007019351,-1.6424636398155934,-0.526565921649706,-1.2475551161978966
1.1696285008436726,0.49952479052986726,1.2103962509385366,1.3401104688763064
1.5152860772828978,4.300319713042509,0.5529418115192205,0.2167278912623582
-0.963310061891647,3.1327733527936323,-0.2088500379360311,-1.0542616247345544
3.1459891872184502,-2.0994682300060434,0.8975756296315986,1.9373262946735295
1.258644926948076,2.627221079904867,0.09779913447647012,0.49106233416613604
3.0777743608149577,-2.0990879897047567,-2.9114964110924912,-1.4916161964019534
1.4459694938201202,3.2226871248015283,-0.2938640341839229,0.7349996873148181
0.9535846019658966,-1.8859685797062349,-1.1393604078461428,-0.7335107266535794
-3.590940445312299,-1.8869412307466855,0.20615312330385524,-0.4945047308509094
0.9788001210922185,-0.2970995996309602,-1.522821695669654,0.7490709348097018
3.617439034654741,2.4055841011533032,2.8902909993596126,-0.07314268740596469
-3.367397905022263,-0.7403887499740835,0.5660321168037212,0.5969327541321293
1.1300655634093995,0.5011414875643463,-1.161884289837674,1.6550865329298592
-3.515271117774734,-1.1291132121168916,-1.9517091729702687,1.3843753316279868
-3.3763800317466135,-0.7273185747628023,-2.0544780974673875,-1.7887091302742046
1.3214982926308356,2.920169312345997,-0.11333443861530743,0.19106535368573402
0.9063610415857921,-1.5808148561962903,0.9306302839246341,2.053964288076768
-3.3753751363061086,0.20504342063057146,1.5840216671439145,-0.6006367548270953
-1.1383620336576405,1.0027749603914002,-1.562448572801924,0.7209413441330238
1.4624126039532777,3.80953039456154,-0.5166258243130593,-0.3470027902869715
0.6946371854966576,-2.6108128618988893,0.9607078919962235,-0.6346793341195537
3.770716043862093,3.6818850273575814,-0.1574910540643503,-0.7436995015190028
-3.441855247071447,-0.6576225357685304,-2.7522852307283703,-1.170770338713989
3.0405680397670833,-2.609597694510895,0.21675106847673928,-0.574478853376923
0.9851582014090211,-0.5367815268001817,0.8919874940462733,-1.5524415352471488
-3.557367971927622,-0.5493244550592781,-2.4473960426700687,-3.6903763697630563
3.0264683696619357,-2.891505908964447,0.6365811837833609,0.4100818095426367
3.240521736498016,-0.7285549666531564,1.1324485976272194,-0.3499250918518771
2.8356977342725678,-4.371648809679547,-0.06806676588419995,0.3083178559276195
-3.6399313451452793,-2.550910588042294,-0.020734814715251224,-0.4734187600042322
-3.1929358291850307,1.2968084022337112,-1.2170643764031635,0.3524140883319833
-1.2441069107559275,0.18810563609683237,1.297211443517349,-0.9382213754972506
3.3081129243096465,-0.11539595225856625,-1.3880851537996548,0.8494461624953037
0.7312980435951587,-1.2550019402622012,-0.7302677013522136,0.30817296237931524
0.9568076092110569,-0.638950899335458,1.128460658114884,-1.1801914346697444
-0.8155418575810128,4.087491175860113,-0.19720074876182356,0.08301535783570811
3.727046969251546,3.509889706705734,-0.47256274983994373,-0.446129286386106
-3.471401188447741,-0.7977329282086163,0.9491823162827354,-0.5264274433276281
-3.4993434751099635,-0.74728293779863,1.476739759787084,0.33952839524572104
3.2295423377741783,-0.9533595236859733,1.0332484371533504,-0.3892967771493359
-3.1708396239788708,2.130566010629539,-1.4747733520126167,-1.8594394592633305
0.4283200842040275,-5.0387678986803115,-0.7145287906203549,-0.8507922521113324
-3.714603733447022,-3.306882933550627,-0.5544620990273937,-0.33519011785313363
-3.6376421916496158,-1.2626214161239822,-1.4690539246047347,-0.5622709670183935
0.9704290670283651,-1.135132017298708,0.9022487710983493,0.9570267820234216
-0.848416398328137,3.8840914213424345,-0.2242976489241186,0.00937308790819547
1.404937140710972,2.7980291481223043,-0.9464867435731861,-0.2406202829216631
-3.5900890886087815,-2.3093273099503144,0.3498326462112205,1.2839006883897774
2.9176295781015864,-3.6516279231287245,0.10091206378576278,0.543324018529388
-3.4029533548301076,-0.033222907196398116,-1.6449329579344223,-0.535260424633394
3.445454193849738,-0.3296855404591918,0.38145121751333894,0.5063282262436669
3.3243011118026815,-0.13246770725110796,-2.670448877150435,-2.064146300773628
-3.512628476072252,0.12751957458040725,-0.8250202002799444,-1.381800237831828
1.1071201123362764,0.5224552747355876,-1.5003029671889585,-0.22357307346873145
0.9121383937260218,-1.3186262765673324,-2.0648516398676837,-1.8874420558789993
-3.171187333758634,2.6512082429952444,0.01169938996164056,-0.8965726415657297
-3.214271172269832,0.8495001888079223,1.756767053538408,2.139042955624161
1.0204535436420572,-0.2014154658784253,-1.691505243746892,1.8228826215883909
3.4797333498277037,1.4871576571536957,-0.08178830964122208,1.813730458115747
3.1772790129326887,-1.4072543253274714,0.3784398967823536,-1.4004634414309183
3.017863568117598,-2.790952640458143,-3.2524128641973356,-0.684453995442066
-1.114390314544073,1.1142014425954383,-1.4585712732545408,-0.06448903785576784
-3.8459478108851086,-4.435756269403821,-1.818671771692326,-2.221551119230437
-3.4285375549847084,-0.6351371623765315,1.2224555161420354,-0.06874121197990055
3.198776064640885,-1.7000981952954124,0.8638064744388121,0.8116959481579291
3.4531043013329064,0.7713006355179057,1.58246040143863,0.5898842599968058
-3.2485833048473913,1.5103543963405615,-0.9580322115476114,0.3830445650412886
3.56573894783289,2.2911862409084653,-0.7776492166760552,-0.8292846367155136
-1.3667262038215833,-1.4264325913764948,0.5956761203727077,1.665159200243227
-3.291796798614295,1.2324972828155945,1.9218474079504515,-0.71374114538929
0.8760754062807534,-2.100062582691546,-0.3248247806455648,0.2184743609391194
0.9018491027758704,-1.3824835744716657,0.8654748379560239,0.6546018907672734
0.9469356199378703,-0.9494536623172223,0.9304441584843007,-0.44113224880670127
0.9279949562552027,-0.2466996426340382,-0.8520870236388485,1.5592164603660774
0.7793285246678333,-1.9301322771233995,0.9346030291676563,0.40716898270781204
3.031998552310491,-2.9498156812237903,0.19501285073806704,0.7905654860005753
-1.5568643327935954,-2.898552815476974,2.9095499534679203,-0.06855785630999062
-1.0287506976392515,2.0729312144542678,-1.1691379953596948,0.2705403518980177
3.188906059365729,0.11865177257667124,-0.4018798584778952,-0.8179908417777769
3.467106655193237,1.0914080611892434,1.7803689907290046,-1.7913332814230678
-3.255519206662155,2.0302403507340223,-0.2545171167199388,-0.30540652789921746
1.4447509585292426,3.8452222558960303,-0.19352490846802314,0.05372245038307249
3.304421999909384,-0.6907679561639387,1.0017265603523233,-0.2906695690879743
3.3790106957508317,0.29908812006883556,-1.332696311344863,0.9998051523684629
0.7139996649168299,-3.184334161152056,-0.46856866512020867,-0.17464496437134802
1.2249086510411933,1.7040645330398294,-1.1814712991442737,0.19337993419445254
-1.0654138458891071,1.1811254253773924,-1.5424591390297948,2.2489668881824176
-3.32455730414884,0.6847207242719849,-1.3895140974262192,0.9631955687821651
2.985439068285071,-2.7223784924008188,0.6158178522883295,-0.22830024598031562
-3.59226384083868,-2.2441742889093512,0.5018803448221685,1.255658890601543
3.178496507215261,-1.6568020862089086,0.6147968213747201,0.20951370750633297
3.01317147428875,-2.696161216238145,-1.865594406586011,-1.9020215472281066
-0.9125378415411304,2.916920324168264,-1.0088434200336633,0.5093310213521649
0.8108985745154932,-2.219427509729516,0.5741826032324377,1.381786388234207
1.2164078343156257,1.222569543311314,1.9929008294362163,0.3474059712887392
0.7758545179410663,-2.7805684882452417,-0.4154321011323941,-0.022530700075952977
3.5985111222584782,2.755148739144407,-0.3022932333951997,-0.27086783249733276
-3.5320795450149403,-2.176163921174916,-0.4038960864890218,0.07489237494817884
1.4792088139179689,3.979968091044106,-0.1751059901984876,0.10453519392272383
-3.5936993094761327,-1.5815642097358298,-1.4205966129919614,2.04469585913184
1.0797682953720436,1.4222429711143045,-0.6593049551740587,-0.7677945148880697
2.883155242652847,-3.923661902312426,0.24963351312617102,-0.3735615792638942
-3.1703995602508064,2.219809576369071,-1.4153277462972034,-1.8863974618703003
-3.6013739697510805,-2.1074044955231357,-0.9344126446823047,-3.3074942842526407
0.8955832727267838,-1.5208546726861714,-0.7873591970158671,-2.9749964400932396
-1.2812557104727187,-0.6768643655014085,1.1778959653072982,1.4592101693126007
3.3909559017426734,0.5113172325552261,-1.3056755429866786,1.0783107526300246
3.251552376041768,-0.7830028386765219,1.1463872769141557,-1.1777452244264146
2.873781772397583,-3.8649587061834048,0.6634389515276882,1.2931416296353124
0.48878302105069726,-4.5913596615990055,-0.13354941807628706,0.16712937800790778
-0.942705299116756,3.00188146672356,-1.2775610607395587,-1.5499668074847297
3.6779633121046955,3.2431137837490986,-0.2369470431633136,-0.09800499609709624
-2.952954051320434,3.687213993784378,-0.6025489616713032,-0.4986294371906802
-1.2588036610424191,0.4753881255965287,1.4615519514847057,-1.2792894187285968
1.3505887696631922,2.7574159415201343,-0.0371904979405579,0.9525242173288304
-1.1137969690329326,1.6330324307969841,2.2126590882897212,-0.05743067100049457
-1.088185400350257,1.2432396788438007,1.5720580880983512,0.6502011563338447
-3.3816335690400923,0.14617008297408293,1.5767842759626312,-0.6273892490988479
0.9303156219076428,-0.6978750498420953,1.3029686478984963,0.06298270358849677
-1.3607891783513801,-1.1370536324823732,0.33990958416627803,-0.16843623925625156
0.9184969773819275,-1.6304139621791731,0.5179651949381925,0.39223823465297103
1.2306161857500868,1.8567915595065234,-0.4765156255436742,0.2522155785047936
3.290386782071882,-0.021910720323102807,1.4680704390785813,-1.3352311529348617
-1.452363768430043,-1.7621116282871259,0.3520485530168853,-0.3773590036616336
2.931517450520277,-3.3789826922834982,1.8464366579061438,-4.7479212622869085
3.21059615766189,-1.431321056171789,0.6445704302270663,0.29173983385913915
-0.9900968127403458,2.9256902032504004,-0.669462675825638,-0.7422261345489037
-1.0102398285799112,2.3110022793753693,-0.8179413208254512,0.7327344228022447
1.298148748234272,1.259888034944926,-1.9092029363500242,1.9466764861314583
-3.536194358030319,-1.6951324596445494,0.7580668461891629,0.6337523051343817
3.325933872004698,-0.17152344658046842,1.2065016889478768,-0.149181283469646
1.2330346679682196,2.413543224528295,-0.13316015052063157,-0.04844811305289699
3.681299062848797,2.667575975324318,-0.4946302062724635,1.4495127329873851
2.9810306053443445,-3.3989927441740257,-0.4615646122753254,-0.18914546322038311
3.2098978805271936,-1.232710440806516,1.0640398275635667,0.721418332247316
3.2225146883173448,-1.0808774137762016,1.519279646425375,0.3617757002937528
3.155597144153504,-1.2105534833922225,1.2707359201689452,-0.061195552950609584
3.2295584862537634,-0.9869764843217159,-1.7324886921613423,-2.548933373860903
-1.204503398036522,0.1374734880036438,-2.9586530777182602,-1.2484651430518185
3.4408454782366196,1.2617667178317915,2.4662309754391623,-0.9241208846439772
1.1718089568238683,1.317772302789689,-0.8059674802286517,0.8985864562887953
1.0987713949247953,0.5611887885685289,-1.3345999664261425,1.0336568171713747
-3.663444550165726,-1.3674522496963353,1.25723972058868,-2.028734547148699
0.9714356281026257,-0.0042200021775784715,-1.2319288324918396,0.008674503042502084
-1.142264487846404,1.9295369230437385,-0.28119694926443006,-0.2293381267509741
-1.0254344949725895,1.4562159150812206,1.120286556377631,-0.8942459485819271
-3.3540789870389665,0.20421166184706516,-1.612476273052047,-0.4529932510556954
-0.98954069292899,2.4354947150677084,-0.801272697634635,0.7771342521266396
3.1109608682811016,-1.869025907220016,-2.1943148278431295,0.8902022795696771
-3.595461910141839,-1.5354902953269391,1.4398528747687878,1.2681762827319143
3.473138822300581,1.327685922970703,-0.6731828552666289,0.9701902290011368
3.1827569500536885,-1.5282253116068392,0.705955216014575,0.2294427344774239
-3.5552161664516424,-1.8118957663299688,0.7423745868523924,0.5930674703805769
0.8145149138369232,-2.2130193634574566,0.5745849449761844,1.3912271576059794
-2.8300647012305493,4.4822811865593275,-0.15690213781093354,-0.6346372663202492
-1.255982917299076,-0.2581744828014217,1.2369604834857788,0.1543401020958901
-3.3927645801381296,-0.08800505793223742,0.9675050928544849,-0.24810800930837362
-3.375342823410128,0.3355988753714042,-1.2780867091762056,-3.5434304596338424
3.342319773511138,0.19870054649710725,-0.9118221383543178,0.5529945477040945
-1.372291880283266,-1.2911855718691445,0.8456065948250258,0.8298372029665432
-0.8222723676224251,3.970380075896326,-0.2812009156317894,0.06410171383804875
3.4083895236025605,0.32540401661121376,1.7262380624178484,0.9043982214658185
-3.6761128494272177,-2.822741076454754,0.6281326138342663,1.509467912860252
-1.2929118937445743,-0.0793511641624844,1.5120064229733778,-0.6261673087902776
-3.0137688705996126,3.198930204273964,-0.5781095574423674,-1.4993365612935194
2.9515920955103025,-3.062947341053712,0.5023102001436146,-0.3258116984882692
1.0766892642264076,0.09015243404576519,-1.4004914172474696,2.3249158384789346
1.1193023006943208,1.1803074634689612,-0.4098711339341091,1.235978451568294
-3.2048573840010413,1.8776100845048826,-0.3871468887844502,1.3624629847337475
3.004612158365743,-2.1894323159896802,-1.5743801304130323,-0.7234254653049554
3.1536210622970047,-1.4612790957197057,-2.753387005300464,-1.2829777551246628
3.474242777920703,1.905130054044427,-0.4146906512675105,-0.5809169171724238
-3.318885269740219,1.2288668020980118,-0.7529092307048836,-0.9497766381941554
3.479748774490333,1.2072615786178953,-1.5568819061103019,-0.33905472371420226
-3.477096340351854,-0.5415498245840278,-1.6252341692894599,0.5431660956383042
0.8464031459398813,-2.011409973550007,0.6019643316504885,1.457400376898783
-0.8103752707734084,4.241606403044385,0.5085929499144121,0.13386985795940842
2.9581073351184384,-3.467868943213469,-0.1246479892888541,0.19942754769721588
3.0291014648505494,-2.786149298074913,0.7195350556412606,0.417015763465468
1.293422051780318,1.5093822673950803,-2.1229730576847765,0.16500539871181874
-0.9596421260491875,2.7403769753398937,-0.2398270482456254,1.745544696953372
1.3180283841120015,2.915127635323634,-0.11411335200176331,0.1889289754770328
1.0031037125488675,0.4830448075753123,2.415099919451264,-0.02767980368825105
2.947458500596217,-2.6951681045342677,0.8026836728879392,-1.0384241957682498
-1.5513615151380782,-2.905751543692856,-2.633721978709647,-1.4373491321627212
3.400084393224725,0.5172902810968985,-1.119680605269185,0.2583507207121854
-3.4247439665614094,-0.2944926889918149,1.4502381884720468,-0.7605358865137292
-0.9152319151045777,3.475691007386615,-0.278848072189842,-0.13722692286153362
1.1390023337491426,1.024674224218766,1.4837238700342115,-2.2793658273229296
1.1539501631620905,0.6568506742476945,1.2122130276284115,0.10890670629206006
-1.186134409639039,1.0081242415087381,-0.8830288587669856,0.7211489815642242
-1.3351580780997798,-0.7880820819337422,0.8003501005253228,0.35040852614626716
3.385110686015681,0.2406784722064618,1.898713705498165,0.05834993091215824
3.510736943070353,2.3182059223516136,0.32465575864982754,-0.4311467486627143
1.0311919072371167,0.6157124464940504,2.431406302735824,0.04120968902676101
3.3150332701129357,-0.381231289847087,-2.609461593013211,-0.9005089625036713
3.6588283129553267,3.0747230544278046,-0.5306034037368048,-0.6015560125583624
-3.6725033101825684,-2.7688785972274816,0.11257723913585513,0.6792801809444827
-3.425729667540741,-0.4939499112186071,-1.1552694284005842,-1.6890624462552675
3.2006733242099967,-1.2935306807411637,-3.0763283555785965,-1.6406197341552322
-3.659977307897095,-2.7051938202746415,0.4815061981721189,0.3195032385316169
-3.2157431139574717,1.3339091909270173,-0.779704881440881,2.0399051166196527
3.064654706667027,-1.7768352197389496,-1.6081335517310726,0.2474665133672218
-1.3578486507400795,-1.0374267334941025,0.5369759759692171,-0.9503151244254839
3.6899640029291945,3.206916095339277,-0.47146764201495844,-1.3270312410407912
0.7161158761788959,-2.330755881983849,-1.7699806357450405,1.5108032246419214
3.1711965526899317,-1.4788166268511478,-3.1010644166675427,-1.7067740415188632
-1.1913484445121831,0.32244818803597514,0.7855764702782115,-0.48575652972854605
0.9911203959094145,-0.4119785447755272,-2.3789757738126704,-0.5251060124135255
-1.2440189403870694,-0.018055757403212608,-1.6818187499983397,1.0136386645135655
0.7633559068635387,-2.7340690892796196,0.2762603685147529,-0.01369393672811582
-3.425772667517089,-0.6256190046314165,-2.045279736268542,0.32075135455679193
1.108579665052122,0.5298632007543502,1.6977706167001403,-0.3641248621811941
3.259416761721904,-0.6937026357381978,1.0686887014964728,-0.31311435014853306
-1.1522125541054729,1.3249181809581603,1.919599813208446,-0.5548427472911781
-1.429778114819398,-1.2366653197731858,1.261747523336074,1.0403125441851295
0.9504751462979674,-0.8433651358426775,1.3510501457401283,1.239960367102784
2.9409235664293556,-2.7711071786177324,1.0641991162711804,-0.6198793423760264
0.8701636443579138,-1.9701836011506975,0.648962363751812,0.703716149923592
-3.294128375548202,1.2553896396530873,2.3590705257962767,-1.106157486250508
2.9548784681337747,-4.197352012478274,-0.2732409415294149,-1.65375985917396
-0.7957698660368423,4.196376749493403,0.2709839837365265,0.9943641009432981
0.6772386811340388,-3.4201415822682266,-0.7718019143000852,-0.6994197140444053
3.3238857038141925,0.25223014681713524,-1.2490383459108751,-1.0937982936856219
-1.6230020078565126,-3.072430245561351,0.2894845411834563,-0.18857268469864397
1.0120725599469191,-0.7872190507183969,-1.9935833049672649,-1.6922545054259532
-1.5241129803969478,-1.856617191214893,1.0923670981777396,-0.44580909121433926
-1.0428970806426177,1.8811992175563155,1.8121607674106182,-1.626404859659948
-3.404916623283263,-0.7222418506283519,0.11183217189874899,-0.4980634713543387
-0.9975029689470089,1.258743375370777,1.0030717780549727,1.130792001062949
3.1860388830817588,-0.5402932497824995,-0.7575481714062214,-0.5604486055710033
-1.6851396291102632,-3.410824353651415,0.563967500351437,0.07156591862739796
3.2333907274388367,-1.3958828011479543,0.12783494602544312,-0.5471735450890948
3.496831973946699,1.3733047677117072,-1.0998492054180717,-0.6909930621356994
3.634548586634412,3.027987373279654,0.256387897784823,0.6744168424387357
-3.3130464073315893,-0.5272601727528954,0.33629524914084596,1.5164361915279139
-0.9449084428054857,3.3554004934649626,0.3896729922460718,-0.17110477534332114
3.2705029235257337,-0.9855798724198938,-2.4220541883859332,0.7914886324436882
-3.5270477343082303,-0.9354226573847366,-2.1997471259710464,-0.4460655462191005
2.988764343222422,-1.83224773719467,1.5729716339629236,-1.5752485652609078
1.187499096168118,1.1220010496233628,-1.2594782814195267,1.2304943774163566
1.0596946515875265,0.7716389978767271,-0.14032574919013432,-2.0476245245581013
-3.633321372619722,-1.967123854578269,-2.313268505853797,0.673112724630268
2.9680913535382345,-2.4145141187099552,1.3431404078745717,-1.371073441239515
1.2420141263102518,2.5778583750225397,0.41038070819277905,0.8600903341819781
-1.1751860338995805,0.20746549929330765,0.6132048988504749,0.3256164887362105
-3.398786908034273,0.3300516653614114,-1.1828361898076403,-0.013660173804275748
-0.7809240455317739,3.721208159253148,-0.5141684822556927,0.44403340401924973
-3.3733008950934753,-0.13704167462159353,1.625569676909354,1.7792980509163954
1.1236928804928341,0.4003476679366569,-2.5420898353008523,-0.6764158460612185
3.2139655101728097,-1.8245797110673707,0.43333702719778466,0.37611846612347205
3.2318461619639582,-0.8158783068664872,1.3237175142151267,0.08439035254579144
-3.351552293210328,0.46413140388314433,-0.8956981394744428,1.729410409341743
-3.7613641729665317,-3.4982627661801216,-0.1452868305725348,-0.8172949180491358
3.3242827452530026,-0.0022566436768145,-2.3075935724539116,-1.6020124610426392
-3.233824091262205,1.4364967262232178,1.7181844991302013,-1.8374133489743685
-1.33823326120969,-0.5272737754824903,1.0175770797630879,-0.3675752639973095
1.2709415801209452,2.4686865093222172,-0.5193139348307506,-0.3825783887786708
1.1369949368164791,0.8311425963983448,-1.5013147999858318,0.66273280816402
1.1568240787290296,1.0244677517850065,-0.7510686067408284,2.048903771117784
3.732186062466978,3.524641772581931,-0.08336489136791338,-0.7929660637147056
3.149301888275534,-1.5394532238192673,0.6108700606192674,-1.0353608607416924
3.4258614076888683,0.9349998301648943,1.9406182390188578,-0.567230456097047
1.4557808344810408,3.602642035988971,-0.11691546213832422,0.43010699027852844
1.1285464863178587,1.0536426292176442,-0.9282704639881325,-0.4586625174360665
3.4219598354574132,0.41442679388311726,1.6510079181612276,-0.3254578125689367
-3.3593491947300373,0.11330005696412886,1.0691910954711814,-0.20147539746115542
2.770584694546144,-4.517094664058382,0.8276751407048035,1.4622447337752387
-1.0615718042203164,2.0066280867770314,0.4353499681493124,-0.7893416478408253
-3.1807263083723734,2.2715724052373942,-0.702343001915859,-1.83707825870466
3.401108822535177,0.5889300893943645,-1.9097620289436759,-1.0062119060910166
-1.7420224648119667,-4.454542580042262,-1.7879046595897032,-2.1678056610866427
1.3570098567123146,2.655883896840451,-0.28213730788854213,1.7911976199700361
3.125892842413081,-1.6718775347728598,0.7544527248825825,0.1501722212155526
-3.4441233065900363,-0.707873502298366,-1.7100431592216796,0.7073542566717229
1.1943947560105428,2.2017801161426487,0.10973098911627416,0.32120031357024403
3.3131568701119622,-0.45367419903631656,-2.619142642633328,-0.9203403782711671
0.6768544058561238,-1.8334422707879832,1.7694470367333701,-2.516461031664184
3.1605064676211634,-1.3085438923991624,0.9122059222695115,-0.5122612268896558
2.942074063576585,-2.865614985781654,0.6188766299385002,-2.3318733178949045
-3.291023147361413,0.2436305203290012,-1.5925533716278792,2.3130860693214697
0.7194639733594757,-3.1480551875818934,-2.6297642070062337,-1.4637121738076901
0.9322878084974043,-0.5787179222808672,1.550420118827872,-0.7678334348376704
3.286893171941072,-0.3332812930835026,1.7066746439385392,0.6432919005442719
0.972960804840791,-1.3091820722307717,0.7368916931162037,0.9421477854833669
-1.0378314524782586,2.7505644821269684,-0.12495282091799143,0.008361546529892032
-1.039016653426761,1.632881957470637,-1.3899407713430942,0.12386285624702019
-0.9062011023577259,3.535908542443131,-0.2708421286493633,-0.11565573590033056
-1.2175304492968078,0.8838075782114699,2.111975136602955,-0.307347861621249
3.1367834641009775,-1.5332378949714165,0.61097500187443,-1.0325255606125994
1.2349021903468052,1.5069149418573702,-0.6866115027160331,2.2213631077962512
3.1961720381912992,-0.9888870988440365,1.348698083273245,-0.03946830814722008
3.1036956363617625,-2.190310042431016,0.5442953041528273,0.016333440912894907
-3.583189273429693,-1.2927023635599357,1.4040939576140292,0.14451259621653065
3.2821995198798786,-0.45768280035799136,1.168356504956807,-0.2509620550680863
3.7944264045590184,3.643844767800849,-1.1185958949940555,-1.1993715926387982
-3.7523648401206957,-3.3810350204342807,0.30335597499132944,0.9032925579307329
-3.459259850947513,-0.8052144090663776,-1.3859282774186792,2.3516794585904353
3.422019894369683,0.8309214991276797,-1.355978476900423,-0.0686393503291907
-0.8766853169897466,3.085720538537596,2.317360942929321,-0.7703420086264731
1.4019447043599667,3.331631505205043,-0.15336721120896987,0.3301033434323868
1.2779886829987144,2.156456724794387,-0.34882588880434495,1.6133191645528715
0.9514589413398465,-0.44078728450009297,2.0924674105986463,0.11520641230843869
-1.2556197456421774,0.05415843641616492,1.0952726058205713,-0.16693738074581282
0.963916754791098,-0.3664964679673328,-1.2813429230685758,1.1303444151882307
-3.4801678774561338,-0.7646200605846594,1.0419531606645744,-1.344254265520889
-1.1938610888321979,1.039741537488463,1.8822819866046208,-0.6636333353429321
-1.0363250382086475,1.3752116519706836,0.6766407083142754,-0.5414026287272666
-3.3274840112264767,0.32366724239849826,1.3687110129389264,0.317586396110799
-1.1957821214865094,0.5038844748965743,-0.555059433578059,-1.685697874844063
3.494068612173288,0.6667772426192032,-1.4221554221964476,1.3928653950454515
1.1587487656235151,1.9795539776438928,0.3316238845781927,0.6400560190328777
1.0250005105709121,0.162743038030452,-1.9103905372977454,0.03682593945141361
3.058058261720079,-2.327033655872299,-2.6010253336788094,0.31170816855124334
1.0617127639326176,0.7665250115607652,2.4518403701670186,0.09537203286766403
-3.3473871432389815,-0.09328475001722518,-1.7445752328899418,1.7345700867019564
1.0725004176876172,0.03422789108600643,1.0542414957827573,-0.07603673580684767
1.22598214151434,0.9375185814413779,-2.8162416976953035,-0.8978312655320603
-3.576498439949207,-1.50733829961705,-2.252977791619937,0.840665534341119
1.0486853868549642,-0.844218958672275,0.2763757623655547,0.2609316249008867
-1.6975424496020015,-3.4823565513120376,0.6417085495607744,1.30451854332252
-3.172484227867129,1.1701636385048493,1.0489954043057415,-1.055655743369531
1.2809814685614729,2.0277881243243683,1.7782047545487512,-0.6800920748028643
-0.9959557939358702,2.3827687460115183,-0.35508462644901134,1.6356579702832523
1.190971106443038,0.6494366185614662,-2.167099777900847,1.2938010592376086
-0.9840835693243914,3.1104008502682943,0.1945261421619657,0.5795711312761831
-3.6774179094675534,-2.6258859918052373,-3.410686835563568,-0.7815112824237294
3.0480116922144602,-2.6698006594694204,0.2094819982729163,-0.5949678430054418
2.801123039794148,-4.561191649615364,-1.406532976565734,-3.167481329069031
-1.1292816691762888,0.708412706371922,1.5206210912314455,1.7390985874976579
1.116293113353488,1.0592821304600537,1.9206001470687062,-0.590615816061627
3.222088591731371,-1.0517940018379293,-1.313099655348609,2.4420897452429915
1.3046186111704634,2.3497270365878182,-0.5262178058525352,1.220783156542791
1.0545270495500658,0.03755595985100188,1.4009655487089463,0.3322476393834739
3.1843270451086223,-1.2350754966373347,0.7460291112086642,-0.9124437511445259
-1.2374962718635814,0.635673285409306,-0.5204122430958457,2.231554919831712
2.9415925500196036,-3.742129106063853,-0.5064886610935734,-0.31323763363556817
-3.1187313937820873,2.1057706491892376,-1.1972694295216828,0.2196677473711744
-3.4497507820314,-0.8876148287690471,1.2075797925903102,1.1286166558871216
-3.365343877001113,0.1233165296235915,1.3901214420693937,0.18430942899680874
-1.1947556296219128,0.3234973324501323,1.6332188564152612,0.7418278128203547
-3.7373477052098436,-2.7336918701601505,0.5085147529036868,-0.4104850532784515
-1.223805970363624,0.37171182127101515,1.4084232748509256,0.3882417048668391
0.7078728584093885,-2.8615010242604484,0.673115687050398,0.33160079650151064
1.0390146590457203,-0.33345022378761957,1.2630504374579747,0.1881834664349987
-3.5116217673531547,-1.6483685577642138,0.782367184848114,1.9463256804530586
-2.9033283315058434,4.129473867526988,0.1415773256924258,-0.3440819449839367
3.480870746320123,1.3097060090308879,1.8082314692190034,-1.7105244699978115
-3.5025764031286326,-0.46684760407336157,-1.2220017364015012,0.921753587146314
-1.2781386942451851,-0.6690689275821866,0.8374087156213624,-0.40374595559081866
3.5228988651115243,2.0936787716820136,0.06431494802816709,0.3665318559825995
-1.544839453202767,-2.1716563802261164,0.8192852262277055,0.31629001488849223
3.499153558583028,1.5637276035819494,2.187565669455046,-1.2044263738358538
-1.2946795143950212,0.054283531086476565,-2.1010655327480148,-1.2638540334138755
3.30024497226505,-0.6147409025175855,1.4180093346168545,1.3816951713785615
0.6271064775368845,-3.260503165959146,0.8700620052994247,0.5934481631975576
-1.3697800523881638,-0.5224613512199378,1.8597522850868955,0.8574743638735767
-1.6691095524512807,-3.170376630994373,0.06957322101751551,-0.8988236741438996
3.3273759072457287,-0.16473381493645112,1.2074731532261025,-0.14733341274124284
3.056029618118626,-2.9630028138785187,-0.15255151581311147,0.37759508942698117
-3.356876402336714,-0.6852968114314764,0.7493857452037498,1.0513608320189531
3.5287242437884787,1.3774946065650875,-1.8529084990323197,-0.6620248512812025
3.1466653360284003,-1.7838306399430675,0.9428477263152011,0.5910614090099116
-1.0314104622226787,2.470107910932047,-1.0769782314040095,-1.2991345000842318
-3.5181082584179757,-1.394464845220337,0.45603740783995467,-1.1361501960374916
3.0329771469782445,-2.7127386612837987,-3.2415482171421717,-0.6600816861728516
1.1902869320512757,0.9860273390221932,1.0522913676936352,-0.234142357171573
-1.6434728173557578,-2.7589037424923806,0.5382965056519174,-0.3630022091775965
-3.5881452361077217,-1.5190490566109245,-1.5688559450203192,0.8324558040558793
-3.3382728042468033,1.092195037993457,2.336948106325968,-1.17144993493865
1.0628345709360085,-0.08146075711017496,1.364905425769825,0.25443859265650065
-1.3967532319996763,-1.0246820416867959,-2.8421863021855667,-1.225207242088597
-1.6110394275733142,-3.099085693606574,-0.14856392386905273,0.21273341762286782
-1.0372654590549244,2.6503315440849815,0.06490738861740074,0.4411282079124755
3.201787817174076,-1.2040761665672721,1.2520019201726378,-0.09024036659513056
-3.7498303676961875,-3.216595303151492,0.32418390085367554,0.9613307308828731
-1.0908308644219444,0.30616675575453084,0.8264578835857163,2.290352737407657
1.0221018093429788,-0.09014674452764666,1.6341920962543273,0.6933838879902717
-1.151700749821714,1.1141995496106922,1.546633603680257,-1.0453859538040353
-1.0253923166367371,2.581653663868211,-0.7163184326208856,-0.8417818619573958
-3.338113473119524,0.8833056410544284,-0.9260228257545062,-0.632443687009868
1.2116605071762452,1.760677994800114,2.2458136579171164,-1.2134714086695213
3.2492860731244146,-0.7971321065486404,-1.210648559975389,2.5081715349916216
-1.1736806829237945,0.9461297463657771,-1.251555089589011,1.085410272723573
0.7848471787069861,-2.4883235229727774,0.7417995835039577,1.75110731564977
0.8290521664853274,-1.862569789056724,0.27930040737231304,-0.3691442350532415
3.50198167471682,0.8595003324558678,1.364080268322804,-0.578525588418324
1.1357428720008726,0.9517123299222452,-1.626659599864561,-0.49376817891721564
1.4151151705073612,3.711103805879066,0.47435632596121063,0.0014779994007182264
0.9688996377356015,-0.8159432837121684,-2.36184721286552,0.7665312611323699
-1.3216215896230807,-0.528933675907429,1.2689045139658008,0.031603408814767864
-1.129984350209512,1.1854847969065554,-1.1316314023324792,-3.17409777037844
0.6356411184131062,-3.496547224160263,0.35741382694117163,0.9778325965864102
1.096859453654325,0.4444762580979314,1.0211839728846634,-1.2071784189976467
-3.7331448885159806,-3.3112639421998846,-0.1201104748608079,-0.7540638086651613
3.1273115963936293,-1.9297643604673445,-1.775009697465573,1.7183047930315638
1.0322556768892204,0.27057786118191873,1.1994458097692628,-1.7329471234354072
-3.372040100358867,0.054064330362397765,1.3328226393476603,0.21902836104926274
0.9052736296676179,-1.1050829464211827,-1.6070719498199177,1.9536923670460993
-1.0388526319954863,1.9465201669881789,-1.0089968589815028,0.6527228217523188
-1.2095374942419677,0.4244058271835244,-1.9849060627240482,0.09606436214139903
0.5898193647253497,-3.0329310794477706,0.7218073971380375,-1.2213227710178656
3.586742471769311,2.653234214932469,-0.5870824883362036,-0.7525578756043162
-3.3733655312253186,1.021967008545337,-0.9573424801463022,-1.460570050666845
-3.4755358125772973,-0.4689564988200893,1.2389511372193809,0.015407608662625128
-3.3175658798583396,1.033129782754551,-0.819314076087459,0.6853184798759888
-1.2147251814342925,-0.05820770488113074,-2.120677468119448,1.4098961560738472
-3.521058461669059,-0.866018355212227,1.0074754888799868,-0.5784568471927564
1.0403059611664758,0.04652346731584637,1.1991771315942625,-0.13571531205034443
0.9247705956095796,-1.0492932427592372,-1.776389864973385,-2.63043620082421
-3.450174844152972,-0.42247620653671397,1.1823936111801765,-1.2175595618070478
1.2461147906315675,1.9693877872199117,2.3609287633108624,0.1214088615765187
3.3538966041840093,0.12678398623487583,1.6806222415516088,-0.4531332852133198
-1.2857106860135659,-0.5312385605731109,-2.434418646917115,0.8333397315391059
1.25561643555206,1.465791966701313,1.8226074171772855,-0.029730642629172938
-3.360907600327889,0.04745873450268323,1.1497614054019971,-1.0529612967601434
-3.3405418815551653,0.5078216878089494,-2.074868471465317,-1.1559740425828564
-1.1580272415689044,1.0802878854887237,-0.9831163616517987,1.5408684244942628
1.152464444063454,-0.1480307324465044,0.5309082691061204,1.7445337108036576
-1.4625019839667197,-2.0040741781255624,0.24726151057989265,1.0099225416820834
3.5029575814233063,1.7088300649671146,-0.05311477475551894,1.8967885337320336
-3.451265684242077,-1.5183209145994634,0.20508632115635553,1.1610118326849341
3.4370704457638652,1.8099965210653892,0.3448073382130477,0.642238217810496
-1.3610304717644781,-1.126705544947319,0.34114103219066505,-0.16405714890489093
0.8179039995123631,-0.9268857437889068,-1.0961216436086367,-1.1655216344870978
-3.86762260468372,-4.397343034433204,-2.864468039088557,-2.03359620343875
1.2735787473374947,2.784569856454456,0.10012662706596054,-0.7366945845518067
-3.5091108192891425,-1.043403291286166,-0.4082714371390558,-4.211282238351508
1.1273859323926076,0.775172959914888,-2.2402054039508967,-1.389401250651534
3.1369801807741937,-1.5752311371139112,-3.1145539844617325,-1.7451839231200093
-3.203879277785497,2.3210352191887513,-0.09995486165328919,-0.9963911527658434
-1.0481772499515936,2.531450033252669,-0.4723898041945962,-0.4589897341277464
-3.703028313328138,-4.03762216400997,0.6935767430735484,-1.9474959644802539
3.2579287118172586,-0.8991535349819886,1.1083763620905323,0.8398065804525764
-1.4187278180414804,-1.5544855156954067,1.3322419513776003,1.5911975091724697
3.1273790866227196,-1.8463502906052756,0.9350455386522428,0.5563349436444386
0.9905443604483407,-0.6892279963845388,1.0524708625908128,0.9123101767195664
-1.1171476355222187,0.6611817890688366,-1.5031204293455183,2.5178696440588357
3.183945623840372,-1.6208704622686592,0.5324454952858806,-1.0386888531547285
-1.5714891120817753,-2.1028841434954533,0.6474475883738559,-2.1809575689443785
2.763072202629173,-4.063833436059126,0.8724085704439243,-1.128211376792473
3.1523129894205786,-1.4883508353004342,0.8889853416814351,-0.5735702256810554
-3.285227663205698,0.7806676934082557,-1.3752861982444873,0.9947913436542192
1.3548995642296582,2.1144547207042783,-1.7246257722844685,0.7714226506030412
2.8235618546924757,-4.439696826991384,-0.07741460124299555,0.2864499813707477
1.3724723763480386,1.216738127000707,0.46247688343684873,1.8237932556839112
1.2343057833591378,1.0139712551222444,-1.3250037387551832,2.715507738020904
-1.1342381223340114,0.5140948821967475,1.0891634917740969,0.02286085544927718
-3.6410141021754936,-2.5034942981218946,0.9895683087169784,2.010236539860879
-1.5777697878672445,-2.368528775262255,0.7059212423458022,-1.0166801269438468
3.273413671075717,0.37604706077190664,-1.282625022448494,-1.9316051366800884
3.635662025144105,1.6824644425159603,1.4740667748083518,-0.28446705096060376
-3.091615340319081,2.7981181683030827,-0.2660316820329424,1.6925488422455504
0.9220961738957506,-0.41321379528831836,1.3653812183814256,-2.6283109470936954
-3.2391628224447495,2.027476481171018,-0.3022354969179385,-0.24794308500173542
-3.361994704203889,0.6883413132282102,-0.6361266733450549,0.9416249956611121
1.2022961591483474,1.660044408249926,-0.7526975335912303,-0.23476753412880602
3.123399355680502,-1.741317524058039,0.9482180475023047,0.5915811261473976
2.9606443888908713,-3.4498001476513784,-0.12221839443960697,0.20545877025066284
1.2083600562960939,0.9135570272125382,1.1720415909226625,0.23044263197148573
-3.6764291410302237,-2.229138710396418,0.826028259379565,0.17343240141139646
3.358018233924678,0.49795374589224567,1.882651823816198,-0.7269050028830012
0.6771977176054947,-3.7314467514974607,-1.6556912809429567,-1.844966256313886
-3.2735137773318206,1.1236124681301518,1.33764481238494,-1.5342858117175582
3.065471159260243,-2.7145975893529566,0.8170291419676613,1.7090070532471247
-3.0357947309934508,3.4305241109703264,0.11661517345435772,-0.6220753602654002
3.693020161708917,3.420689518290213,0.22141928563046964,-0.44566433920544873
-1.1846333463331844,0.4512501430629034,1.2372563348109396,-0.8490386299176677
-3.495523123269225,-1.3993166744400116,0.2721812033746302,-0.3208709715057379
0.931941832631767,-0.691782339641916,-2.780614532603873,-2.3293621634018966
-1.1890432295237485,1.2336706806493651,-0.7111033520265123,0.7529225029033155
-1.437758125660665,-1.2901090680201324,1.4185310570353247,0.16512270685658753
-3.169760400183456,0.8690128808266391,1.1903767296805867,1.3596631701630948
1.0975987934027318,0.2799415545376592,1.162059215350289,-0.025468523577560416
3.1856631577332863,-0.9487562740292791,-1.322782319699289,0.9849273186990648
0.7778833956992518,-1.2642864759996708,1.0901441072864957,-2.2780245363487532
-3.6503699384120707,-2.143132478913745,0.9529619889997633,-0.5828358445638118
2.8948236044760685,-4.036999591783591,-0.295007231179561,-0.011299352960198164
0.8690581742836133,-1.6008338367446584,-2.8116548339279617,0.06777462341033862
-1.4257059643834615,-1.7944280540097763,0.7974797695111799,1.9395973769608201
0.6125975613555193,-3.5802874277518213,0.6657733469991715,1.3294991862867316
-3.27077609347859,0.6373572369190189,1.2284852216236435,-0.8442668029900375
-3.48373210392391,-0.47962519652107194,-1.5429906346253588,0.5393227783496373
1.142651447674974,0.6328337290368016,1.2085795694177652,0.10099032431919885
-1.2647497835119654,-0.7972524357631716,-1.7370123995993594,0.17952705220083073
3.2946890244409337,-0.5448001637936363,1.0143969667571255,-0.2346215194873579
-1.2136084728180887,0.11231021035895691,1.354529637381146,0.2640117780564649
-3.398984290723968,-0.3734518042516331,0.93101988466571,-0.3459142684115989
-3.368645997631018,0.7634093725785892,-0.8065874690920282,0.5188519038715131
3.312511174760055,-0.5246525265381603,0.4952769606124773,-1.0763393202052531
-3.4836355023930734,-0.9412503198131515,-3.135988308247535,-1.6938441735296532
1.1426731090335471,0.7644569824939702,-2.3162034567959218,-1.3597126116342706
-3.6615593829133,-2.1033140452663734,-2.3315327869895874,0.6214733184793758
1.111651618138084,1.1026331256964577,2.159081900594794,-1.4592792879977894
1.035459680864442,-0.5321287233316516,0.7278421084124412,0.5538555646715428
-1.000085660608448,1.5810688094833771,0.9528592197645912,-0.03272528799424451
0.6556293330152534,-3.261583507793124,0.185071524688482,0.5983855361430254
0.9647325510892336,-0.16063324209432697,1.3261708304178048,-2.7022460338497205
-1.237562946660561,0.32915567958259906,-1.9236227814926812,0.03803804065701861
0.5662926416272513,-3.365770492277949,-1.9069079103786077,1.135023496362758
0.9648510590761521,-0.7322335415435853,1.2784767217311859,0.01995446105400664
1.0521122848418814,0.011968625952713844,1.125960693377239,-0.11892440810986771
-0.8469134222913656,3.7507378940656304,-0.47184280411019813,-1.2506390947520272
-3.542677931901213,-1.2773764526435982,1.4738293378461593,1.373435496032838
1.1345519825912664,1.5438903634630885,-0.9131467324821425,-1.1641897956831615
-0.9434032526939243,3.185118263712565,-0.025183581943576706,-0.6031336552521898
-0.9446835762398511,1.7288619322312584,1.3380643876905038,1.7203502661730934
0.6624904458335465,-3.1672123164126265,-1.2612724929678212,-0.6450736686343793
0.843074072778852,-1.6114230127989289,-0.27686962381438396,-2.3509061076076687
-3.775903180846592,-3.322070097788808,0.35777686748159837,0.8658361924610758
0.8344142193909976,-1.3785393959512833,0.941385684058272,-0.6262526322763048
0.8897228652071854,-1.1864165372504494,1.4686376505730379,0.26380181581173734
-3.7368660051253073,-2.666801090399144,0.882839810698255,-0.7691657520111447
1.220971504961966,1.1247537720932694,1.634392111099277,-0.10380126106382147
1.1027572065302707,0.16560398158969133,1.484268922848808,1.6133268679778112
-3.2425279214227194,1.9239827757773944,-1.1093595447428177,-1.5789065314585533
-3.5973159808980184,-2.13119481267409,0.515801734666568,1.29613931492576
-1.131827216550954,1.2373272371793578,-1.8965363764897374,-0.895842881977714
1.4322453336451995,2.361489049253145,1.2776989966441177,-0.5113282079017917
-1.6215990790433361,-3.2307178424613037,-0.07677355598253993,-0.6613844179035027
-1.2839262477405635,0.06783835835241434,1.93780115150063,1.0725913858620655
-1.053437420288452,1.5493967846524292,-1.0630401769402773,1.7607369202412333
-1.348919779945664,-1.5337031789457243,-2.451755105053709,-0.9423987031639935
-1.2490609214524415,-0.19502156442661378,-2.3906913231888183,0.957277065867367
3.6741951881296804,2.381317628436156,-0.5524400109434187,1.311767172225464
-1.706199538011366,-3.619723715277105,0.46782193205147415,0.018715825666849862
-0.948307136201462,3.229691667629164,-0.583033460006075,-0.6674008861558095
-3.0535172105902686,1.9494394863142843,-0.7006279066392531,3.727238153307028
0.8747386158459964,-1.885658393915142,0.8211366034631893,1.976358771924918
3.7911531812524837,3.898143166089276,-0.033563349200060995,-0.6591319621354476
3.107503771167482,-1.397316680364995,-1.63306023053623,0.40791442885813495
1.0767080196483736,0.7872553765424127,-0.7812458125793701,0.7125140742971222
-3.5088737257484093,-1.0768005273651788,1.2503518849468032,1.0318074065667948
3.5539194508934866,1.971670395997427,2.3099374610085364,-1.0750072086394367
1.022847882835856,-0.1374920629506885,1.377542426654404,0.2680613061782925
-1.2190960566181863,0.3028085674789932,1.3999246561073613,0.36465417408671036
-1.060729619408863,1.2766055680114146,1.0075177991918476,-0.13604393125174855
-1.2229429169886947,-0.6172559032211337,0.35792003982463305,1.5387584501671387
3.5134591182656334,1.0208563327892621,1.4805678941045264,-0.5123420124768082
3.031348450890123,-2.3221118583237432,-2.2066755963826328,0.666116257007959
-3.4209338656541233,0.1402601899923691,-0.6195738411734335,1.992529127653764
-1.4112124215458497,-1.1765167926509352,0.33602320969804395,-1.4339657004969357
3.1832457965706156,-1.9860025420221634,0.5070486246584126,0.3287941831046251
-0.8247332824304748,4.134339487630389,0.5816292209942177,1.3555413302082826
-1.5395222482008253,-2.529973856094576,0.24623925998695467,0.8005488333997384
3.129871465508344,-1.929473759176275,0.3063893848369388,-0.32899860500891637
-3.6270345911412223,-1.8322393884820123,1.0623326979998937,-0.49731926574403096
-3.3528841045640343,-0.28942878770454744,-2.3608211024351675,0.8366180333588819
3.1151119770865603,-0.3575048071466197,-1.0359591359340714,-1.7799180693939167
3.0335954407649046,-2.144569293440722,1.0515366631545038,-0.40105123510678214
3.6626584982178967,2.5563133340394937,-0.596874183114505,0.15131238029139463
-3.2157488181956846,1.1356891240024067,-1.2391426105888954,0.30359240596485976
3.010306481238288,-2.2041855459951765,-2.261718073571948,-0.7296213272073192
0.8973036175982807,-0.8388333216992425,1.6033528874066698,0.39781970076069173
-1.0106322479683008,2.133785430530741,1.8454549482374243,-1.535839855569672
0.9818730973614407,-0.44264735064213284,1.0655303790035149,-0.28317590088195377
3.1019167964965266,-1.767345251872945,-1.6113408773495772,1.717814988128622
-1.0112040737879617,2.1833712252396573,-0.8144058781142025,-0.11366117246742198
-1.5918095343837402,-2.8791257559643393,0.4508183134550108,1.0807917899899826
-1.1010903848291056,1.577057570349777,1.771481458325728,-1.7400769858086411
-1.8002106325271865,-4.413422501974864,-1.4594088426802727,-3.2379628594729897
0.9964545764284919,0.043589359262704436,-1.0844113412617813,1.2272007931915216
-3.3462280548967547,0.947031520857898,-0.5984554605932793,-0.22747424782091327
-1.145218683416683,0.602259047544861,1.6703153421764108,0.8459949415407104
1.190992983676997,1.5386879440479448,1.9854551548719142,-0.43088222260727305
-3.3602573849831066,-0.32164344389007377,0.8488024549596753,-0.3378096170843956
1.2635987028038609,2.3594544464665375,-0.8045175457097242,-0.8703585472954053
-3.212662873129381,1.2040149179613018,-1.1423249417759558,1.577362258050101
-1.0500855332505175,1.5807549064337423,1.8011813888848722,-0.052049475233393275
-0.8705890317254382,3.6057441612962298,-0.15331112468392102,0.36653065135915447
-3.2029528801063267,1.367441930761869,-1.9605175848043581,-0.8435109828571092
3.4971499943782844,1.286558116318274,1.8928706532442177,-0.4528190154883779
3.6448758805166097,3.174456892340801,0.526679068465121,1.12724275124227
0.950327698113129,-0.9567484838098197,1.016999537131849,0.8152459964246084
1.2982242516776121,2.1357206605673276,-1.1247484496388687,0.36144018470603967
2.918873654909397,-3.291124506168893,0.8326046489326021,-0.7931127112862556
-0.9103685232688906,3.0775134148923082,2.6346764099022626,-0.391752109016948
-3.2647319293990824,1.626393308975955,-1.4940910601810844,-2.1038582442128155
-3.2923274650264682,1.0513159152799942,1.5783105370054074,-1.1509467955824715
-1.1727911998712983,0.9768972412048201,-0.8128921016940515,0.6922440793801454
-1.183409970316405,0.4464960126387892,1.073085979260818,0.0022090935292047855
-1.412368308411501,-1.2950285551365632,1.0992164366818238,-0.21892931711140065
3.292707381895416,0.14975607197655674,1.6335944573372763,-1.3239498836352348
-1.0426505075562644,2.1255113584087315,-0.8424916661092829,0.662113774072701
3.0526516977403553,-2.2150296582538758,-2.927537116901232,-1.5302048509435244
1.157237803597644,1.2627980669648597,-0.8131072611430912,0.8729410776561047
1.1000981180741924,0.9800076614208669,2.229040182057958,-0.2272643725641752
2.9019920020250036,-3.918665454468579,-0.00811418019626651,0.4729156266248808
3.632130814050341,1.35223272623598,-2.1107853335687743,1.6301069506419537
3.4837853854811347,1.8474152435519082,-0.6527900487654068,-1.8083674588864176
1.0971761546619112,0.0903627300490883,0.7895838643160368,-0.48248779144152193
3.738577296454924,3.4072277262145816,-0.8791085159137502,-0.8456694888221483
-1.1872792377144366,-0.09180066296709964,1.0045719277559308,1.2686873160464998
-3.4561109838830184,-0.7389335653809012,-1.8056549852301453,-2.635071000235912
1.3103934648523823,2.9905027220845537,0.2147990116572653,0.5997952492392358
-3.216523610012734,1.9504510279906866,0.7145978683571621,-0.6808612225792754
3.4187486554297597,0.2322362950799643,1.6935165292556278,0.8359334746197314
-3.051633143451005,1.8178882002961232,-1.3747982485521424,1.627357133350107
1.4220810615777584,3.235913180247189,-1.2574845582757275,-1.345442809829909
-1.2219259687661355,-0.0871361563145215,1.0966394086650686,1.06666474410569
3.4613947969368826,1.111010173214153,-1.2254744141795948,0.06797227074700782
0.8107292585015469,-1.9766276707331867,0.35935295327394395,-0.3967939768021193
-1.1185762283262342,1.2205112924081585,-1.283444382766941,1.20789339962573
3.0307655248105623,-2.788773667356635,0.7186897419556652,0.42342864461824076
-3.1679202901093553,1.639882731491916,-1.6053067741843907,-0.3552227595528133
0.8254180118315522,-1.464435043629048,1.5180896083384423,1.4202226236546946
-3.5530957914204397,-1.9680500840622455,0.4901566080140959,1.414670750176648
2.792452242338758,-4.481447795606634,0.5134722823569057,1.0902919538859221
3.3192420537605054,-1.1917464223436434,0.17818391183814516,1.0242021655728701
-3.451963588831071,-0.8567405011014395,-1.9894737954036434,1.5115610301580502
3.2039020138276726,-1.3104513200536019,1.0540499931085014,0.6927966102236377
-0.9892647449436511,1.7701710747776929,-0.6914452857826905,3.716978360046709
-3.455673790586825,-0.8710688933251929,0.8706050213829837,-0.5241380706594745
2.897387213476501,-4.060192743202417,-0.9982586144398413,-1.1098713369552275
-0.8418614694840587,3.8042255165652614,-0.21426720806222688,-0.8214684978825776
1.230621756204561,1.7176314194858482,-0.7525298421169854,1.0377273274796128
-0.9451916382999722,3.3944676387397594,0.4827381362260154,1.0911219810557025
0.9789365376897514,-0.793913075112395,-2.1823701250613197,1.2054884025938073
1.3217442737538698,2.474648089295159,2.3409081143909085,-0.9579767266011131
0.7450674635079976,-1.9757491815569481,0.861977551315913,-0.8399440570132789
3.3551821698923683,-0.04251549597853523,1.1550103345120617,-0.07788936363838166
-1.0588092688828643,1.2675194055014989,1.3457178304013089,-0.553786349897063
3.7634388379931036,3.808565471873986,0.08911142013255152,0.5116775168176453
-3.6271020761515493,-1.553173871831638,1.031214387849408,-1.6166457963576093
-3.337150626814794,0.5353667294665674,1.62726717389871,-0.4810068154536004
0.9124792210464043,-1.5339838153988814,0.8497072100219205,0.8093299634185918
3.122425773378762,-2.5244086328664275,-0.0942866390106193,0.5356581081408253
1.128212869396853,1.574216004327916,1.0090303902238804,-0.06430192637556009
1.2208839570508312,1.6120735148752185,1.8121095038780441,-1.6587914455312143
-1.0913076552837326,2.043795058786197,-1.4051624785081724,-1.8934455154271266
-1.487505000045794,-1.8305304294199525,0.5934942043282857,-0.006239140183611085
-1.1392640663750768,0.730152598488687,1.0237616390719213,-1.1574332179266298
3.204938237993689,-1.2105334090395374,-1.5845553803111363,1.9760866772737529
3.2719849892480584,-1.0803135381573419,0.6917684448390363,0.4163183047694589
3.3235374977704093,-1.096145017322112,0.36610584195448903,1.495633650772427
1.4122406579618938,2.8555480273676355,1.8888648585419807,-0.3866820974603226
3.289691367829548,-0.35575831988560636,-2.700120348536309,-2.1450072105907125
0.7698843780770418,-2.7114927115082987,0.46176319950383776,1.2694675622299314
3.2951124686538353,-0.5130514109301934,1.269156100860244,0.1850182902889822
1.2118805777173929,2.268753860168849,-0.28742298247186493,-1.3063591052289545
3.6228842337487883,2.194877178561101,1.8374258505934777,-0.5650029381405485
3.327938558415442,-0.2476597064605653,1.0531502603541427,-0.1258890931293202
0.95464374444244,-0.8684174964664143,1.1918117174160423,-0.004585072585946646
-0.9619014894828982,3.2306162658332,-0.061077163013354335,0.18209358021516528
3.1370905609954596,-1.7831595954459982,-2.4538365990615567,0.47804160409897956
1.0284106868376783,-0.21683053691274404,1.2722168036189694,0.23100039799643104
3.261241009062614,-0.8587783356960462,-2.747280008349196,-1.0404849583065754
-1.3998521567515223,-0.7878238033546748,1.5738920083703316,0.35796741118013453
3.2382324994686105,-1.1512705636985454,0.6810763561738299,0.3921770342162342
3.608853699891383,2.6967275638482064,-0.6281513899932575,-0.6853794278332798
1.1567403526533682,0.38227452521768385,-1.7548231239738528,2.0758506078946817
-3.3863723028629042,-0.3737112261624152,0.9372049054479028,-0.35505609507385605
1.2015724094563598,1.4152487556690234,-1.5653116029355332,-0.3265513846701235
1.1153469192942496,0.9945011573989948,1.9124957130910887,-0.6146839431717971
-1.2803491908739568,0.05742552533672692,1.6858813191138176,0.6610524166874087
-1.3029683734313977,0.45457601868401554,2.03592056006331,-1.747972131701655
-3.375488942307388,-0.3651214293462826,-2.010933322413979,0.42446210896053577
1.0324115840544343,-0.1789390369486769,1.0263513471816001,-0.16290279480836456
-3.5734335300856004,-1.9176245352477592,0.7281806173691817,0.5554307910333562
3.5394127810733202,1.5854622401893472,-0.3210229578427749,2.6946582903039826
-1.0103185138835278,2.1739759650848915,-1.0663150044901104,-0.525049965735454
0.9273777279191177,-1.107297434685679,1.1602266620740547,-0.08704790824938721
0.9020454663201992,-1.5283043050600094,1.1003206264967473,1.2237154468487577
0.9636613365214696,-1.3861779583110299,-1.778647689010916,0.02884267152730835
1.0411570533688648,0.3527281973928213,-1.7064028958709503,-0.7099250553711552
3.557676946644756,1.7201828732947897,-1.2378417162619617,0.25243433638864593
1.2489238295712264,1.897424670979738,2.1957472904936632,-1.1400673042748486
3.167917527220112,-1.5663386643691062,-1.0097111571476716,-1.459160875957694
-3.104537053087267,2.1238648920212033,-1.5406591750922367,-0.1911946914377168
-1.3841355759812244,-1.2751886726207902,0.32147529495170274,-0.21868223743505077
-3.5827507471128923,-2.341901510921813,-0.42740767263752,0.01782112493799887
-3.56925658139418,-1.98481128583455,0.2849095283255422,0.9391339038959299
1.1685166081112413,2.0712400324621103,0.09287045456811964,0.26450371609853107
-1.379627127777556,-1.0299444616574795,1.221352260601343,1.1357337531549911
-3.4612175587798024,-1.0307525416746075,0.8425284339323499,0.6618602770789086
-1.1894019047806763,0.49436895645732304,1.514036433954906,-0.3907826960639109
3.540214777133947,1.9129588861118585,-1.6684924911990835,-2.2007520193652366
-3.3989074931806496,-0.089601918568332,1.3619240304718347,0.10568506155019441
3.7253122756130983,2.9104920236787897,-0.5493348485009507,0.27849594044758735
-1.236330063774633,-0.635343038649867,0.3545732464037183,1.5372980720128453
-3.596407690883211,-2.3426805828778954,0.44118765359032763,1.2780715767144424
-1.3242366661113958,-0.26797083172371045,-1.6424652142737408,-0.5595427703332743
-1.039018683297319,1.6484120370311839,0.0030614136265476695,0.37254706147623046
-1.3692957074644296,-1.471179552478963,0.5026382514538996,0.3900697537672688
0.8367423788469868,-1.6896107852027638,1.083152331671797,-0.30189804617358745
1.1971755403984106,1.5465762092062345,-1.2025697127574395,0.13640938539270392
-0.9459971932311423,2.4291008112253776,-1.7378225554456563,-0.4678505162476912
1.060154627516105,0.8269751786417043,-0.20625314430333982,1.515876916735777
-3.3501843063293766,0.7499625938537688,2.060621481526826,-0.4157376388257458
-3.2456216271928655,0.5039712001102584,2.5364176629837742,-0.8199104858502628
0.8547746099140795,-1.9337851922344687,0.6120994018950807,1.4854754694610786
-1.0742519954531207,1.4639451574691085,2.035972427911477,0.3156226624363733
1.2879543738442822,2.221363278982511,2.3949321448908925,0.20798001444646225
0.8501630091478902,-1.5184696174567534,1.1742303139031762,-0.2632008779799794
1.2706699049774395,1.5453633849126591,-1.277332466010048,1.4120722402148507
-1.0562499589357994,1.1039630298968184,-1.8716429921315838,1.838977377535393
-1.3064334015484467,-1.0346394599686308,0.8986295887438673,2.2133701123985734
-1.339010490023804,0.0874858883072046,1.233156512977325,-1.8553060079584303
0.7738247760229313,-2.1943092725991935,-0.6457484082571608,-0.14299361224308346
1.072451888240276,0.9269642718633389,-0.5310288568628136,-0.11705293964851765
-3.351767190577814,-0.1543429249739743,-1.727028095317042,-2.426549726676054
3.036095728955069,-2.2384698890626265,-2.85644301680243,-1.5653138821554469
-1.1540102201326197,0.917115095926164,-1.147319545847105,1.5333828098022115
-0.852287380429547,2.985877293809831,-0.6137628254105257,1.4343756756584978
-3.608174295946033,-2.01714381552733,-2.984711972999822,-0.14333950613944485
0.7988954891870438,-1.7757829985575715,1.477296714624605,1.3136792630522844
-1.01376628590601,2.312833149729913,-0.36449762211332676,1.6075293269482231
3.235868149406414,-1.6625222040480405,0.455185077441846,0.42898761964130216
-1.5517173294248443,-2.508095525954193,0.6838905510676347,0.3949080119612674
1.2469117103066325,2.0149331086778046,2.2797969544357546,-1.1263654682735715
-1.2822831107904027,-0.44708770891976146,1.0482857895282085,0.9399255799142209
-3.6221703427003398,-2.096555057675524,0.6137994316197145,-0.9829329537843333
-3.5015169221745137,-0.4802538761205206,0.7790024442819944,-2.530283575396453
-3.649118872813116,-2.5533893520566924,-0.10945164659147145,0.3417923684536772
-3.6623445205056955,-2.143635504062219,0.1737872687041561,-1.8356697187098707
-0.9279930775586359,2.68248997118436,1.8294369158506203,-0.5104326536616781
-1.1317772248574,0.8894471670817394,-0.8090755355522674,3.4016899560970946
-3.747081591881129,-3.2622621979716504,-3.765559501608025,-1.4529607965412707
-0.9107168140164744,3.3693675398607885,-0.272425174040693,-0.9752599863046609
0.7879636420476178,-2.4601588777373213,0.4946757333666482,1.3536447501715183
0.7131466653082217,-3.1748663692230426,-2.6333996798780137,-1.4738537392819833
3.2474960515370648,-1.032284469689382,1.2066069095253251,-0.0024762781513230827
1.2495243177973998,1.8886734783058228,-0.9064114837436045,0.6688262082707779
0.8235346736272781,-2.4169347878321146,-0.11604101017956032,0.50822433202025
-1.4042257239285185,-0.7040729885691652,-1.7895859739913655,0.1060455305280595
3.292230010709062,-0.0016006830876790516,-1.3053808095672237,0.8641090175848269
0.8073491146415006,-2.0209703545330924,0.6936906073866642,-0.8372982843660728
-1.4300997837305767,-1.5290001794189947,0.4717573452219761,-1.127177993031984
-1.3413277196128262,-1.4296761700793574,-2.0919220576715296,-0.488205085021709
0.9762573147082254,-0.34424110576590095,1.3975390382470771,0.13464032219420036
-3.317991914611648,-0.10593946737105928,0.7148221413156783,0.5865019078655784
3.308349052232893,-0.30948551298443616,-2.0096641104270496,-0.04425996645946937
3.446937054377773,1.1601414008901223,1.883314525228441,-1.7541438335319925
-1.3475795060411924,-0.9926076640955831,0.6309709995907657,0.3178842286623714
0.9455884047842804,-1.13661444753758,0.6476786481157156,0.3353032624261473
0.8095075801979982,-1.5274663151136334,-1.0941441605002344,2.5931533866090235
0.7185368459949586,-2.8362239510408145,0.6077288748524253,0.36515953341049157
1.2348548610895949,2.195670162485023,-0.8266902302039324,-0.9267140557775997
3.3429394114904154,-0.4046675447714886,-1.6597587855912979,1.000190009419146
-0.9998617511020923,2.147590730839159,0.049524483870888696,-2.3883972964802656
-0.740009465728427,4.557780543576357,0.23189899520867885,-0.13626280703117072
-3.3418122667971852,0.42801175856124,-1.6728980286966952,0.4575779515015848
-0.9911709846090361,2.3643849170244544,-0.8794678912535958,0.7774124196424492
3.011362656637311,-2.6853714879014685,0.5526297900812629,-0.19010984717250598
0.9748648492913473,-0.477928256289916,1.3324344022433614,0.1461140947341651
2.9555359403022075,-3.1069895332884085,-2.9749718283417947,-0.4183022918030073
3.174528291685801,-1.9701780511578053,0.5960051289224937,1.5921610941902775
1.283604885887337,2.0491895186170344,-0.7084720574456164,1.1587782493663163
0.8322827711583674,-1.8551773422573532,0.029580574537150267,-0.7741018551474098
0.687735278497047,-2.904644314529497,-0.10907291490089041,-1.152892589473588
1.2100931587650794,1.8210123303891335,-0.32525852041499886,1.4692335569602883
3.106225032784626,-0.8680103387998007,-1.766775578751483,-2.7625464594710927
-1.600833378732465,-3.1390097545470472,-0.4995338074191846,-0.2176612052259851
-3.4378887944393965,-0.25221453190775767,-1.3271579950273482,-0.20404282281457445
3.3110017719142495,0.18559988711624925,1.6586725360787395,-2.1126588819190877
-3.4515945925005376,-0.08238389853036432,1.1778053847042054,-1.970708107340172
-1.312633877014446,-0.21482236089795492,1.1277782691976725,-0.28790515797407656
-3.4098155601384046,-0.5360782472872597,-1.946785132452765,1.622093946663689
3.533908211522741,1.3909366709941196,-0.8700551950028284,1.7983043470532976
-3.5188261097074487,-1.6598881515014596,0.3281555877943781,1.0559894653962494
-1.3325163002081295,0.07009447185741174,-0.9348126387440157,-3.162475625898373
-1.3377518480072466,-0.6380845292714218,1.5923039647140123,1.6616856225153058
1.0701828396078736,-0.011255492554969717,0.7776754908507766,-0.5457508433870021
-3.3761750350801547,0.6255771989114978,-2.291647710364862,-3.260854393571322
3.3107447931439697,-0.4302139324230047,-2.344621346790422,-0.47022943005603546
3.389251387184775,-0.25914286194254993,0.7131578117331543,-0.5461745547788924
-1.3617612405913917,-1.462098597090286,0.6801550610427619,0.8269736516974524
-1.3620987001648295,-1.2393060771260664,0.8520998763063643,0.8548596787856274
-3.3865135625042155,0.5987203777005793,-1.0794459006055475,0.058331693580399864
3.2591496979952477,-0.7597073706961108,1.1492041131822872,-1.1634451945180078
2.888035516381869,-3.734187429309858,0.4090181769792017,0.8963263156502576
1.1387607051113147,0.7032285399558014,1.7211128757165595,-0.303057906935329
0.9177985789280677,-1.0723980663572967,1.2331590035149176,-0.09833345925036087
-1.0744399737330812,1.599660370577417,-1.8482833927763187,-0.7651691007600695
0.7524686022502639,-1.2038061475676767,1.8517612951209557,-2.285309560323671
-1.3756146766815125,-0.7160139583536911,-1.8858663657579353,0.10001978960298383
1.0157207378223012,-0.6617506502052952,0.7106197216321147,0.5071049383923804
2.943416829463734,-3.6689681083341203,-0.061925396676207806,-0.6977817253695783
1.0966505656823404,-0.1118473261724085,1.218232783803452,0.3020932592438181
0.9809343621817747,-0.6961424064859353,-3.0341700017194833,-1.4740834952228685
-3.342707457722565,1.5350910983649122,0.11451445387411319,-0.8961613046538509
3.227822914240464,-1.3399273539312535,0.6569186162773083,0.32421472889082875
2.9265539594322902,-3.67587546837478,-0.15261731475542376,0.12855837972575457
-3.36448945839502,0.012275260138932882,1.306013611820065,0.17379391396468105
-3.2634791055962666,0.9908136291683487,-1.920809141853424,-1.8195153090530052
1.328232039260819,2.473342986337941,-0.7599124918012017,0.8522349011600306
0.9047484378643952,-1.17398749463597,-1.8873017594547576,1.4855887105613774
1.3550098762480598,3.2794929664654555,0.5040665091180586,1.1112456671952977
3.098163007040779,-0.5928054937714571,-2.3510416756465355,-3.519043515794022
3.5613463324697614,1.9930056933414413,2.651140898963944,0.5986686605435357
3.315896139490158,-0.8834498969033115,0.19600416991997366,-0.36064683354928057
1.429552272051424,3.1028003196221747,-0.5607136617491361,0.2866570789187113
-1.2335948026275518,0.06887033701128842,0.7519221446521868,-0.5799016578945946
-3.219959802765494,1.3617362910016755,-1.9136005182077944,-0.9076134369869369
1.2777458864208175,2.045211187205325,-1.1360363637843347,0.3156388725551789
1.4139481720573583,2.2771274725805433,1.516901084781451,-0.13260869263231656
0.9771255352408579,-0.6328595775326264,0.4442884845591054,-1.1767143623097347
-3.407876066229797,-0.17043033691624207,1.6224089076036525,0.5261060594512503
0.7007913098363808,-3.3871350306786447,1.424310210921362,-3.516785368772493
3.4132929325247168,0.4217660612439936,1.536085159269948,0.47122932614155233
0.8284751883720196,-1.7358750531734215,1.076995995661525,-0.31921810342999946
3.5148385318849007,1.9031489989491341,-1.3510783396300108,-1.8213235507025958
-0.9425825175604045,2.718962661150227,-0.6481608565124453,0.08717403360222231
-3.311980122401096,0.24526702487859928,-2.707234127567515,-0.8224604360304254
0.8809555232374752,-0.9421271231442939,-2.056183625743913,-0.35918765239651107
-1.2071470999220546,0.8775546323202591,-1.5990233219931131,-0.6079072994331618
-1.1860294902534798,0.057269920264889244,0.6825588485085974,-0.554006535532774
3.4843181257654217,1.2387330023734164,1.7991182930965055,-1.7312721131775846
-1.0588141089322662,2.524462712294007,-0.11402165667958304,-0.8374876949290785
-3.410572146547061,-0.1452013384063239,1.1035761363673322,-0.3220688447961937
1.5033811768540735,3.9771581584261995,-0.06726435277938389,0.5607461632705538
3.297081976920811,-0.12518131001233482,-0.9545366975493353,0.4347753025894657
-0.978554246792375,2.019023959809079,-1.3385109663476094,0.26262162123630617
3.3534377563352984,0.5419477527552464,2.138760206720751,-0.30365026471751794
-3.2343344690591342,1.1084422633265614,1.7910677729270768,0.9898236054403576
0.8481621527868216,-1.6084778856110036,0.9302223387137353,0.5806598183205489
-1.0537046693899026,2.042995573894683,-0.7383584131683573,-0.1569271043020857
3.7396189041867545,3.4983140253192917,-0.43259179215016497,-1.2206462816979287
-1.0409021421109044,2.669253686047003,-0.3860634912239065,-0.4290170196174575
-3.4338350577584933,0.19432118680551902,-1.2013980172746703,-0.06494966018547428
0.9069323703395801,-0.17658215871922608,1.8032679556242084,-1.0916281573767332
-0.9614937166437727,2.3346135623113886,-1.750902876570856,-0.4961513289503698
1.14731353321089,0.5026864285765406,1.0300062689176324,-1.174046299339593
3.4117547230123155,0.17807517151519026,0.839018790943144,-0.4146965634319574
-0.9742389790389167,2.031784726189836,-2.455508774649844,-1.4086571491170095
-1.1525962900326812,1.2230478505799485,1.473761092618945,-2.2754149346166703
-0.750377699166197,3.917138162377874,-0.48807739684478185,0.514415437476564
1.2921594719237919,2.7511784368244627,-0.22310813474320262,-1.1308480337954332
0.8700428021281903,-1.9779821518936804,0.37627740251416886,0.2592411238924576
0.7807752630117072,-1.5536873133959987,-0.4733999179223997,-1.9822132538412365
2.856365759002052,-3.8431190767936014,-0.19756286461113054,-1.4295102268590765
-3.672393497931837,-2.8002953871431457,0.10874808911817672,0.6667138658030909
-1.3625651846210394,-0.8413789420697305,-2.8175732193066647,-1.158419319182672
-1.1174536057344269,1.5000280671337507,1.6714251077503344,-0.9315929981331436
-3.480235697048665,-1.4088307086883478,0.6118723913596871,1.559873054985366
1.0393500271652265,-0.3506943422706703,1.0970907028152344,1.0371418055439572
-0.8081295704510415,4.018887199265128,-0.5251926458037119,-0.32643265246930514
1.0233399630796118,0.23351522793659574,1.4658364029718336,-1.3019069248522073
-3.846866604393581,-4.02967906626664,-0.054203431961357296,0.2263083277043253
-1.4087983599325087,-1.3349326797909447,-2.5411970661180017,0.5429758971078251
-1.3886445126617115,-0.7323124039865317,1.2616821736932389,-0.007277096933844964
3.2879078848627645,-0.06333747491187888,-0.8782965448241299,0.43428162384222213
1.3724149328447872,2.7371920274033137,-0.6092854315643002,0.15383279154164783
-1.3505903368966983,0.05221660422331917,1.7501326556299794,-1.012151640417
-3.674190159703552,-2.6750460307255164,-3.342069870616039,-0.8229079987940168
1.010020591128771,0.3180334080087664,1.822427122765444,-0.8577656000910762
-3.450747405913301,-0.917765102149527,1.2032549178182754,1.1238593778524713
1.2506392737126557,1.4576591309489646,-1.2893291735205958,1.3805675528406918
-1.1467462732137903,1.7082415458931204,-1.178061219702201,-1.575257818979262
1.06028879070592,-0.07158908210607808,1.3659402320522418,0.2589142446299106
0.398241495795945,-5.909538437955329,0.5140325956549682,-2.515362243621917
0.9641726957257633,-0.9716460694402265,0.6696531087548964,0.3901116886244951
-3.515065202425865,-0.9510810586611433,-0.7568019670108069,-0.26968851638916164
3.4793737780552627,1.2203831468390665,-1.0328412973509302,0.5161116679728455
1.2055074757033246,1.1773093315418754,1.8712484380479166,1.1254833130199235
3.239805260342435,-0.9900318367873786,1.280577939495248,-0.01139567598256745
-3.642475733401404,-2.165537367895314,0.5159977811926424,-0.18926227896640382
2.777599757771183,-4.493042642825889,0.5801776386642363,1.0639519132220874
3.116323258298233,-0.9356145496293965,1.9422648701379108,-0.8418104996760155
-0.8412703422668556,3.6776893481930575,-0.9161714497212796,-0.8641839710547816
3.5886220972812057,2.029228255092392,-0.8507944102683573,0.776066098643439
2.924049286694472,-3.0657193057053327,1.0920956232157248,0.4990958320408997
-3.1186365041394835,2.1119794336934574,-1.1076411602797174,-0.6052224293847986
3.708135778722913,3.330087926288347,-0.8162222510480539,-0.8904774259199545
3.213511845612808,-1.6301320777939892,0.6189734915200854,0.2303352056648445
-3.2709588009238333,1.1016718660186833,-0.898973661640789,0.6986215684160343
-1.072659709040032,0.46847775584041873,0.8476947838657961,2.348915913802678
-0.9121392282136288,2.8977410467420484,-1.0112403921494793,0.5025912211011007
1.0164248332189116,-0.776490590457602,0.17392654819704148,-0.3854458340243862
-3.0967989018685436,2.5313967085117572,-0.38735913141595707,0.341748374213243
-0.9192654507437297,3.069313847650586,-1.586654602485528,-1.9233326431081346
-3.13165039591692,2.688923991855501,-0.05051005021443536,-0.8607029426483839
-3.358286207449817,0.06310153755577043,1.4984447651225479,-0.6327269562221932
1.1692393401413608,1.5520138556402578,-0.1101069533099037,1.7788590843873056
-1.505193505798922,-1.9032895240662395,0.5834788433339184,-0.032259430903221274
3.6341524354170724,2.4178591927552433,2.3007209502750383,-0.8892951311067264
3.3554893458141084,0.6976986286318335,2.391670153432665,-1.1319539668575085
1.3483401137022935,2.9432337048670782,-0.45543765826986066,-0.2184007965841008
-3.485591391703299,-1.0842018344425324,0.9779575740504374,0.5988635681519726
1.1621930113008572,0.7980106828678123,1.6655586595432992,-0.25042733941560785
-3.8705844173288835,-4.268234070581911,-1.473043170321947,-3.2415029085296236
1.309210866711052,2.392637517415652,-1.9869915802564022,-2.506511386370866
0.790017585934191,-2.4206505335126627,0.6634284885955302,0.5141294898559035
0.9243925952018607,-1.0079786196620517,1.328843789511438,1.184075509395932
0.8359078988353877,-1.6813270320733629,1.1714063486272455,0.9606100790612445
-1.0956921399141246,2.464625490709615,0.27137936209485164,-0.5023973505792717
1.523890718114613,4.072109250100963,-0.3923083899797256,-1.0734188468074601
1.094447954773635,0.7255243166002738,1.7821198300709375,-0.7204556881726955
3.4526104246551785,0.6603212934740078,1.682888382720674,-0.23123309640097392
0.9351583428169296,-0.7000732832392073,1.2153828634331965,-1.1937197506245563
-3.4675761188104115,-0.941046448661897,0.9972054229257442,0.6453860115273966
3.5759786853207465,1.5076220959589768,-2.4524185152718396,-1.4728820177162947
3.1139961449858093,-1.918063300613605,1.0890112586225844,-0.322258903966487
-3.7173530257448437,-3.203982875054898,-0.01933945736293688,0.5529101421835662
-0.9654729599389219,2.2007425517559196,-2.0875006524658652,-0.9308383220148914
-1.0214269320356824,1.5560270097216824,1.6553471859070663,-0.007105742377231645
-3.3943708012681566,-0.4204465245493807,1.5883752455715858,1.6849687016399468
3.312098842607311,-0.07702864490298272,-1.111326046216599,1.304307731129829
3.0628171910596214,-1.6616792742254727,-1.4360940519580476,-4.091851871329733
-3.691417901008844,-2.3357678993518167,0.8110366215510518,0.14585465168451167
-1.125411300379564,0.8472417222771697,-2.247745661486945,-0.13322496223893487
0.9906284306509904,-0.17482060616825632,-1.6831457759342874,0.36234958870256745
-0.9745694275813371,2.6451366930982276,-0.3390652762839221,0.44314208965085694
0.9588122784994562,-0.6137184487633325,0.9681915031859691,-0.319429768290769
3.130727011572699,-1.5912755006905768,0.6031970686605457,-1.0509346465443272
1.0462728387077866,0.03427848489447269,1.6510710669790172,0.7372027640235628
-3.5489069896475733,-1.4826777271018055,0.6066495474821946,0.051587224239039726
0.868661745633234,-1.518895290653477,0.5964534178631609,0.19127075660271206
3.304129383443311,-0.6459374349849812,-2.990072386636873,-1.4066959374586068
3.4355292604272254,1.0376734122800981,1.8673615995435617,-1.7977897577427215
-3.5386218279049455,-1.7822272815582005,0.31204326243979696,1.0094031711000129
1.2339226829584498,1.9889460079904873,-0.05224025933144882,1.9376044754078239
1.2789160857113917,1.2102000578996028,-1.4812324600626754,1.5197016806034054
0.8290977451420688,-1.275363825910318,1.7961024575188111,0.6476441689195194
3.272405239525916,-0.7445316954929495,-1.5221891529704565,2.1364901977707693
-3.4303130797062287,-0.5287447770072163,1.486340887378583,0.37921747060662503
2.939788298280601,-3.4890855732954464,0.6450007995848945,1.449852156586458
-3.5736248742956125,-2.1811519653086973,0.1160917514825392,0.9201907642503913
-1.2074113951675627,0.09689530614099078,0.8483822611714359,0.6954501013911294
-1.2646967978114385,-0.4196819236173869,0.5306630233716157,0.09346414405494474
-3.4799352641538044,-0.5253970026294015,-1.7102045145903242,-0.7155132959477959
-1.2280710431102633,0.28085345878101803,1.5590779885843955,-0.4804664245541347
-3.26672252871126,1.3473535017637677,-0.8648792628626268,-0.458338792988181
-3.617615663051877,-2.023844978131626,0.4594031562957928,-0.10257400930897195
-3.349012193994744,0.7948786378692483,-0.8502475628370558,0.5934908276726418
-3.252771960938142,1.007723460361972,-1.2561359008045199,0.2465799603021049
0.719512339805422,-1.3576863655222138,-0.8351708906418901,-0.936911939577891
-3.1729028711837093,2.645185785073918,0.011199844940014704,-0.9029235259944262
-0.9801764487604677,2.5475918967150197,2.5652310158842875,-0.5880262584846269
1.3091366288837374,2.888068020695647,0.13289036964971257,0.5864231953122011
1.1149576063559088,1.122662719428872,2.16125927037125,-1.445960153762286
1.1000910145608487,0.40687036817925043,1.362156733388191,-0.7930047209472668
-0.9811909884716142,2.253889619783434,-1.4900635900167911,-0.08645710992368227
-1.3517541725439033,-1.4985525748681587,-0.030765406535842227,0.7811799094099164
-1.107572776211697,1.2347976990671259,-1.28131817661683,1.215658506402187
-1.0132125374136425,2.2861212894583134,-0.6186013351321165,1.19000448803726
3.3056064316566136,0.07529482097554863,1.3938934699926129,-2.5614710352157744
1.4746580435303114,3.77845992299353,-0.7922625243693062,-0.7918416781858446
3.597700222656429,2.5086474080392507,-0.7485961275668784,-0.7535217411927978
-3.603241607317198,-2.292025306546944,0.4475394728800509,1.2920705346565955
-3.4605448580977543,-0.2070106126347481,0.8151545839934059,-2.4302502736056186
-1.1500648268687812,1.8926666627641042,-0.48908520592909144,-0.7055025826752049
3.5415247142805,2.1112293139329306,-1.05197932291876,-1.3046109293029418
-3.6832916530405964,-2.281251008310121,0.56795251693098,-0.24809995978903385
3.225975359805701,-1.4853486768226711,0.5726858751108169,0.4996589980948379
-3.1975249698455066,2.2259276748585117,-0.37066641888803487,-0.18845636299749524
1.1081442887592143,1.1132669233612638,2.4976547804499862,0.21966696067084254
3.3966734969994827,0.5546148900552498,1.0228132934320846,-1.973240109362984
-1.3291792685054746,0.0991609291191689,-0.5917141588704141,2.032147885125765
3.0889243524226306,-1.8252440386649813,-2.8019051829458257,-1.4179741106312218
-0.7397681489323099,4.520282933888011,0.06379702336677387,0.7004889649266914
0.8106118108512116,-1.73571465000647,0.9608575573576243,0.47312665124643266
3.3215073398769457,0.13965720108519447,1.4895800178990697,-1.273487674158315
-1.0456912410932446,2.6322253906962745,-0.39108058571376786,-0.4406574136985784
1.1077307532779748,0.9475930791162385,1.9061054156604649,-0.6299556789849713
-3.599783108333794,-2.6927717102949384,1.4421040307019568,-0.05389156834719274
-1.3526215968176731,-0.3809746398487643,-1.0606937395617593,0.22260492370199023
0.8778517989559335,-2.0165860762328816,0.2082253760876368,1.0979186667332832
0.9054671025535522,-1.064441148287468,0.6373957416662451,-0.9240031337201956
-3.2555634577626678,1.7462031202424693,-1.2074306475921173,-1.612761837205933
-3.4369437361241655,-1.2882486486559228,0.1474865094987838,-0.017049492266463216
-1.1847511009303942,1.1559464308840557,-1.2431283065577547,-0.12446656194525572
3.046299935706792,-2.65296978454367,-3.233738883821615,-0.6343185900785384
3.6912090779310014,2.6831010514378058,-0.7639313863966578,1.013925204000282
1.0350246277477648,0.8576809717058574,-1.2549061777175423,-1.8189847522898863
0.9175121508274682,-1.1302969323020557,1.1571687294113984,-0.09921774703028367
-2.907617949006878,3.9679524793190235,-0.22558170541308234,-0.8154637903400962
-0.9095242554593497,2.7088395602129176,-1.4293983663801304,0.07642036672091232
-3.2897600530777558,1.5053965138137033,-1.2387391952540017,-1.7065223601635262
-1.5076650059186631,-1.5352674551045902,-2.2454210112196695,-0.6088265838821706
-3.4721700678788863,-0.524177060823136,1.4879466367961949,-0.8648961241056295
0.9700849743624738,-0.7300691620027578,0.8442993010381474,0.42432728977093304
0.8004769280680649,-2.334319869370329,0.6747067779165068,0.5459773148079425
-3.3238073266468384,0.769167392472697,-1.4705892880377045,-0.27099566440986445
1.4940454118931559,3.889051634019461,-0.4162795974320955,-1.1449562168474368
-0.852070548146828,3.630917593597707,-0.6717118193556189,-0.47404944255575043
0.8183580582251465,-1.7807619189509738,0.7045739180788116,0.05196404658504453
0.9244190925511759,-1.661363810665646,0.07901864519004431,0.7927131237494573
0.6080374760913099,-3.7209076775252226,0.4166690514340186,0.0711133248123138
-3.266457139531955,1.760075739821699,-0.43235407428608513,-0.3578010492643451
-1.2980078807037376,-0.39673671101712454,1.3739963885932642,1.337633082852568
0.8282730897015005,-1.986469898121704,0.8759670955108234,1.9070494400449087
-1.2564613409858094,0.5327171756142353,1.7196365927318917,-0.8507360670240315
-1.1594345557397594,1.3578722387435076,2.1562099538220387,-1.4218514649929843
3.527406569950375,1.7792738374144652,-0.8163073767595527,0.6643174144452053
1.0713089395803268,-0.19480825502067287,0.5961953297275966,0.23804978387520861
-1.4150953121941796,-0.9098145559127473,1.5582593575628214,0.30894607263711615
-3.525683137000888,-1.2282177209151808,-3.1739834854699422,-1.7979655728588517
3.610174740882018,2.151555653995742,-0.7457317037142839,-0.004705777442295366
-0.8542859010938203,3.947434868771827,0.2186059874922969,-0.3781521164559473
1.204425843788212,1.5079752514842306,-0.7804164839966942,0.9659963348733357
3.4553510188736745,-0.2890621778895558,0.3869709618702892,0.5217536643981657
-1.6417224862912718,-3.4039826377857567,-0.5344556844828535,-0.3170453371076997
3.359192837389068,-0.049608656067109486,1.5146090279259843,-0.46271172962017215
-3.3545032697074073,0.1382044361677464,1.3924245105821356,0.19094584378916282
-1.4213736060243751,-1.7698341104894264,0.8007756035336867,1.9484823575298509
-1.216919154479725,-0.5916000024860801,0.27407967434243224,0.28967960240197155
-3.557542836053269,-2.1298548686598546,-0.14847062095048552,0.49812212703931424
-3.6310541265601377,-2.1052805680874482,0.7078726706586539,-0.9769521862981582
3.501092475815425,0.9200394963726933,1.8048647632087746,1.1248507203211762
3.263043285947085,-1.0689068717161536,0.9435140194843767,0.8285938530963612
1.283052296565037,2.167434426160045,-1.0722831479551378,0.3013916381734024
1.0764352381654083,0.06419754079482357,0.7869829577894296,-0.5129399255917388
3.1299025753917333,-1.81412018948585,-1.7595070099508827,1.7491214018306993
-3.5661288963076103,-1.4434477558668088,-1.5582426096632822,0.8591844872329982
1.0895437982364817,0.2922456969193939,1.163101193937287,-0.019841070989511756
-1.0593529725707498,1.4234882691808053,1.9837985184585327,0.3553347211519572
3.05032885263252,-2.2613580511008244,1.1116002820147641,-0.4666456695601933
-0.9475722314435864,2.5538341004293184,-0.6776139651380051,1.2800708737064868
3.460548099842426,1.2497921796668598,-0.7786248272423938,0.9261725108228006
-2.950035502087678,3.9359624104076425,0.5220948216565678,1.2295780951141513
-3.3822698633805888,-0.4414504065146465,0.9204287464142571,0.8726742390828338
-1.1832315903106025,0.22389290173331766,1.3010271882991786,0.3276047231001138
2.9549259848151284,-3.557358086272875,0.03988439453771959,0.6020352780972563
-1.314856847059971,-0.6649146357241907,0.9321922570986861,-0.3990979411233197
-3.3737639009580187,0.29351406184892975,-0.9181419557632722,1.6674177014078848
-3.2597382377588855,1.2670242475496363,1.8787923322581057,-0.6331085790958713
1.09221954653953,0.586952453055269,-1.5822057690990956,0.6316261796257459
0.6903117763165629,-2.7703645502818866,0.430143816269507,-0.2522161664914663
3.1087096347721506,-2.084240753166355,0.808650033910617,0.46208037497821897
3.2803354354081913,-0.6206686340455427,1.167685291358359,-1.1133838207138518
0.9104958055083737,-1.1769817423796762,-1.9623373527494283,1.5122738007647356
3.1885854561313174,-1.7498334445734356,-2.0848612396554134,-1.9756406024918955
1.048103984801353,0.30087521060249783,-1.0979676733788193,1.380599550372127
-0.8654251845044183,3.9310657294797298,0.7385748440374238,0.4644157227870109
-1.3332171362846945,-1.0598240635486071,0.9629932632290538,2.182662759660596
-1.1233733600535538,0.6956515376193785,1.2477567775805114,1.2911015431418984
1.0380461290759804,0.06130311595836534,1.4513352238436061,0.28199470704206575
1.2395021961501327,2.416995389079324,0.13970706505859024,0.38943141817745597
2.9306902033200783,-3.6535998766521782,-2.3155231411370196,-1.1669107905130454
-1.3881766215031561,-0.4669290335287405,1.0654617624773781,-2.0621501201793704
-0.9254879439369287,2.7149751887177036,-0.9941503327017118,-0.33191511651817523
-3.3338198481334596,0.706324251450872,1.533175767547084,-1.2772332465944058
3.421424649547621,0.22296060489066824,-1.2306205884654158,1.6410488015325686
0.5687428207921206,-3.4724720194928658,0.3364072732288711,-0.5089008848185681
1.2199089562710959,2.3188923045572865,-0.39626514306732313,-0.4928330383682577
-1.2145191256848207,0.7374276807003365,-0.8442808688248327,0.5973894828715408
1.1807789759133245,0.872970938477876,1.5121036747602974,0.6312506204693324
3.142446351197777,-0.8695594216497023,1.7009689919849968,-1.2247816393985131
0.6723320586143225,-3.317027035131931,0.1987111407763289,-0.22417762659537463
3.6663479060614517,2.375509795272896,-1.4008912809112144,0.0781800598961908
-3.494596655915043,-0.06164113221340615,2.27128088437701,-0.3208737539307914
2.8448852293803624,-3.6860873569229917,0.4880439442230518,-0.5753997707741831
2.97024762016905,-3.009903904602222,0.685792391541217,0.1281363345200199
-1.1373259074903346,1.4589143599329581,-0.9321877645273204,0.43972234673033045
-3.280418655488386,0.3977449673393397,1.197401898594742,-0.923475087396184
-3.321434805690372,1.1334341531236591,-0.2356632515087782,1.5051845364630632
1.2090334174584578,1.6355354500169392,2.2306246424992886,-1.266186135070528
3.6545510881780108,2.3852813863086517,-0.9649683841729361,-0.32898282087758113
1.2162534433774643,1.8498711101097751,-0.40841230891724717,0.21789137087423144
1.3874633245507193,3.2610845489816405,-0.2501156474254078,-0.9557160052982507
-3.3196384103329124,0.4492240371579781,1.9554085718187693,1.155168710422914
-1.630209965030311,-4.299193324114912,0.6928156937379915,-1.9866767182196805
-3.3041460760057806,1.6269588442852325,-0.10479745575319485,0.014667368651204426
-0.7948348791423144,4.059507015815356,-0.43047866574589966,-1.1403366669520367
-3.5910940566449168,-2.2185621906764217,0.18514645709884267,0.8830362271137936
-1.0992898757382341,0.3392717857939299,0.8311729853641725,2.290133406066178
-3.3616593885778085,-0.09966402097225067,1.2181734607682038,0.15815683786994736
1.1662419777682427,2.06693802891966,0.02369369133904039,0.28050526000464987
-3.486224286315266,-0.30265189090716815,1.3244022280026426,-1.615471742713216
1.0256220794960842,-0.09803763759912291,1.2954064182131722,-0.9777373215139401
-1.0028678290279305,2.414731251025079,-0.5536951623253931,1.1768173859411313
-1.2530571062216906,0.6221137326460455,-0.9274864206161954,0.5526398820257289
1.2687956795432422,2.3516638103046246,-1.0560514883403043,-1.280663695918121
0.9103529983659981,-1.1944584545500838,-1.7048109450724962,0.6562841405438445
-3.1731188187735793,2.0697950007669,-0.449173295527098,0.17749449807626505
-0.7866774879063824,3.784954402960756,-0.2554567482259331,0.8721080569843807
-3.500884477269261,-0.9927739470690268,1.5116750923812667,1.4747465648922136
3.3470142750067917,-0.42055770830498734,1.037429443158802,-0.18988620725756125
3.4353104476674448,0.3683984747559984,1.1357683804286638,0.09522903984028613
-1.331900293114124,-0.5701564062481395,-1.4089245375015145,1.2309841089903102
3.4051955531910028,0.7913193733568317,2.0109284221956183,-1.4522438023317494
0.6615546816442976,-3.117368916239138,-3.3315323520553,-0.8665619790092877
-1.39962712258289,-1.7869004008773532,0.20232489668321194,1.1200973697188783
3.530965900631623,1.5004446261029674,-0.5829494078329358,2.256960761415081
-3.351777746664932,0.9066999393079015,-0.26597200629078716,1.4282240356392728
2.99422404080476,-3.142623725848112,-3.6442222365036185,-1.2260659439330683
-1.3466057583578834,-0.8951563169756099,0.9712645475496738,-0.5025523989857762
-1.0831230821690456,1.618605025590835,1.5263342173988461,-2.127295385408579
2.9628748716830677,-2.9533661182660347,0.5164765162980648,-0.28477452963020816
-1.1842655192762255,0.5169946080017837,1.4283489388651474,0.44367661908397504
1.1365426442639368,0.7011615642649895,1.7219378662042728,-0.3184644689033386
-3.560258207878491,-1.0231744798631006,1.438563881734018,0.24708111703451544
-3.6587856028697354,-2.635727356129435,0.5651704021678075,0.3173364672983634
1.0417036490041338,0.7217084266155479,-0.3078820839798079,0.2216244344494895
1.0998879279260831,0.42977229951684626,1.500811658257012,0.41202999933233136
-0.8961878652057629,3.1805491228480505,-0.01720272545771715,1.0429582550457364
1.1222252132315669,1.4020035589533704,0.7842612793562319,-0.589055268003512
3.0483374602933013,-2.365818738053057,1.1167890386372727,0.777179138201215
3.446510644094327,0.6410028088083992,-2.5675306426138977,-1.7843089505377654
-3.5679129389704434,-1.4488555064671378,1.200282703082693,0.9039586762389802
-0.8837731995643566,3.558250572621449,0.024470105074411188,-0.46777923283518225
-1.1089500484568822,0.9512636115468613,-2.233945089603333,-0.09507629438427864
3.1966817667355443,-1.1768907434933853,-2.715533517143477,-1.1813913122773738
-1.2073861443278482,-0.1673744376465621,0.4690099933851502,0.18159083960232225
3.6054622266919023,1.8387556063501949,-0.8566711195041932,1.9948972146935493
1.3881132686263211,3.463170126119226,0.2780240728233551,0.7685938502533912
0.8582777698682388,-1.7266293974677867,0.29761021281102606,-0.3179322765354819
-1.2389678864666327,-0.22557658917186535,1.1671644748151138,0.19118037273152416
1.0259434090538608,-0.5847720776235545,0.9716387467926504,0.9417697470201593
2.8877539725009482,-3.284688922471098,0.37907647605813294,-1.663325712372811
-3.5307028577291657,-1.2191505325187684,1.2311571062604207,0.9838246251740805
0.8664041090430586,-1.3764646915511625,-1.8203915957330232,-2.747149282662072
2.9883965104875485,-3.412806551353807,-0.21189452327639943,0.21073048974606579
-3.5332900503036426,-1.5390814229391534,0.25261006092285043,-0.3690970589207299
3.421799559190106,1.553719512812307,-0.781457070738006,-1.08794022279735
-1.0738638928828808,1.9380817905902128,2.2326888542176686,-1.206791173959327
-3.633558727150609,-2.353899813386593,0.4857265234467383,1.2203436041444389
0.7555857802846293,-1.57375872966692,-1.4339937745687596,-0.5631383294444823
3.235846490300143,-0.8560198166055505,1.0470601241943194,-0.37019180515387445
-1.1342791679811015,1.6538343167745784,-0.22071196106019284,0.4969888353204709
-1.2050830182276449,0.5456052827022928,1.7508639001587338,0.8362192776204846
-3.3086833136910743,0.2450296384877655,-2.706639555217707,-0.8281868691518957
-3.45101570467822,-0.8143726211145292,1.129490226766885,-0.10519076702373897
-3.378447524615547,0.04470640891868024,1.5820775198789212,0.6240145367954871
0.9317532597190403,-0.9286980415847869,1.590293956186651,1.6160640986414279
-3.5212600274882107,-1.4131170728325109,0.6158614113518263,0.08750146369918921
0.7670490719589004,-1.8530663815193666,1.0628313052715155,-1.6128737930710284
0.9197081273100096,-1.091511444394228,-3.085722562439912,-1.629315620617356
-3.5087377035887166,-0.7001991046598841,-1.3957986668820583,0.8925739534133973
-3.2411091334696596,1.3314391993713295,-1.1244743368405576,0.37527712845108263
-1.1611412022458518,0.9678820578675935,-0.7946976681255208,1.9659673300283242
3.270781234125682,-0.6725124444669882,1.160725276845432,-1.1322192075594175
-1.3405084028583778,-0.7632393469895912,1.0541525378639502,0.7651433759210092
-3.4743723287094577,-0.26135732506062564,-1.8585452949709556,-1.0436136298812382
-3.29813180671352,0.8919915458699207,-1.9765539166910038,-1.0744762223600761
-1.2145510532070163,1.0276593486170988,2.112207729782872,-1.542338771331581
3.6765079171365747,2.6783533123895102,-0.329906222323197,0.6007153963245603
-3.2268529622437803,2.0401857960027554,-0.8223764124446136,-1.0946278087292152
3.1577238998636097,-1.036404934701225,1.77614971650481,-0.46773468737182405
3.5845947510394116,2.426372243677544,-0.7595515705759865,-0.7832565852256753
-3.239219901313833,1.8869549429886765,-0.6664371070174953,-0.7131692399049546
1.111679529472026,0.43725406115997295,1.3666221475103022,-0.7830372245891494
1.1502092366263186,0.8276693036511078,-1.1226576536846062,1.5635106766582398
1.1575749262077564,-0.005965275818657705,0.9116634446731431,1.215206012346992
-3.703655423336429,-2.2120919373890935,-1.2544808183340876,2.227599295024719
1.3334445633731864,3.1540294950107124,0.14940175219861832,-0.6035201922138911
-3.4203511268337015,-0.6183582606764736,0.9918836359307943,0.8191437217202118
1.149699097684185,1.1019914961116946,1.8318992380184247,-0.5829988714849983
-3.3115243752392582,0.3495055938689953,-2.347626937753627,-0.36946753418236233
3.436708515648538,0.7015633384544612,-1.530101384161057,0.7360399946595568
-1.0342891947774098,1.7857625314176855,-0.9365179632675653,1.850836267345352
-1.4984675613483702,-1.4787794208890852,-1.8919616184792454,-0.16565428417395953
3.0374652499278763,-3.0589733214405963,0.10639783603040504,0.7822409755042333
-3.658527181168449,-2.3806448085902434,-0.9713940958398585,-3.4072623571500262
-1.0177172770361258,2.1914971763836193,1.9478944899374833,-1.505338656337655
3.7042934245731383,3.0270324343269737,-1.2488738938461714,-1.3593891292231892
3.396919743700779,0.758050405631621,1.6457119296279246,-1.07769602851968
1.0926223818605596,0.2124607425366614,1.242010896073842,-0.8745691025182246
-0.8931782163018613,3.000046661012442,2.0557702374977436,-1.2183367906371994
-1.1584481679440966,1.401911500133934,2.1618211868415766,-1.4065271890427256
1.2618302363795384,1.82362490308209,1.8410449920051086,-1.5872942789257574
0.89111300195961,-0.8200663848390821,2.040327957617302,-0.0017473508660322305
-3.247015994980316,1.8800559917675583,-0.4164311008910193,-0.31358518764013316
1.2083669898052243,0.8418120764359571,-2.8290606933704585,-0.9329515692986884
-1.1856257660498504,0.9590724304918902,-1.4116534080677634,-0.1458722786406271
0.6865144654594806,-2.711731305898655,0.5120747365146201,-0.2567299646004323
-1.3023078955106302,0.3522180194411951,1.7037065090984163,-2.1738048595341213
-3.6946886280288336,-2.239468447837309,-0.5676747691511196,-4.638803208544653
-0.9054457284219011,3.5966119855226397,0.25932777642212124,0.7552889278758795
-3.655304876724286,-2.7882844764562313,-0.4866340851622576,-0.1469983253104586
3.564752595293406,-0.11481508553073709,1.6443561434697416,-1.4401464746572326
3.585904291650402,2.6679118088956213,0.14034981172651612,0.5618682005956142
1.2398993491043053,1.8453701773919897,2.0253635192610946,-0.3086195028411296
-1.5153627445080275,-1.4810930465116097,-2.1643574637872667,-0.6135489081969214
-1.000569951601027,2.4676009501994116,-0.02451988110863047,2.046046073748497
3.329787006335564,0.5490715684209256,2.207805873791654,-0.32857760265284786
-3.276450412841246,0.5549766772949719,1.3806935051239244,0.3412591288781288
3.31078585445235,-0.9165621145086479,-3.0028728758651737,-0.00992421130315318
3.051316142694722,-2.3216173159116544,1.035375163012278,-0.4683469870189235
-3.115056207144353,2.3138112622350255,-0.4848742843174946,0.29093851237581964
-3.2266173607153505,2.245019664678845,0.04562712846561472,0.21255089214319667
0.9995940465328288,-0.8836440419630774,0.845144881937881,-0.41961877518113827
3.503649541017045,2.0314793096650816,-0.7166479025434606,-0.9263856032029711
3.373381132685373,0.6867996973197578,1.7049896157837534,-1.1314265572984123
-3.553695707057465,-1.791289163321694,-3.225307484853797,-0.5047082092793951
-1.6229209521452392,-2.3477950193247215,0.6142310540348133,-2.269656422514939
-1.2602227821802408,0.5929610935595514,1.8226636773232598,-0.8206023789340553
-1.5209335401030861,-2.410362147349889,0.5129516777524346,1.2513841118476718
3.7177540427381803,2.9264578583551213,2.5252634623054884,0.5253419339185331
-3.287944490246275,0.726785881624962,-1.543784647316248,-0.26366455387055404
-1.3098342632718607,-0.4117774060907271,-1.5033653677889127,2.0818073590127084
3.601242605705434,2.529521911601923,-0.7458450070931458,-0.7454952361776662
-1.009395138285771,2.2309658764188804,-0.8970434256911302,0.7287176370142496
2.9601156747743826,-3.065697764453151,0.4275624784663962,-0.30049503286576756
0.6699189185991176,-2.876492675560177,0.6667058337048287,0.11630776034035062
3.55498862724684,1.1185163456111809,2.083059964047713,1.5969937528037084
3.388265782321308,-0.06176789867622001,-1.9061914899442938,1.4871724573548342
-1.3648170904652754,-1.3453905085622966,-3.2069609658542246,-0.2565484741664562
-3.457651510337021,-0.9941001276510273,0.6711518318933243,0.24320337407267262
-1.3706059266071826,-0.8532738101725914,-2.1324801630320933,1.1327181257487686
-3.5939713362575167,-1.7765075447874241,0.5669070310786871,-0.045963821097170565
-0.932729967029899,1.4467501683572135,-3.106818024395017,0.3024576715037795
0.6449300615679946,-3.537002526539992,-2.6818790069284506,-1.608013472548367
3.0698812998504366,-1.6423153246233435,1.4447399983740203,-1.0899827450114739
3.102413521412709,-1.8565621274571384,-1.7662103073912165,1.7339865517221775
3.2617501586030344,-0.4135368149104755,-1.1562207943793767,1.1857481158689809
3.5802915147654426,1.9830395971652712,2.2432922231320234,-1.042772679091927
-3.332020655087638,0.9548273402330062,2.0688150820164086,-1.6233247405781543
0.6926823315162709,-2.526878871366975,-1.8828738452968197,0.1792987415257475
0.8682288385748694,-1.2654636157675705,0.7055962702668385,-0.9828458381727659
-3.210631135987891,1.7763056322859168,2.428144648931464,-0.9140280098163948
-1.0376825410755393,1.929559545697875,-1.0109347439238079,0.6450326799166868
-3.5839938977629995,-1.646635723910096,0.8557874733099069,0.4374806299373901
-1.7111187775052425,-3.7514185868135463,-3.7966683121278675,-1.5742301320238323
-1.1599154094917925,1.2869779984554868,-0.7511092012756113,0.8299813554879119
0.6377297012368213,-3.572743300845899,0.25210683083773366,0.9443775432834483
-3.459948732371163,-0.6476209658271768,-1.8186357368825214,1.5223923006517734
1.2888374460504584,2.7157632255537476,0.11005893361211189,0.527156934652432
3.433857894238695,1.7479666194622687,0.0859297923768443,0.21396040436820354
-0.931420294611635,2.715041273491424,2.0176173603224385,-1.3144667932085352
-1.3716142584612705,-1.01260181323831,0.8857831365100902,-0.5242174711022316
-3.083725167436633,3.1328885148271106,0.07690938962706274,-0.7290566984066817
3.078437706757763,-1.7188436629546784,-1.5115573795692259,-0.5560217572330046
-3.4107266503277094,-0.6290455065785379,0.7194394880515503,0.3722041333592877
-3.440197738387098,-0.6282240066753434,1.3096729238490987,1.197251708678577
0.920615211167233,-1.237744502534657,0.5464853632024494,-0.9604422227222542
-3.3821803254359186,-0.6680891700125785,0.8947029883519478,1.0005449169521852
3.3029456035067484,0.07134542832764244,-1.4572033386065284,-0.3409663043643623
1.074727453406895,0.8421067608727095,2.461719936926525,0.12555115220029267
-3.2901639927262702,0.6397917051412004,1.207850575928253,-0.03811068694231694
2.948137896492619,-3.3309512450656893,0.9850552968928862,1.8908455334957197
0.9835762395429528,-0.9319528176617732,1.0211065605735048,0.8322820566859112
3.7913261124170146,3.97567408617917,0.546521822017891,0.16374804081257846
0.8572457147187704,-1.7676886923092945,1.068385883161596,1.1338399291262815
3.654974509899563,1.6598403183306745,-1.290645748766203,1.7623041102091972
-3.3930503952596416,-0.13094132568195768,1.3564763016192862,0.09767268871056585
0.8585322273787421,-1.295033576204185,-0.34506215592343625,-0.6287504868967771
3.2624239423152055,-0.2103886264703006,-0.5599185588581183,2.048324437708084
3.341786136986549,-0.8998426553572881,0.4666349497267168,1.5376731791816767
2.970934429513236,-2.9202295565304284,0.17458332685415906,-0.689214461796596
0.7538360393095861,-1.2129423468207503,2.101594142092697,-1.8822300468191422
3.2981892903042103,0.2147904724799313,-0.8210890378485856,0.565935718433537
3.177747699538574,-1.4661959240958915,1.1486416333229446,-0.15738341295469224
-3.561310159353235,-0.7743813493612101,-1.7876729995516152,-0.017505950938141265
1.3385948603165494,2.66112292266723,0.03724508196365662,2.179299381942341
-3.296627066020771,1.3087074903196205,-0.46341393222060934,1.1624623930299294
-3.4824780907536788,-0.3926472603269092,-1.0967054489411134,0.15952048497604493
3.12695271098783,-2.0121817313148758,0.29599807120727023,-0.3602342531290569
-3.042577123992704,2.530554449924935,2.532023616372574,-0.6543621888088887
0.7978589669291317,-1.8609799916780827,-2.229309744251605,0.8278452533916544
2.812135405257721,-4.264897410052976,0.10896466029496787,-0.5208753023522645
-1.190155156386138,0.8689877478707979,1.2425720506175815,-1.5788819469934132
0.817228213500372,-1.8049774845084565,-2.1329238470462304,0.02634096947891471
0.9257693036141128,-0.959701926462277,1.5860212106830511,1.6059902517646842
3.106291929755436,-1.6480929066323966,1.3764090353628207,-1.063450553175426
1.0843369910216325,0.9022763197430228,2.219270723536317,-0.26455769612580365
1.0110951969850792,-0.3876647493137461,1.4102135396254063,1.4159218135583491
-1.445942514807529,-1.6511720424239182,0.5428613204841547,0.08900896671555725
-1.4249869831812982,-1.4549332765820067,0.8191307049203919,0.5694399292173158
-3.7413586729651156,-3.247776877547256,0.32035225676893314,0.9543665398023634
-3.584904014353622,-1.6728406448333435,1.1025647533412712,0.8442678762760142
1.3326750110143166,2.399729024121606,-0.7490614726939064,0.021894102528900672
1.035001456329723,-0.07357682132023573,1.3861788947182896,0.290826448891734
3.0842083573516015,-1.953658186895046,1.2395140864614396,0.8986868919763941
3.2495290623157955,-1.1632207792863014,0.931235547868133,0.7919967364367216
0.6416755815196071,-2.911101015951433,0.5538181880842765,-0.351488751287873
0.8985453591078976,-1.2489524601732942,0.7751417125568861,0.24440886103356396
3.186626438051448,-0.9453189284612431,-1.7490356840390024,0.14395553026357033
-3.6889854039914862,-3.010806084903766,-0.16968676579267772,0.18844580588420404
3.439981825245084,0.6733499685111859,-1.805137548038567,0.2837546038277924
-3.479663278520864,-0.12164030376847529,-2.1179974222638225,-3.079952761278488
1.1269377375043836,0.5737317107147616,1.6354423460229952,-0.3281005922011677
-3.2739654169721266,1.4957556305576325,-0.5261497589307597,-0.02911238708416959
3.137087168355331,-2.1500224216436012,-3.2409141092243705,-0.4280827094963957
1.122954649667937,1.2229778024220783,2.4249455786875056,-1.0011027312868843
3.00265717946818,-2.673026983894046,0.30277196305965015,-0.5912914660525271
0.6906127351891315,-2.190007945040382,1.3361532009032961,-1.3444938151351626
1.241899557465246,2.4564597426677346,0.07658531000146052,0.4170522708934465
1.4942394590232764,4.1677520241016826,0.2845241453138651,-0.2392758225951441
-3.5579387804454696,-1.5914071005776977,-3.221244333812685,-1.9270363373180424
1.0682401790930791,-0.6243344065155664,0.7389695306955437,2.011611698486195
-3.315176982880194,1.0775296234046559,-0.8138042704616216,0.7034314150047261
0.955499943661433,-0.8979397575959189,0.9373230575608609,-0.42253424223683056
-1.2055648480411367,1.056233803856763,-0.9847911218866672,0.2792111056668165
0.6595212282676012,-2.79569745746821,-2.1026351029673838,0.9000626818559531
3.282778873784195,-0.30939744429493016,1.960245917438092,1.0598013247549787
-0.8390832713963804,3.2935708034526097,-1.006060176984488,0.7021136900698302
-3.468949168835038,-1.0636258107269325,0.41112368146173034,-0.19013571211182018
-3.538903833706666,-1.8186671252644229,0.6732795786601545,0.6147714204994179
-1.2373186721744822,-0.14520286353733416,1.33941527934343,1.453211214255424
3.480055267965278,1.259560240866801,2.0733721464476136,-1.2840106189413274
-3.631717081184285,-2.0117185510384243,0.7192184240520905,-0.9390251629091809
-3.5278066130371672,-1.4086408902641387,-2.0624737156166546,1.3134959763958662
-0.9987173657717646,2.7880728812004687,-0.9606568088321906,-1.2111453281047353
0.7020211019039404,-3.11647980940617,-0.11421584231947308,0.2661558604890677
-1.2096788438570667,0.7084717854604352,-1.0325215072212657,1.4098519970919536
1.304775710237695,2.6792593997902228,-0.055200428519684895,-0.726633890495695
-3.2870293317846566,0.803529547289119,-2.306635838863475,-1.4937015864099132
-1.1965920965761334,1.0539495760655129,2.048057224204985,-1.517557919646631
3.0882893268311724,-2.6153316665185176,-2.1772669932892628,-0.79649809860692
1.2576014371139552,2.5027407494759326,-1.902847045278492,-0.5251056225196759
1.4041489732782677,3.3600327715044753,-0.14975647570226422,0.3410453111497793
1.4355588758248807,3.7504048335528557,0.16035061645862622,-0.36683177944594214
-1.0060990526419016,2.456867862132883,-0.026225157371196642,2.0432143510948557
0.9672666933971202,-1.3335884499512087,0.5572420828558944,0.5034599408376224
3.5818247625658173,2.6919854689306337,0.21161831108466062,0.5538263192479008
-3.2556838269698316,1.9963275026749534,-0.7808969838358478,-1.1716553945088577
3.6239304849198724,2.4421398033880783,-0.20582096511383763,1.7511415979080684
-3.633481424778824,-1.850551227034612,-1.776279833467964,1.5658487889220172
0.8394720385495376,-2.2129037954059734,0.1819022413577206,1.0248472951055878
-1.231389316212659,0.2558303913505808,1.3060016800154142,-0.9097676396580433
-0.9882144489597876,2.5594871508579304,-0.3505039781555024,0.41260297082790987
-0.9986579835365866,2.20755533977195,-1.2460361018621113,0.3057247502542444
3.27953273157945,-0.12957349607505186,-0.8869651095650093,0.40982169219857306
3.332206001724123,-0.18416565814408528,1.3201121869167312,-0.9412964684890411
3.7456788505587717,3.756367325970338,0.2660228411702599,-0.32369130268342394
1.2853406503062137,1.9680468662759998,-0.30639801436812314,2.770372048441139
-3.2599455611793022,1.9455984993558695,-0.5852991454479098,-0.718307927342087
3.309183462940073,-0.16459386445503915,-0.1877568176964945,-3.7134972252220386
3.7135072588037374,2.871359234106477,-0.5548544696551717,0.2647283378106622
0.8839090913661802,-1.825564143699892,0.5789093363504648,1.583114176499988
3.0908522632737174,-1.806212770936103,-2.527803033251296,-0.9684650178994126
-3.1891467144792234,2.4734783662995277,-0.3400581645399049,-0.08912692838205356
3.5957568922586898,2.2245228653087463,2.594589357108241,-0.5772021691600275
3.3385026111340297,0.4433238004046646,-1.1371809079476318,0.23546830332147992
-3.4405943875876646,-1.2478906857504413,0.49016732346606545,1.667808937033316
0.6109252209403879,-4.143000790631246,-1.7098543152839831,-2.0019726114060448
-1.2586353422555818,0.5440847249947119,1.544920401191304,-1.279915052170222
0.7985963282730704,-1.622131953244141,0.5619617433680952,-1.1222040356901632
-0.9755907370027413,2.6983194143113134,-1.3655089263693687,-1.5998637839371366
3.1576862199284506,-1.5826989163747027,1.1331746904001705,-0.20097650764721695
1.0761206329217092,0.5989341395672839,-1.6738325508323586,-0.6209319555429111
0.7181441543886222,-1.9542979913631817,1.3674613197390515,-1.264485955950868
-3.530452556445997,-2.059433109429749,-2.5548880014782434,-1.189058626058765
-1.6352177873342528,-3.3621816129013493,-0.006717621052457193,0.5513924076685673
0.6769982927928299,-3.785303609496938,-1.6621453263688184,-1.8680976935643754
-0.8637738315871221,3.6905307612130045,-0.1425439776635902,0.39948722467606873
-3.384539732257337,-0.2155632447401781,1.5282353009849103,0.487521998006256
-3.474406705852464,-0.15940868947663608,1.1668818650008543,-1.9968195526345474
3.6010095532218203,2.4635163975410292,-1.2763060206950745,-1.6226098976998706
3.324875221689169,-0.1181919027737794,-1.4622147920980693,0.8721409540582005
-3.4322855591151984,-0.6156583065333184,-1.522545561364907,1.1821893445669385
1.3997528741218703,3.098401732451136,-1.275773568170654,-1.3956641014093012
0.9026416276045582,-0.8150643887689406,1.605588696301581,0.4187638810004048
1.146498606213133,0.6045517636287993,0.9539334816886424,-0.31083978680140156
0.6390007862316509,-3.3432221539615514,0.696596930330032,1.4173339697894987
-3.4477092691042346,0.20296502176626044,1.9688500548085786,-1.8943975511525868
-3.4498811813121706,-0.7134617982281047,0.3641270759092296,-1.3270152162003859
-3.265147176913977,1.469733296652536,-0.1913417057502141,1.6340218205906485
-0.8908260254664604,3.044758042015395,-0.6045752414523774,0.20233072492603787
3.2599015779101204,-0.521236740790745,1.6819711647814592,0.573194598686676
1.2122872694951612,0.9738667064824171,1.1796074145702315,0.2544617624340583
2.871848354158442,-4.071915735228374,-0.20520036906280248,-0.011304895108498792
-3.0791543536082946,1.9383899663280957,-1.2947023497236487,1.437385579702142
-1.394293346793169,-0.4078429347658114,-1.4325228425978993,0.6013666519230947
3.2152445512340244,-1.254539767850399,-1.9359815417491288,1.5436052856561233
-3.3453059147017883,-0.10881512418525645,1.3102281424508369,1.4109918881798214
-3.5852267632053176,-1.4863391332722349,1.3801621238142041,0.06945803097863835
1.3624644821413974,3.2635082916091953,0.09534624380268718,-0.5379647347460027
-1.4902078703570396,-2.216700394069719,0.49111533384009753,1.3728205100904465
0.8137034529540529,-1.6448133769249333,1.4950594949175584,1.3533336820354447
1.1691954140928629,1.2614323527681803,-1.0638410517878472,0.469153807671029
-3.571895612684187,-1.5820879988918233,-1.9225177786554632,0.3949319712537069
-3.7483958571074028,-3.2837666041578504,-3.768442397993663,-1.4591999793772834
-1.3918255575601894,-1.029522117112193,1.219931340010658,1.1464961960745665
0.6947223286534305,-2.499643042481948,1.043662067699573,-0.6182781077142585
0.8600246472235371,-1.925810477213574,0.36227050728427906,1.084199053350666
-1.4170593153231164,-1.95710313182909,-0.09160798921379332,0.6175446007833694
3.369799887307333,0.31217256883712385,-1.5341543869522432,0.5386725249369108
0.6358280513626713,-3.072865786763145,-1.6321831831351228,-1.7189331015340616
-3.32476000332625,-0.0604217171147205,0.5440368434994931,0.17107981170005132
-0.903637971520239,3.394616956756868,-0.8800216514284974,-0.9912830759443855
-3.644182452328882,-2.1696224823608006,-2.957244542225901,-0.2589581808843421
3.140984448025284,-1.616762865975947,1.5352007607948148,1.4297315852879733
3.1638542682007826,-2.038206072014802,0.38423536846757556,1.1027357832907896
1.3206023144737116,2.4699461712093327,-0.5099649826612206,1.2592853711316754
0.7921385572421201,-1.8434726419447531,1.130630912290499,-0.38052631400320125
2.9712681033706403,-3.4894982530820986,0.04903642527242038,0.6285269706127768
-1.0175485266218094,1.8507627704433134,-1.199482048017947,1.4355638917103957
1.0258268866142475,-0.904481262324439,0.7013618133541614,1.915455755483245
-3.8067063605421296,-3.671625978236818,0.5155135584272522,1.2004137399311805
-0.9330513024228846,2.700669848759026,-0.7454115277178348,0.06930630283067586
1.4464188836113256,3.2638880958017156,-1.8709637998759483,-2.1927878126876865
-0.833344022200669,4.058988633526899,0.3208909294959169,0.9215085326380107
1.1600026092002913,0.5871707754050831,-1.8565500912646355,1.6544881242994216
1.1216855336370786,0.536780975997509,1.630516006631103,-0.3409913723923115
1.094850207175869,0.36853172717855404,1.3572148568175395,-0.8083319009757263
-1.1578672071426004,1.3527283537309474,-0.9453324060264735,0.386916217152348
2.943884963128555,-2.851464664452175,1.37115005341869,0.9788541359529637
-1.2393126031396782,0.566628153036098,1.8195973335156055,-0.8201325413156537
-1.5674167595506616,-2.330476003875955,0.5266298948916999,-0.183490772190892
0.7806577336019385,-2.0485139061282145,1.0353639322068402,-0.43096510948956257
3.5880643373200285,2.503762166731663,-0.5653518557523408,-1.5718342163270962
3.508622568599224,2.160408458698011,0.07354641594559005,0.3711373982538991
-3.5475692591055537,-1.6582110608529967,-3.2085057559074235,-0.45457922155443314
1.1782036768287198,1.5739755952690886,2.2207842421928423,-1.2811533479523092
3.3675241757161936,0.9701425692547283,-1.2036275966366448,-1.7158642421321955
1.1266920338956412,1.1574315850362435,-2.1508963733384734,-2.9511995889747307
-0.9729915176925651,3.122412036511775,0.4451037020571364,1.0196067563207218
3.071603530429451,-2.3084555538451164,-2.869454314566571,-0.1265606276607656
0.8393079282216109,-1.7505850607049402,0.38946431915180146,-0.31980504343705524
-3.4673399614561684,-0.7724274464004752,1.5408716466348547,1.5551952211362148
-1.3332495864799931,-0.39155512411555815,1.307115159553501,0.11583442944625821
-3.4562600170642286,0.6154328912336571,-0.5857127351019964,-0.7644990352742975
-1.131274638603227,1.4930143258140565,1.9903084955369172,-0.5578058812465918
-3.016220485643674,2.8729577340439634,-0.7762274387286404,0.8803979518425593
0.6688965700754761,-3.340162532477255,0.10692839463663958,0.5929801060741742
1.390845164003129,2.8383496173092335,2.592648493760321,-0.36211049518802946
-3.186587395596524,1.1331241332514415,1.294466544560747,-0.6614883682675967
1.1508078753064444,-0.10114332872559613,0.7210857984430203,0.9442846528972608
3.206781348574482,-1.4517298024146001,0.8928322757177382,0.6895285834828854
-1.586636430181679,-2.923957123819468,-0.12518742569060876,0.27318512216163304
-3.507845709501934,-0.2828116853266799,-1.5144642400834292,-0.6594283334707791
-1.08329201178254,1.8294901871204161,2.033799024775353,-0.42352526165233395
-1.3036166281097126,-0.8432410896742114,-2.474834435702858,0.7262074822272717
-1.2696352950397691,0.6782975486543954,-0.7849022323728108,0.555160708683546
-1.1351657939152917,1.406888861965066,1.8435728447697621,-1.7861733446204862
3.0881116357713685,-2.1104606860764368,0.8999768656270019,0.4613831041317479
-1.3645667754606359,-1.3275625832398947,0.928002242650787,2.084725222099415
3.52302849391951,2.338875963718906,0.16498975270931499,0.41985923981992895
-3.2790532253805837,0.48665054469498165,1.3918742871047762,0.3723316723962353
3.6202817061216184,2.3418556777252446,-0.7411876462255615,0.8670793980324107
-3.4922031917440655,-0.1759631805973453,1.483870701012405,-1.6203262312131546
3.4644542696685465,1.4259234879653804,2.2370459953818913,-1.2710739489096243
1.3522523099835495,3.0148228272010145,-0.37124862437458456,-0.2213123154471585
3.1364043526725975,-1.0254371531813886,-1.0750723285080022,0.10693899799017682
-3.671592079324695,-2.204523948767255,1.3513578676907498,1.0377873006023515
2.8837130426787505,-3.9847243512221198,0.057578255872305056,0.42215512073630984
-3.125632493034081,2.6284301145972404,-0.6547633276498087,-1.7099389339046405
-3.259420579175666,1.4230974769021716,-0.9698989935370899,0.356429149375266
-3.3565746122170474,0.5630391041728993,-0.5637296369067766,2.149034868976757
-0.93308446314117,3.2030508596721576,-0.9056161135938697,-1.0588034340474326
2.919850293195497,-2.8307744113745246,1.3751596940235435,-0.25323799112245454
1.0312607140537917,0.5549579684756981,-1.015341471011749,0.16399729911264654
0.7969022934745771,-2.3547314435442392,0.6719485657256521,0.5388966483246265
1.0577548664913439,0.7240176401384465,2.195665835685468,-0.32948275003261124
-1.7228479667765373,-3.9372562959748136,0.16759250736702058,0.7526615212732292
3.275257607685917,0.025126501648874786,-1.117841985296025,0.057685130462207794
0.8829770014798053,-1.732400725086859,0.9105486873423634,1.9983830639578637
-3.1883293186114186,1.6733600206829056,1.7505039843302537,-1.7566180675384837
-3.4898935751416897,-0.5415503049412566,-1.8017836355584809,0.10839888439931347
3.2505763385751933,-1.0914187565568205,-2.0011620706563935,0.3443870558340139
0.965644352942788,-0.5703926380307305,0.798020508731559,-0.7382148460431615
0.9218541790723322,-1.2171239210877784,-1.4337073160161689,-0.9902800521908853
1.2875749280685727,1.3823492186087556,-1.3633377825811548,1.5873743675388046
3.113464120698583,-1.8550717678086794,-1.7656942780031075,1.7372554224419192
3.5403773313949367,1.7896725821061454,-0.6115607050213252,1.131964958782043
0.8048265715498651,-1.6705518917709923,-1.6346586997149348,1.690401492864657
-2.8636064572610653,4.496700360579469,0.5095276366004107,0.1706321314331126
3.584826679585474,1.6331636440804411,2.1315693639378916,0.49882508175327617
1.001614445563566,-0.7586177348485659,0.6975469278934563,0.4750472383373879
1.0922525738693663,0.5898234789458802,-1.2621689026421548,1.0185091360713496
-0.994687552904682,1.748727946884341,-0.7817201646905456,2.450460289134026
-1.4196987950713225,-0.8931636643571436,1.288331282486904,-0.12570710431380383
-3.4297313420896467,-0.727178469886252,-1.3743649942973728,2.3759753468044096
0.926106737283959,-1.2061379740059908,1.0729230442208393,-0.09601499281085554
-3.279075249129367,1.228307178468189,-1.9395043810879244,-2.6029505674305655
-3.3328887956888593,0.7759575058057735,-0.9476670563616265,0.5805428493729025
-3.2639231329228333,0.8895465274572164,-1.8826308235357894,0.1791006925334006
-3.212499917823521,1.6722436117979687,-1.2080218114097776,0.004287354971236398
-1.0534263593558364,1.756336350791405,-1.8278269075152926,-0.7059810234156375
-1.562779348498728,-2.6868968909263518,0.5916819101010438,0.3569938528654653
-3.5544793780848725,-1.1453044933648953,0.6509816196574164,-1.063003132812247
-3.6430014008963716,-2.7326573120648745,-0.47905726464667325,-0.12686699731403892
-3.4656556098602946,-1.3282398468028065,-3.509246574568585,-0.7554213897896188
-1.0641791787179948,1.9367569576535517,2.1642668332371646,-1.1870714864359329
-1.0565155224443437,1.9723456218588962,-1.1353718698261583,0.18116279593970994
1.3963660992087545,2.3834287346418654,-1.2528830627731973,0.4492572720639089
0.9753429882272463,-0.5828524797181669,0.9727026826881504,-0.30607947093700305
-3.264401621845342,0.8689100294482242,-2.6433704644186595,-1.8913236071740414
-1.453579537493015,-1.330907856887319,1.1621078161765683,-0.26070861394891964
3.2529327025567194,-0.956055744399293,1.100981232963678,0.8195045272951418
-1.0912623476424208,1.4147630814971415,-0.9861066546338172,1.7203605459917475
1.0208032569775938,0.0060434016504165335,1.9660666260912434,1.1112863769516483
3.052296035573973,-2.473899004616443,-2.8909625173866935,-0.1884358327683289
3.7034210920575648,3.3794902253490955,-0.10298620540802199,-0.8452824353602655
3.234569161648703,-0.43989850544759634,1.1410413088866747,-1.9254174456395048
1.3066331992700873,2.730036560818726,-0.48439949076123506,-0.29316428949068624
3.399046068988088,-0.4282138623559131,1.120478609416897,2.5287855154036927
-3.08888311400354,2.32102971986519,-0.8293537221364009,-0.11985008891862158
0.8836274456283759,-0.35060890353084634,2.215566345774495,-1.564749774348975
-3.2281379519166706,1.6106066738522307,-2.160956625718954,-2.904504140064343
3.413006835411196,0.7815882223613116,-1.3625752135439892,-0.08683654332493664
-3.2967101885463914,0.07964677200501462,0.651769240817387,-0.6048020186670674
0.7198144870060833,-2.394002481482749,0.8736893650866303,0.23785946418034626
-1.0355755690664428,1.909867506995231,-1.5358895806750614,-0.21032265178250442
0.8694446425596327,-1.998294708650475,0.4608767590194878,1.5124720302223613
-3.2970686564530016,1.242723207425391,2.357373661788517,-1.111174944061238
-1.0611025397830622,1.1204836928599964,-1.6189550716704095,2.2519004458773524
1.0695110008992954,0.8874652505065629,-0.19821567756772718,1.537778030596491
0.6826164829007624,-3.0061115838645533,0.9918468746479194,1.9460805250520852
-3.2857668871747268,0.6473970785869474,1.8948229172645379,-0.03480865911056563
-3.5802223277137686,-1.7541376321782312,-1.1399461468236078,-1.7104113536014722
-1.2116277714409251,0.989966878976207,1.923479755019373,-0.7416514668764813
-3.496982158652055,-0.5924062080003414,-1.5576814495885016,0.4974437016875189
-3.4194148102676425,-0.7638749750605434,0.8781702933508992,0.7565836301543374
-1.5150167338561915,-2.270854254750803,1.0532547987614935,2.1506980016616377
0.9455049151965924,-0.2787630086559744,-1.262633270099925,-0.09193768232447316
1.312518582605083,2.76627161470436,-0.655532543359934,-0.7141805610226805
-1.5372476864584597,-2.346495686862141,0.6358044137027165,0.4772081783697121
-0.9038934460581567,3.5080197737011884,-0.5457393492613299,-0.5696220452552906
3.545545865821507,1.1954213348472236,1.59146341505699,0.8080675639601286
-3.6533302901568923,-2.4699580954480447,0.6551745401798914,0.3541346068191745
0.9928364762438582,-0.5150856317871406,1.5578917157453367,0.5057740561970596
-3.289177406233684,0.8874823486095099,1.4833902825246972,-1.1870810283417326
2.946892862389831,-3.382501759225191,0.45620987534986157,1.0207177576184336
0.7372025698099405,-2.0460037899707118,1.440443272339801,1.2152884625914873
3.0734026049143863,-2.458117682936083,1.1002883972555801,2.2100054564339966
0.6265727604042896,-2.5621606053985766,1.2179820113398856,-1.463222005341566
1.1116300423725471,0.645896520543691,-2.2575827099877817,-1.4311537601870818
3.723062836215646,2.9209096070172986,2.775864665632805,0.9282173586176966
-1.6458404183712059,-2.570817983508634,0.9970078482663726,-0.7056286358646737
-3.4939234995805584,-0.8677757964483783,0.5936524002646373,-0.9780825886795762
-1.4135717878547602,-1.7495324488229047,0.4656809391547216,0.2881950321504376
-1.3987996176294601,-1.1141804809057978,1.007414419410898,0.6369456393934613
-1.590885853383596,-3.0768945207481964,-0.4912495403876307,-0.19534215303118574
3.145250154967335,-1.5175805624779415,-1.4623665337642426,1.0124440752380837
1.5147066455536975,4.0208395814089455,-0.3992170264743242,-1.0915682429334284
2.9535555335946766,-3.5636291676188,-2.303121792029552,-1.1343329991515605
3.1301466558545705,-1.6847997808243231,0.5917317920403472,-1.0880853084908235
2.859403521756069,-4.3539998283611085,-0.5870043856656363,-0.536774129085257
-1.396372096433645,-0.9254972830962478,-2.755172476433044,-1.2125759651887114
3.340971787168238,0.5871810045328246,-0.45251348127004243,1.0846533456874894
-3.0628379015166947,2.4373827829842964,-1.153045080784046,0.3405609534182638
-0.8574633318694063,3.944856961276305,0.2182883484772971,-0.38109407116676547
1.2655579334375426,1.9453602478246217,-0.8093758590227873,-0.14139731840688743
-3.3636525323584365,-0.10363311947974847,0.9716780388144514,-0.2516122155271368
3.399554705411896,0.23112254132150695,1.0293274290961274,-1.2113260303648659
-1.0833158435962493,1.5122940898509263,-1.1760759702497081,1.289022360166937
-1.450094345064566,-1.3745767787821233,1.4950975608712274,1.3879802831172763
-1.0458003464502932,1.988326385138637,1.920776425475341,-1.5753499008210539
-3.3580197458489667,-0.12726342312723066,1.6269829191268255,1.7898786139436302
0.9699000097908108,-1.3940165631406454,0.45449428196893515,0.46885787573140736
3.106184352998989,-1.3886293517499573,-1.7197687811772697,-0.8426709473578076
0.9666428726495399,-0.7177533306827736,-1.5553437370240912,2.0915988253295863
0.5703879155984238,-3.502525343589547,-0.3040574315737421,1.7079207102036391
-1.4267110385165775,-1.887091208609443,0.2632844313757773,1.0572444335485782
-1.2873748803226428,-0.39645469316184895,1.1027935762877878,0.8968961826654593
3.0759539375363483,-2.257759873665412,0.7645608884684043,-0.7554332929375118
-3.1452221658687503,2.515040826786613,-1.0305062618814222,-1.3652029882022112
-3.314440212658615,0.5026567047231723,-1.7578572394236218,0.4761880365852624
-1.2258552417235486,0.487921242546469,1.5862095616088692,-0.41907939331439775
1.1332920697987001,1.1564736183110678,-1.0036810238868643,0.4016579627059663
0.8469156607424666,-1.442456624372841,1.434419504089334,0.17155913342641668
-1.2417707455852094,-0.1995636217518883,-1.8682315292896243,1.8030180847067456
-3.7448065301714992,-3.492318169758261,-0.5790042815670415,-0.4044520166570418
3.101365155170073,-2.2288868535174613,-3.178042314086237,-0.47922267707233895
3.647789579033443,2.1329276437038263,-1.7521657512013429,-0.3916498186131038
1.0394960822409598,0.11021385354662606,1.8928392635190976,-0.11125982837020074
-3.6858107244983964,-2.156958691243022,0.7682902296343552,-1.0175672893743528
3.1249779874038923,-1.808319179480594,0.7370303626394394,0.10447032860637111
0.5486559815614067,-3.808579208021077,-1.0912717259838647,-3.7998207574726277
-0.8786490924812632,3.7009913689376033,-0.24875814913053956,-0.05647767756529798
3.290951681945128,-0.476366806980205,1.097358404875167,-0.23314575613574945
-1.109666998995162,1.940366772115295,-1.1471384173545576,-1.4914726877782993
0.9128147103409585,-0.7409986981194829,-2.029284666011001,-0.28804926345743764
3.023665441185047,-2.0598116934418846,1.728282501144244,0.42558458669608973
-1.1310154445668992,0.7710596220700839,-0.8252632931548672,3.3761288981402395
-1.4053447897379812,-0.4046050225309215,-0.9966118373662922,0.18240652409210942
0.8445045734834509,-1.7052873417425358,0.6462691136559621,0.10337016089613855
3.0959928719173218,-2.5622640196459154,0.6066859810737847,0.5524347455624119
3.281342735745118,-0.046312632086707564,1.8996025982537246,-1.751680531352771
1.3653058861436729,3.166379499797061,-0.08003804820005375,0.27657712993268263
-3.8068874308124956,-4.675978057784118,0.6087600164863651,-2.181797885402888
1.1908327595344494,0.9955883271144663,1.5759883092100941,0.6190483940094453
1.3552934356126722,2.7014324573069346,-0.47897134374222367,1.3395248470596146
-1.3236322150340953,-0.3037910641845259,0.8856631564004683,-1.5379804646220203
-3.5920534754179108,-2.225374786000149,0.6186909161061042,0.48022929314154583
-2.9866586288436383,3.7268891146648584,0.4940312506334424,1.1547336009934053
-1.0002597498603696,1.5655894305173503,-1.375644719439289,1.5936784977692284
-0.9333652651572188,3.4757096262087552,0.40632678786089027,-0.1400741295702759
-3.153113362467835,2.567533976796935,-0.2300641485993781,-0.05593036683472164
1.4994917151378793,4.149549295572354,-0.03726086670469087,-0.6305636720904763
3.3174553943583955,0.26935158710745377,1.8523314735963812,-0.8135322223858339
3.3258227303280243,0.40972408954966977,1.9185218181479882,-0.8213668842173893
-3.3335566150921223,0.843193232113896,1.7349211007036542,-2.0474924536071244
-3.17623522066411,1.7831555618366475,-1.5120214990212026,-0.3412112225350202
1.092137964938609,0.6986796653161838,1.4402830214630842,-2.393678650970494
0.9038630743159436,-1.6299338767415663,0.4017847513524034,1.1876845777411795
1.3735500788125756,2.3331527838049007,-1.6733225449603983,-1.1992916224566297
-3.3916282792319348,-0.2995635801170059,0.6688045530040921,-0.7592591086289788
0.9859949851722304,-0.6822671449277108,1.3039280922266494,1.3223788493583624
1.3899240149874184,1.7559143013110856,1.2831397382478995,1.7844353481468205
-3.569726384855199,-1.895090161948156,0.9818075711217532,0.9734896573946209
1.066230297625228,0.9160083743106218,2.655243370457567,-0.668682097805168
1.4835643610563947,4.141256128062302,0.21208290408639321,-0.23048248892662346
0.830444796437057,-2.227823383686464,0.6146046205008235,0.6120434845891469
0.9585968772976308,-0.6445711444046728,1.2151688585565625,0.07650712188611082
1.2960325793525644,2.174040593418563,-1.1186704826923928,0.35823434374705193
1.0944447055124047,0.4943505955743589,-1.6898006013746958,0.5951951262298676
-1.3573319071825385,-1.0215532017020512,0.7898068159355567,-0.5370831931560167
-1.1298086447716469,1.1364005986934829,-1.957411503908649,-0.872007799367937
-0.9014590871724005,2.833609510115846,-0.890433374153679,0.9655018703921692
3.3344102581070714,0.24363756923228586,-1.9563391688894223,-1.1308178440791332
-1.2735083563771759,0.24785185733960596,-1.6156034755445154,0.39059592230860335
-0.9705294965364416,3.2009904342241056,0.20638791117842278,0.6142381699510037
-3.5762363276243265,-1.182216234090474,1.2158731523071973,-0.28430514362341053
0.7375605208028241,-1.295480258674261,1.927124538019879,-1.0629387129100125
1.5045480700151146,3.699935857947557,-0.16179234355032046,0.8792521855721407
2.9148768771868436,-3.4167700921384476,0.10955640830621519,-0.8679316079758004
-0.9403410231866633,3.164216380084086,-0.46259677831046503,-0.20415920663933743
-1.1747288409569707,-0.1512215755829337,0.4935930180056456,1.6797946418552925
3.064527625364229,-1.4389851238661793,1.5335595768025085,-1.4812386343529793
3.7772011493144246,3.7144885830874155,-0.40366805775031134,-1.142292591666973
-1.1071826177609836,2.2065803273698448,0.005803429785253592,0.2814169460353894
-0.8720219443681351,3.1486222132145754,-0.5031404047677014,1.4965197448024001
3.25910597081784,-0.5122975089934272,1.846582786624109,-0.27526338867001665
3.204593912752485,-1.2788427695495144,1.0578955364575866,0.7060170620911731
2.951841508932628,-3.2463542340692855,0.47331379312003885,1.072241752448939
1.362420891373782,3.3559640566734332,0.17616222727784786,-0.5309193318737961
1.3474281004943696,3.1037059890056593,-0.0889425568266731,0.25594955759144383
-1.0899647015380658,1.8849272909986394,2.564151341983733,0.4306332967303364
-3.4168135615109874,-1.0261902615152867,-2.0942648497448477,-1.8924478035663144
3.200540767429684,-1.3388328702068137,1.2530893292695995,1.1468745079012082
-0.9968778316372794,1.8773542241795742,1.928124791640332,1.3159710026454559
0.8636564874469893,-2.1206051870525866,0.3585530094039205,0.20216077482580502
3.3473333214013343,0.4089277285603584,-1.5883273951815333,-0.6574566493443755
-3.3707108269877373,0.0927192074434671,-1.036503391396433,1.8005257052454429
3.047899796611622,-2.8684725449244746,0.47734620326752375,1.2658854900828662
-0.988959921082662,2.824988155953482,-0.258238062715966,0.0998699109110224
3.512367241488987,2.0706001271215455,-0.5356043091473531,-0.47502546160323633
1.311983878736986,2.2208984699785868,1.8042929585381862,-0.6147464775492745
-3.528960605459157,-1.69927184952877,0.5734847860630993,1.449882240883041
3.5320620088983237,1.7770434758176092,-0.45021176294348186,0.2780037349882846
0.6518978839680829,-3.55960634961696,-0.26787654454272036,0.09771008039963029
3.5204016518864685,1.106051504621778,1.7427586692266215,-0.07847332348575818
-3.236913344338683,0.6915544636375399,1.2364591607634086,-0.8185087545938672
3.0387686900215622,-2.3214456595514714,-2.0036177893597364,1.132616439801588
-3.3879080018035452,0.5764817705437942,1.8345542091493663,-0.9464186547977945
3.6123462499013788,2.70713595548316,-0.28753486247180954,-1.0948153565017171
3.3242337670224495,0.37143264020112227,1.913714802121441,-0.8360212390528239
1.127423202290018,0.15966744561254892,0.6431192447403818,0.3693412749624246
3.1862136298264034,-1.6043032927615049,1.7224676065632656,0.6285998915078332
-1.062579495613127,1.7532268937517987,-0.458745314417139,1.3726066634475669
3.3756353142190916,0.8470912096315607,-0.255109178694729,0.3318070746417096
-0.7967580883771969,4.3136510601352445,0.26741927285276373,-0.24689866079133327
-3.365290317738703,0.2885920345679327,-1.4407520343808655,0.8152212502740577
-3.5704556070969566,-0.7489673581303826,1.3391337407884134,-1.8029402301231034
-3.18277864299903,2.457840171672146,-0.08169525142584742,-0.9479022848818145
-1.619839394262874,-3.0341275068392077,0.6325445839666466,1.4919072730641192
-3.6048835701916815,-1.2918444107290923,-0.07497025571310256,-0.3321917033069168
1.333915174604655,2.6641841306540757,-1.3335307917395227,-1.5513085830406006
-3.74379864199313,-2.729015297686357,-1.7278497203064118,0.3918674824295832
1.1138398479200786,1.1133899799143272,2.1599309841582195,-1.4479429678745444
-1.5297795257122384,-1.9075920182901265,0.23883750639759485,-1.7014594503436373
-3.4415255579471262,-0.144331624216667,-2.1614713544855806,-1.3927795515586612
3.2638780987978873,0.03591238624565297,2.140358667749458,-0.5151710398065821
-2.9128930271097553,3.950753147350454,-0.5673787888759757,-0.4055209454813227
-1.2801473732179645,-0.4678119011039059,0.7744044340437469,0.48698463624605365
-3.0645095690697044,3.0721560045512986,0.08838783641916764,0.5335694731860394
3.171731843360785,-1.1044354037818913,1.5353543007938026,0.388224494080971
1.2445296039909053,1.6632028690891447,-0.6846674313509876,0.993045801732975
-1.103653487673058,1.1844354710619576,-1.362004905601424,1.2206756670098131
2.907823030717301,-3.2980202112916017,-2.20663583637807,0.7983929684704942
3.3300201610013924,-0.7747153331756585,-3.0587479100052155,0.06477818158998812
1.258617608957508,1.0131656524429429,-1.7579310114912092,1.0434301382019422
3.265780603124661,-1.1409770311058771,-0.7007458308658938,-2.774878206866305
3.383119346093812,0.0792814126629348,1.2607089747437374,-0.8635590208042639
3.7096865632024234,3.5613223218198344,0.32759450152682923,0.8588225913703342
-3.4385532235023497,-0.808203509796563,0.6953813223124137,0.31037215225743375
-0.9512218624770831,3.1005001430584223,-0.22063372636047976,0.1844054842448163
-3.2172892962548056,1.7405128502113718,-0.40550847219607655,1.3199839926117045
3.646358531761803,1.9572726119046175,-1.7087274292345729,0.7718265899384439
0.7434513735452519,-2.7639080253592483,0.3672367151634178,-0.016533409910675617
-3.3992671165594195,-0.565594013288392,0.6530157057156403,0.42281147406728176
-1.0938907559161046,1.0805296271304419,1.5016936639373182,0.6684978791096262
0.9437855006677877,-0.3454528744388438,-1.1357712900230301,1.086857150122489
3.3396282767663354,0.022009263617439077,-1.2805262668003263,0.07276318874239508
-3.495546901888289,-1.004865606282689,-1.934907770716627,1.4260835073736704
-3.3432527175705964,0.836306748190728,-0.9320302851901842,-0.6510678082592267
-1.343250751252879,-0.8329689129997395,-1.3713556356103052,-0.9720289230115375
1.161356882470739,0.7405571512784029,-2.177689169234471,-0.1706765809044891
3.4715252346466796,0.688676174300523,-0.7627351975802538,3.452991625203083
0.8285872601997211,-0.30773030810305657,-0.8816694462461185,0.2476124921442446
1.323276965935342,2.2703498833962996,-1.0167234308509085,-0.43019263006823344
-3.5565523497459393,-0.8480502495704111,-1.2730523739476929,0.7916915593291391
3.2956703980658166,-0.16946139488302384,-1.598175630870465,0.3648278892332233
-3.5689132179463954,-1.2526540869640186,0.8875715479275261,-0.6934875443176247
-1.425547011027052,-0.800740577571744,-1.5518507840914677,0.47755809685129025
3.237286747066882,-0.5609617403272195,-1.175730088346645,1.1303789611613135
3.37335854574208,-0.05540419984356297,0.9923242174925042,-1.3170688919309306
1.3027732259435485,2.1063421050981797,-1.2225723860463313,0.3265146305382659
-1.4351782292314021,-1.4232394783464837,0.9183632588142232,0.588014784563556
3.0189167506772736,-2.545584811579207,0.7463109897435193,0.2964990234290637
-1.3585359488273603,-1.028346030231699,0.5381962524191014,-0.948477621413517
-3.2061744109878023,1.1394827035469595,-1.923448314544517,0.2977625095068687
-0.9268014791129269,2.5851317523708057,-1.4457131259807063,0.031264391935300506
-2.8336549423904915,4.525641292669725,0.2820859950092518,1.0565249061826605
3.218296000431993,-1.3983746129378776,0.6492558471688531,0.3014877960743667
1.1085230249925118,1.0874515265858051,2.2435853457589583,-0.19668444247206576
1.1475132002863915,1.1160159588342304,1.4954597370023306,-2.2448172941906432
1.3224263956913251,2.2811365052547257,-1.0152532060302768,-0.42828495332090577
-1.0905105611258348,1.3792848479816273,-1.0775051092286603,0.4447787238573087
3.2886858681268683,-0.2715716167528424,2.1496881245808335,0.2560142832814485
3.6313115753124228,2.022264730189873,-0.9195724526797173,0.8005907367518601
0.9287978761914064,-1.7079021392347606,-0.02180986682130864,0.7619883670102541
-1.0442307119220144,2.4655309770817984,-1.0034456471260067,-1.326078865057904
3.352152215047085,-0.3968364556010932,1.040720972019835,-0.1821108900101789
-3.6274056234429497,-2.1086865249657385,0.6121974035762658,-0.9895055800742806
-3.738026178340748,-2.6655754799939704,1.039615321681207,0.46222848460120386
-3.5730601078961506,-1.0894007696921952,0.2680686444397523,1.3780797880979176
3.3073731909565156,-0.4155524007982698,1.1948687206387478,-1.0411232341488628
-1.1011246745350582,0.78990868796871,-1.5736123341075456,1.306722410852407
-3.28972162191139,0.6113945163783483,-1.99386440445468,0.10845911450827107
-3.5477367122412287,-0.9315024303554486,1.5203642542254374,0.24826006836981115
3.456281980055715,1.985497943075992,0.1167263943558497,0.3005719328782191
-1.0857259157303083,2.197142062572739,-0.5915489860719426,-0.5461468792204213
3.331121390421346,-0.5374768142063714,1.0220500595314024,-0.2327885645039931
0.9077331742355097,-1.0774747713617359,-1.6035394662819356,1.9642459224189746
-3.4800661767076235,-0.7162798713515941,-1.3938688056630162,1.0981847287520536
3.2398246455245268,-0.5776931598589505,-1.449385053633654,0.6824839940023587
0.7733940475890595,-2.5840350976603363,0.3909295338122645,0.052435909477335035
3.616323826721141,0.7120172617877327,0.771028118985592,1.2927141064522099
1.093282330254315,0.7467086860688918,-1.579755068217839,-0.5924837425350417
3.1309998233378558,-2.4378935260957033,0.10165414485740598,-0.2538388963217112
-1.0856886604396188,1.5950055375528156,1.7743751719801826,-1.7320857942004142
3.6091448620107207,2.846352766515114,-0.03932778554086939,0.16716048473130038
-3.547541366726849,-1.254272198856975,1.4775599452790942,1.3685215046441137
-0.9365469066623596,2.8726699697694333,-0.22142519167869584,1.7849473522646435
3.240088126627398,-0.8583876162421084,1.407381981893687,-0.7547791577771932
-1.231870441566472,0.04910812389199617,1.6837741323506203,1.908261803628578
1.183749391108667,0.9676167113702698,1.8426316305673822,1.0653637021224032
3.538005046192569,1.542668581272894,-1.5119516602938377,-0.21817393246087988
0.8120948169075457,-1.742480678699193,0.9599282501451,0.4725990232178027
-3.509410545304,-0.864784730127547,1.2106481201398631,-0.10969768440922958
3.541845514771537,1.8371893359044418,-0.4421570148810765,0.2993013015306142
3.551959799806433,2.0247482828611942,-0.01136955148120278,2.014096791675917
-3.3727934873491896,0.05545026526966007,1.2457449155505553,-1.0405366584218159
0.9444816580777307,-1.1097280647741243,0.651098093563805,0.3436883250919846
-1.2656474683704841,0.018776212180976387,1.274703728484316,-0.9965743327761741
-3.623788861359762,-1.976997203706426,-1.9690154645767786,-3.0827663104371155
2.9153670953788957,-3.534390211725228,0.6200195115474721,0.14849763091137727
2.9710479943230688,-3.3088974071471666,0.6690630438789417,1.5156934014106092
0.96734715130198,-0.9862884197829774,0.5801301443346273,-0.8674575176991194
-1.2575886124377902,0.17158080097872197,1.429608787899737,0.26064082903338104
-3.3292139677138413,1.5688031420078583,-0.044074131028677126,-0.03288875510256702
-3.716885614802887,-2.776688843037504,-0.1622758743415081,-1.2244917247782237
3.5617635595941675,2.4442080725900155,-0.14019584742667426,0.07983847238810149
-1.3327611206492032,-0.1762538882378021,-1.197323487075815,1.144853197627414
3.1278043784934892,-2.2717971637932917,0.8059449729702204,1.9002372751142989
-1.1810628286545626,0.6464589172510765,1.6083220794428725,-0.36210648476504553
3.605272407569835,2.127019006230352,-1.0885724275656015,0.40434781197879377
-0.8971717897681472,3.478750744127069,-0.25769289788243527,-0.9401575024455676
1.2183284796408969,1.2007892573839831,1.7184344448016118,-0.1004916760680884
1.4403582503793024,3.7452827551168766,-0.20615839560647836,0.01639616018044928
1.0056562103032616,0.6361353235804,-0.23290284177100273,1.4473300041821109
1.165972017929355,0.09771457722030387,0.6317864367736689,1.8046052079704886
-3.4677887340833915,-0.541377134277836,1.8237831511722766,0.7996408602161674
3.08167660682833,-1.3288383105261907,-1.047287852183109,-0.02001437149740728
0.8544522328739561,-1.5529821100888386,1.1011165174776165,-0.25219654879634873
3.6616768901467736,2.513352353762626,-0.7871459180090191,0.9585523655217619
-3.116587816280321,2.821655829453889,-0.2835789494403442,-1.2248710445241
1.1211129385449745,0.8639016372897321,1.2784199013916053,-1.5216042985386071
0.8328971794040355,-1.7701931416945225,0.6375128313083602,0.08053018994819028
1.2491409757231988,2.6004978744769605,0.1629444757744093,0.45843335761691945
0.7127374027243616,3.0003052477506698,-0.11255155363965542,0.20259100754355389
-3.6768936372852474,-2.3362252461209367,0.6678683029602394,0.19548183535239694
1.1004138110586392,0.50291793576347,-1.5925602324770403,0.6042320241337441
-0.9542515266151417,3.3041117398214808,0.22006411095186762,0.6520916058962142
0.7331855449531142,-3.0633903929014554,-2.618257727224267,-1.4358268200096453
-1.3228798456577986,-0.547401672721283,-1.3183701144801143,2.4987659171946492
-3.5871829393375245,-1.6611701276460302,-1.9331352435124958,0.3657721318111625
3.6105835205699615,2.3718532934794228,-0.30257438803326847,0.4665730357474215
-3.256556918623561,1.3807415445364677,-1.2066134639332438,-0.8629617188078694
3.149508346335248,-2.1451300202347885,0.7364947243301386,0.6758797171596164
2.9195370242313237,-4.205454370617792,-1.6820376025337258,-1.9575353525682668
3.310212062303384,0.3383906227388915,2.0933432186901997,-1.666085945400924
-3.544695059270278,-1.9584841652320177,0.4049785761619597,0.15292797259908653
-0.9521374306869923,2.1952270722727505,-1.0642542417118672,0.7330742150568302
-3.3606830470443607,0.6306392928623838,-0.9682020584308525,0.539717873203921
-3.4348834455307755,0.2256977162317761,2.223473710305133,-1.482604815862144
-1.0180876220560282,2.6338306502699202,-0.7092739543270254,-0.8247294411414348
1.0164384076937618,-0.11309833276353266,-2.7042050876881536,-2.117003116598054
2.8095747823701114,-4.417617602339132,0.2714235399291061,0.7068207481891945
2.986201281347978,-2.9635818916457874,0.4415798794109243,-0.26272574379601793
3.2056435558530625,-1.1672411597853118,0.6602328791366118,-0.9001989081318992
0.8624263431858017,-0.7310598364838707,-0.6656181184318031,1.7969591571424557
0.6809753694832428,-2.9287485347130886,0.13820615862391025,-0.7518619032529775
-0.9347959864961429,3.2013858348099573,-0.9057297025972689,-1.0616184802980593
2.8479200663886517,-4.343024489895065,-0.3360641474913638,-0.11699200414847584
-3.4149802385870602,-0.18170176912613822,1.7846312004797205,-0.33525387514021493
-3.405885785312092,-0.3139333183950514,1.5140778653361142,0.461485159236661
3.140797527764158,-1.118009695530355,0.8009159775410123,-2.581369134090693
3.0865591926087563,-2.4250381855141967,0.854478314568826,1.8119018420090105
-0.9663723194825308,3.2969292331622597,0.38222222599949846,-0.20379527356991728
1.509666940098238,4.219966644883654,0.6294812164695095,1.4518440430087878
-3.3131222222636127,0.23762270821110532,1.5880909097805262,0.6568344714641814
3.3632781441998767,0.7548629608589641,-1.822484881291963,-2.6173191155680358
-3.6889207562026884,-2.8119532273314336,0.6974587292755209,1.494698484388127
1.0910029022786398,0.4389694838705446,1.6858521259044912,-0.4011385772395567
-3.4164316625981406,-0.04944198242680382,1.8012149141927667,-0.28864704548747144
3.691681541336631,3.448577491889521,0.4756292685371846,-0.027692595634097098
3.394118020247583,0.8873988276068431,2.1663533819924585,-1.4686936844924983
-1.2538814356820653,0.7485845245210141,2.162318962596959,-0.3807061145922615
3.2186510312803502,-0.6608625550568996,-1.6226319832267477,-0.5845950122308222
3.003640444924266,-2.077137726964252,-1.3770924180564001,0.5807884505709131
2.9053662783493728,-3.9944702290850085,-0.5402258807905803,-0.40032855701665093
2.8217012541979116,-4.462079070504,-0.1672904645482051,-0.9845637789625399
1.208870193551622,1.2241631574232559,2.040988184275142,0.2885986299644683
-3.40222648139238,-0.2663427119235989,1.108324090649015,-1.1653216303423644
3.5538905932847142,1.6125669165013752,-0.8393752904214825,1.854673354443868
-3.755196666266051,-4.415184961514093,0.6438023321850729,-2.085203954678564
3.3255150862772926,0.2536317853693851,-1.6090880559174767,-0.7107859404554313
-3.6051091929167955,-1.660127961526144,0.7652675854733253,-0.8205591357471209
-1.2804823467547783,-0.42737295825955923,-1.9860146632021287,0.46202204623276993
3.519460729094027,1.6501056376976475,-0.8330357176086949,0.6195931420674455
-1.090359153050793,1.6203147356073506,2.048935787715708,-1.2803325720005492
3.0945191058088874,-2.397352225521471,0.4515804309373571,0.17443004583263766
-1.4773892636626524,-1.67817150638861,0.7972484529435356,-0.7657151401231924
-3.263981675167824,0.8624851355397347,1.6721737959256304,-0.3664265558109675
-3.4069724674374338,0.3857374692228023,-1.000992113574822,0.44895432446523675
-1.0784246242566922,1.7398187885581122,1.7923748024682515,-1.67368844794478
3.4510093230491954,0.3978703838683725,-2.5069565595873016,-0.5964759742422155
-3.2050824646353915,0.6456662326071038,0.9780697431673828,0.00675852146432663
-3.3879734343802914,-0.23547720549046744,0.6774638865786288,-0.7416587682989862
-3.1801525128123243,1.6866844081179897,1.5893564518532204,-0.9038938832565246
1.171869524507862,1.392858647275514,-0.796507280949817,0.9250320681812788
-1.0022734638497728,2.3563323192050736,2.1044542904664945,-0.2410717145938032
3.2365871233566352,-0.6432243974893262,1.5781428708288887,-0.7287823906418162
0.5506234829950934,-3.4112568119766866,1.260227881204423,0.7214629826727019
-3.5320270858390077,-1.1732085497666125,1.0801738350030008,-0.2306567885882668
-1.4990662958027092,-1.4109692931449718,1.2189039392160546,-0.3050676616190727
-1.095981379003915,1.5589086707171573,1.7690036370818987,-1.7409820302269448
3.281224533317604,-0.4154331127197033,1.9468405199158731,1.0221178639402
-3.6307735331148274,-2.59500900907756,0.31214294789392205,1.179306070136254
0.805844353219703,-2.2791573529065827,0.3155179003499037,0.9541329882549937
-3.2920987196810954,1.0354335489207607,-0.5667357556834407,1.091188204493823
0.8635280695100249,-1.3556716092420025,1.5333670942673332,1.46251431866478
-3.331740067502018,0.8707131747280265,2.0763527782862505,-0.3683185682282465
1.2730018738757571,1.9538149825046836,-0.9717565248090063,0.7167687027272414
0.8514013784007641,-1.6685467011760535,1.0116412802219374,-0.26734448691541446
3.6129294481127987,2.7877005293232378,-0.09466779973765577,0.20438236225801992
0.66554592433625,-3.2632063791721415,0.3881527905999285,1.0617835380246539
0.5988801832529219,-3.336300949275987,0.17906766871330407,-0.8946604526202642
-3.4036407905888306,-0.34146054937723164,-1.6628827851200476,0.8488182985481302
-3.8492458461796746,-3.456622997166905,1.1853907720565169,0.5893286189524712
-0.9107031586823506,2.866161436197166,-0.8125374326466319,0.9576679754840252
3.232130601716456,-1.2510010154808968,0.8320504402489296,-0.4984142209714361
3.31017357614555,0.08905190480355052,-1.4544204038405746,-0.33708375795073175
-1.0856560229768046,1.8545800678433833,2.5602014841044043,0.42415173600060685
1.320952921051103,2.4563320235522763,-0.5117258401037472,1.2552716325864566
-1.125020121653781,1.0884346147967479,-1.3000961064661445,1.1576295553843705
3.641758925524731,2.7856086901276216,-0.43975038862112925,-0.21504593423101678
3.3947815258793526,0.783702048005901,1.7372575558924508,-1.8905847370943525
-1.3248648189739554,-0.3731831948215452,1.3099327077920304,0.12126415452642057
-0.9376552698916565,2.953981428374935,-1.3316168027390545,-1.5073236483359456
-1.594131806437724,-2.804151191089342,0.4603588761322218,1.1045785690516678
-3.6127105527933425,-2.2591422100975143,0.17974412103421988,0.8590690753362
-1.0031855018742557,2.7179346463781626,-0.6091261813547586,-1.6218044679015173
-3.441137086728924,-1.0786388017496293,0.0639477066298301,-0.6090202279702381
-3.352522957778173,0.09377664971088082,1.1558006608120797,-1.0340306286841356
-1.3078193464664616,-0.7886449514382112,0.38626082118691274,-0.0435585080571837
-3.2710644043613892,1.17414705187049,-1.1454206750698688,0.31545064153955543
-1.2678582963069955,0.3697479785930179,-0.8060453193713439,1.7280138566051202
1.4523834281373416,3.6652357267490894,-0.19615594404118364,-0.8110929010433908
-3.7037608060327827,-2.5642370779299375,0.638302363918919,0.10911113706485014
-3.063251576072353,1.598184515416256,-1.6622909051398282,2.39374662260401
-3.4867020018457686,-0.884517589117056,1.187570079864929,-0.14956847961501582
1.474693693718502,4.027734038309127,0.5165681090440334,0.1208943223816586
1.366517767693141,2.4767075702633248,-1.4240125192149549,0.055033741831656574
3.0771524009183624,-2.1879004524543464,1.0528174361563722,-0.4127860397480051
-1.3402821225603914,-0.7178202175031649,0.4890717282208591,-0.008282389910598577
2.999466394811963,-2.608492694280782,-3.2510925248729143,-2.11486249829548
3.036307897226152,-2.706563811976733,0.5451471029671487,1.2669257082299474
3.109278539284898,-1.696577204136183,1.0243900192605728,-1.501641319958973
-3.7817338896073607,-3.740215213593321,-0.6115805268594712,-0.4977858157310657
-1.0799716727404982,1.1947846785977412,-1.0189800174355175,3.1033514299349387
3.535102369462776,1.736739673578095,-0.45502811807023036,0.2624821931803873
3.3549816178224816,0.5968316644608476,-0.5196888471237737,1.1125550462255598
-1.1798391946792441,0.3358692571314611,1.721199687080268,2.025101205828591
1.2047887001280913,1.727768260234692,-0.33676589168868326,1.4302358127837715
0.9713732485983728,0.22954349440547192,-0.9433023542773759,-0.7521049186733033
-3.679933434584922,-2.857732014286785,0.10122299359466111,0.6454332952189257
-3.146420987202913,2.1743376172541753,-0.8680223661396808,0.6012139435882823
-3.117623719263405,2.459750671544825,0.12489116295079725,1.1681936626986409
1.3127252509512468,3.035807588481218,0.38424547069742243,-0.23706181226230635
3.767022808057292,3.6355264546134705,-0.41432806039310915,-1.167571299462938
0.8651261684182858,-1.5386288607303322,0.8438760466983486,0.600810871475532
-1.535724834196257,-1.9649018185554208,1.1653785936822543,0.7759181046444752
1.4055435127546207,3.4318500420639784,-0.3165999486781267,-0.06783479860239704
1.3068993112763518,2.8898643487877202,-0.5920755000665927,-0.7288905619944362
0.9070629100219013,-0.8832419260618128,1.5292197676775516,0.40590432967553747
-3.371285991346993,0.2497793298445643,1.9283524119161843,1.077026368441734
-3.251552993441534,1.4810293152865266,-0.5087130267758477,1.249666827987943
-3.2701332376196204,0.5912490454051357,-2.315410098299862,-0.2806658907442586
3.196445823607051,-1.530762703405146,0.631688994831028,0.25242063129162784
0.7805103921600145,-2.4640106578441725,0.5420146517316135,1.2937392971430939
-0.7621691867118582,4.241448404723185,-0.31899131346212556,0.18716419978819565
1.3492577072555698,2.9529796938211366,-0.4541752069952273,-0.2148345801244114
1.1559213831976691,1.3590992601143526,-2.1244162487726594,-2.8755097141355255
-3.4532371073071966,-0.7809791363385009,1.1337413562669645,-0.0953456900997048
-1.4373210696255885,-1.9184867349252703,0.09708453090280078,-0.19158110088523744
0.861926296136516,-1.7008126453122507,0.30109322846702574,-0.30944278657102675
1.1063787590962437,1.0256548015747204,-0.7496198829335167,0.7950372410041648
-0.9844444057499936,2.5748110050334247,-0.26117453767193494,1.6780968717071054
-1.3487519588963561,-0.2175387073151695,0.8477994666252727,-2.3790536348402918
-0.9729648413540799,3.042422627979283,-0.4050880878520627,-0.2690584574536145
-2.9388978798804732,3.9541215084221832,0.2740488779206608,0.8293585347221988
1.3664668636403108,2.5130817012613655,-1.4187376189557548,0.059302337969908546
1.0362848767420927,0.5333854926906176,-0.8149641252617752,0.6197174270391537
-3.1472291345476475,1.9619530972705292,-0.7898767347674973,1.0087981193635476
-0.8916890477158838,2.827398667870112,-1.4137082538950185,0.11981244885566628
-1.0875106270874866,1.7610431901649086,2.1413384835633336,-1.2534767072824624
-1.5157657766354884,-1.3209326842800855,-1.5525733011584884,0.2672487239566846
-3.3202693854831358,0.7767688419312546,-0.5350645881081859,2.225140500845497
0.9392919408762139,-0.9548371176922404,0.8141379200761462,0.3490140456511605
3.1027801646203335,-1.94960020530107,0.7181986826425099,0.05383441792580735
1.2925440402615167,2.1508656513470528,-1.1220169278353709,0.3531807194945507
1.2062277258928094,0.7880444857212796,1.683330003418199,1.037440457846525
1.0792703050409063,0.29561544488429387,-2.649803714651619,-1.970420860661155
-3.2899885523121366,1.3143756202373693,-0.2982649845696669,0.3057587362499187
-3.2480611336581946,1.1339207947226828,1.428889984888303,-2.3556960723346427
2.9726772558739993,-3.3993103320486058,-0.026531749350715426,-0.6024232245893589
3.61587824360151,2.9468020365335126,0.49607063664597034,1.0530371754880103
3.2097850734072306,-1.3573601232974233,1.0004262865413982,0.7325296546627099
0.9974313461451089,-0.5098701218908864,1.3954040789899076,1.357358980622271
-1.2292159995227736,0.3671391967843073,1.7272967552003837,0.7719385286183557
-2.851993495922799,4.546872798396537,0.2655406672894611,-0.21835069107951366
0.923482244170441,-0.909022249897586,1.069842637297621,0.7737957564922048
2.9132649586915584,-3.8421221078266594,-0.08495379883401262,-0.7622813454186016
2.910710959031065,-3.773405429549259,0.08521986385373949,0.5005403962718081
-3.513566635659093,-0.22150931077252148,-0.9386772479208513,0.18178673942253404
1.0344293315064512,0.6149438229065474,2.4314198485974785,0.04156897313049671
-1.0180292410026779,2.3297965237426386,2.5358491025429806,-0.6639991053155291
2.95493988407885,-3.5597623969991576,0.03964453269190634,0.6004243175272053
2.863756652237216,-3.969313505223466,-3.4825737706059785,-1.0827402334070646
1.4094335982805586,3.0352235200943443,-0.5699741122764863,0.2597183669096021
-0.9206049487354119,2.9402126442737297,-0.483773539502462,1.3664543362167165
1.161943598890643,0.780167035444447,1.4122715845748939,-0.6616355350800173
1.2509622368490856,1.8870063377662218,-0.9067055619764159,0.67015243782514
-3.341285208180662,0.9598770142360504,2.3198804202051675,-1.21496394353717
3.2533625271690663,-0.9155802426579912,0.44329286250526095,-1.2165732357404935
-1.2432637682866077,0.1977558467720092,1.2984701580975797,-0.934836708648042
-1.767858846535001,-4.11139806416321,0.32821870833420025,-0.1309905931732758
-1.0215905229378126,2.2283308062618756,-0.37566511199908903,1.57940677048944
-3.5336597354631545,-0.8584848713553808,-2.526965356361427,-2.0952671828738216
-1.1808697258693406,0.6962729495086489,1.7712441106694896,0.8869015631223641
-0.8618057412953363,3.539386915765404,-0.9345222777087685,-0.9140489904654521
1.3129255871945602,2.0352292106098986,-0.703838062932211,1.1529091313372326
1.2749494615467996,1.9798582610135995,-1.0557282725048682,-0.5324609807860518
-0.9706896064868054,3.1137899031485987,0.12645743255938602,0.606174757169745
0.4376016213310065,-5.346840786298663,-1.8695545300743583,-2.433095062480529
1.0850361013445298,0.27531335891283654,1.3451836168585185,-0.8436159973988709
-0.7085792002309566,4.849459534352763,0.33912474516237395,-0.05592764045423217
1.2496426404885543,2.0497562898953925,-0.043599677590264854,1.9566122307393776
-3.5575328609368526,-0.5050343133671974,1.961996478712453,-0.8909417139548478
-1.512509640704728,-2.6024101147201217,-0.17696937297341664,0.38188833212207024
-1.1645624094631213,0.7149097270952334,1.3668910381718204,-0.7447700981145162
1.194205534902985,0.9861008408546281,1.439420010242749,-0.5841917751972032
-3.584857487534899,-1.5379356815847591,-1.7342177243197698,1.6727683634899981
3.189134071432169,-0.4116886827634745,1.5571955890270188,-1.5154133689604357
3.5528942976911533,1.7554138467967415,-0.7113186013804302,1.1163946471721968
0.8858469046346319,-1.286344886973758,-2.1532064557109765,1.0384170772511272
0.7076756658636777,-3.2259977293979047,-0.4741436004401731,-0.1891774367503163
-3.333645485042616,0.3991879430111058,-0.8345686542005074,1.6903274346112638
-0.9538447316448025,3.0639704683049014,-0.22553724375931622,0.17364530241869236
2.999471282003967,-2.4751093543562024,0.23565708046650433,-1.7838629315426877
-3.3810410079251905,0.3394038403472098,-0.5927646430678548,2.065926180716835
-1.0105340156317855,2.211393807944832,-1.150332832555305,0.31371258633569
0.9111969582671546,-1.1856307039369183,-1.9637498817735533,1.5136234909653228
3.566128014791141,1.7500838807958174,-0.9619405283551247,0.7044931261287596
1.2712639768886318,2.411499290144026,-0.7977632844715488,-0.8497743809291841
1.1536286860770617,0.9408738028869683,-1.4873132820912212,0.7093567055242731
3.5188314619487087,2.4055775229727248,0.1733696300990207,0.44103979583865965
0.9141255638188044,-1.6030301879622586,0.7720886607614178,0.808455970698032
-1.1610644726142865,1.680847976366491,-0.6596576082512917,-0.7363526260825407
3.1127309994409114,-2.3774998791683943,0.27035914366612546,1.0015784181416891
-0.9283482861002451,2.7481495970418957,2.3599692261951457,0.3647900558949038
-3.6047485719738543,-2.404727343496018,0.2502016762228936,-0.013821244554767438
-3.429012336988729,-0.40261646290990566,-2.127953586286423,-0.2558320144320162
-1.0150111957840033,1.16838698276718,0.8305098284779445,-0.1560864220667328
-0.9687048391998199,2.3447985055436704,1.7101182511273025,-0.6039927475443406
-0.8715596281325164,3.7380297604626778,0.20972084641891578,0.8298499996308585
-3.6521896268389047,-2.0417361402813943,0.71574420488341,-0.9659068850495444
2.84390300633437,-5.275544419044109,0.6351448001149712,-2.2100810044725394
-0.8757950722780904,3.266086217090251,2.612287430052174,-0.27083356479579535
3.362110172085302,1.0857751972846006,-0.8429523028036257,-1.2579523459728994
2.9971106980404385,-2.3616086050614045,-1.2557222538188435,1.0927600483729722
-1.5694501968703722,-2.219728679472137,-1.9683630725864616,-3.114864051504563
-1.5808710021215686,-2.8621277481310248,0.4052817201922619,1.1456651121305517
-1.3775533658021528,-0.9488754067315047,1.2133013475906822,-0.11731043818601604
-1.341534076228451,-0.871712633522018,0.9922193569514566,0.7857744770309933
-0.8795874502018846,2.16071791716375,-1.6413819776021061,1.3902622060644523
-1.1113074959667462,1.6107099291036597,-1.2309956220271208,0.10182130424890852
3.2855599075751947,-1.5523102253515155,-2.3813717112488275,-0.8213210942447278
-1.0216359784768543,2.3155976724960903,2.5338539299937906,-0.6686725364660772
-1.0713426809149247,1.730508618300759,-1.3093551781479176,0.1328546368356465
0.767603262703074,-2.5279002525875476,0.533206708857594,1.2726652951293727
0.5572010206845125,-3.651946762687425,0.3142237210772782,-0.5843580107130661
3.4701303674028363,0.725831710187674,1.7796505245396004,1.0467217702064926
0.8416593637998409,-2.1572519257795966,0.2636055782425049,1.0211362115567055
3.3424690558510415,-0.018600881467806796,1.4771453683870786,0.3153705526429756
-0.8538447776421852,3.06205876388257,-1.3823775136680632,0.20387109781247104
1.085740409555099,0.26759637801016684,-0.9426150908594098,1.979338685045934
-3.4522041055376125,-0.3837871468942502,1.5251780987943064,0.46385301072165386
3.326239912111269,0.20636307514787533,-1.2777688203250455,0.9407878710909219
1.1451791315716298,0.617213334847103,1.0447133759108835,-1.138483027949694
0.7044516367479581,-2.441505871488503,0.8905167458420682,-1.835830029124375
3.187484228412139,-1.1997255802963565,0.7508155836700044,-0.9021587311453061
-1.2133110989235445,1.1001225137631423,2.6436505614258503,-0.6644000528404117
3.12259066502793,-1.7522546751122374,0.9468344347782791,0.5873078826055621
1.271918857564751,1.253966873752439,1.1290238496227805,-0.8869856133185229
3.2690369385389157,-0.661360305547852,-2.375639946068671,-0.5538181354162209
-1.3136006856052995,-0.7214294050119444,0.48998891509637876,-0.010034398628564502
-1.3419315444936528,-0.22694308744245933,-1.4757647252396187,0.6840717383691453
1.1137807103196953,0.5434406151945401,-1.4108984099770616,1.0535153854143686
2.81408475172256,-4.571035044587092,-0.3652898801619472,-0.2118061457957804
-3.293873310435147,1.0844924212225167,1.8543364210090698,-0.7003290648158121
3.4785104938308518,0.9087061728151343,-1.4134642664280685,-0.013393329395658456
1.0530281473138272,0.42079521035191314,-1.6974473739166303,-0.6833689682873015
-1.0120923895634266,2.4637319682525387,-0.1127161343140766,0.7836339857734191
-1.138693838692206,1.9601218204498414,-0.026928911197387773,0.1960485165792609
-1.5796514189554993,-2.585769141536364,-0.9649298569167022,-3.424270482530035
2.935626841052891,-2.9907631609388328,0.8304914986469085,0.08286449421473163
-3.2396700142226016,1.4517463986303765,2.1538575185723907,-0.16030055648342245
-3.4144171938341694,-0.550301088414392,1.0011828244077114,0.8378247070648999
-3.325546927549951,0.42718151757247474,-1.6723963547216145,0.4598149925004468
-1.184996125619141,0.4121531483684967,-2.576875293061613,-0.7323979289137205
-3.2559690976262217,1.8033026693747434,-1.1252565569229065,-1.6210917548449013
1.2733870529502167,2.182277877670798,-0.5484477793048469,1.1566505089217274
2.6681586297404865,-5.411566052064268,-0.3824602499667218,-0.5032971650175183
1.3102942860677236,2.9860671677070543,0.21420440433581578,0.5986133789412206
0.8084781046110986,-2.1849038888225367,0.8499667911679929,1.8373907730219055
-1.1948766705073222,0.6338862716307722,2.013350152978295,1.2743187724957021
-1.4533269989996243,-2.1691211244833273,-0.12004534242754158,0.541916368072989
3.211924697495727,-0.3811275454226824,1.5628834333052584,-1.5132447897395072
0.8622529627646783,-2.015416288599978,0.2823964318095097,1.0723424685434482
-3.3929147033073996,-0.0626589102927673,1.1146659015040863,-0.29068520112053226
-1.1973388912242389,1.6721902872182164,0.25601880499042096,0.4502197235834159
3.2598146062329114,-1.0887958879307722,-2.707165312893968,0.31194065597783066
1.0588302949388637,0.5681284425540862,1.5110691538817904,-1.2001985136843123
3.127799072436399,-1.7030740344699093,0.684683483445425,-1.0824570445976431
3.299528997635844,-0.5236024153726014,1.180803208139058,-1.0783838832954982
0.7726774596759995,-2.058410505531347,-3.2141403677794007,-1.9785375601537223
1.3701034595397694,3.3128055011088318,-0.013483350917453476,0.27357190622744054
-3.3411434750832747,0.8396275646925425,1.6185739905280327,-1.2533598444325733
0.8063930050253971,-2.509504004671984,-0.12892796542979035,0.4801823733464662
1.2047606442403629,2.3449761639551605,0.04143463487159846,-0.8928974433743715
-1.0591991330992698,1.9990744503008848,-2.0755259179432315,-2.708827586444217
3.5529336054156957,1.863556751941654,-0.6891047378583622,-0.09884766630564924
-3.484796970939201,-0.5851438120975216,1.7305930465372767,-0.4805696063627289
1.072032965678763,0.5108148595106643,1.2315461881319862,-1.6465644667639117
0.9156640848201307,-1.6550274802349405,0.41905520226952747,0.3751596574150626
1.4428251799971588,2.634290460802179,-2.3382856300086523,-1.1320432546897932
0.9114679295663212,-0.712699535536959,-1.3274011498302176,1.0063761604743768
-1.1994357282186654,0.5538093056977929,-1.717699980745595,0.5542230960503693
0.8227058438735898,-2.2854684418879083,-0.004252072613674116,0.5678008345207143
1.244011887313954,1.3887772577915038,-1.5700212846256512,0.9144401558740005
-0.8563511744322819,3.62347394243205,-0.6730040242762196,-0.4749422491123938
-1.3188321421330573,0.02186416746063115,1.1300843072504096,-1.8850301638586127
0.8480064994963524,-1.4289436006060554,-1.6022918209496222,1.778201718475558
-1.2267676159859882,0.14600769479333475,1.0326271212120104,-0.09814190342402225
0.9574608533555188,-1.2820211757519384,0.44820072635589514,1.3112114222799327
3.6398774588498983,2.9305570208132146,-0.3468540837394892,-0.18913794473934062
-1.0442108429504409,1.2598770105098067,1.5070223210858014,0.6743796054475104
-1.0260675184587873,2.2776624604178948,2.8006183906174233,-0.24112804668373333
1.3105760538162483,2.3561696889451387,2.325596725491531,-1.0017770293571029
-0.7172445203371197,4.525852500636871,-0.36832397463746197,-0.9704800110131495
-1.0929573083778195,1.0810129031072018,1.3206353894973595,-0.6208694319914515
-1.0989400469231432,1.3756461347477242,-1.0785607909480197,0.44566167590223155
0.7901794294072819,-2.52992081111927,-0.03633940717708265,0.4777020653500206
-0.8717742463020611,3.8000846425692547,0.014695301538218717,0.3882307263758255
-0.8733027194008639,3.5669438936728888,-0.496377843073734,-1.31453647279767
-1.244084278137112,-0.8219075204280348,0.05924196200373242,1.0267857812483916
0.7371249413182929,-1.6240170263775786,-1.0338429972558396,1.0587704606200605
-3.4769856730508026,-0.5920332627201194,1.0438448992892246,-0.4777815156312004
1.1431302028441395,0.5788344223305946,1.290302690597311,-0.7409196909835387
3.32886631626046,-0.186861555632974,1.6578678512254261,0.7224834233875702
-1.2295651275271247,0.3732233287599094,1.7285173332885093,0.7682925161714014
1.4254714775024464,3.0313667747098116,2.3468814870784205,-0.7345036550160781
-0.8042961776751474,3.742840854585761,-1.4976260227934992,-1.667158860347014
-1.5755117940633296,-2.9848528527728995,0.04368328844328287,0.6855877858129095
-0.8533192645039921,3.6499277910451045,-0.6693519813208627,-0.4676958648250833
-3.4761957373759067,-0.9098114600495344,1.2045976287969342,1.1068789920048692
3.0329580484325134,-2.0735712681920098,-1.9935399204705742,-0.2734019321582442
1.0821982104764076,0.5142530724531347,-1.2719468405078636,0.9889187823621741
-1.011031849845602,2.1378274402667192,1.5060727940348793,-1.1122315032185985
-0.9280298747055196,2.74279736586928,-1.3502458276323472,0.05015720856247603
-1.3391918249450747,-0.2962280104214965,-0.7036352379405255,-1.199052626663803
0.5421916562828557,-4.300401832948052,-2.511056639932482,-1.4401573204815534
-1.537160891536622,-2.166141812012215,0.4739646810524497,-0.09874585157915018
3.410116930154646,0.8055583895223862,1.7411085385120737,-1.8869641944088804
-1.3351688883737765,-1.3664593651762886,0.8371004961235577,0.8141174634887567
3.199713906672327,-1.4744499819682426,0.8023332343097069,-0.577670263281324
3.1227816678254006,-1.896171581046423,0.6566996266178112,0.09883367493519275
3.511344202103159,1.699645909996097,-0.7110997374339714,-0.16549712287971965
3.5735055207828528,1.5934745786131168,-1.1606159779604341,1.4638202971777186
-3.534370351087053,-1.1220596682562627,1.0813912785319568,-0.2094825863620471
3.1009163471425514,-2.040761297731396,0.9091411607950957,0.489047387979255
3.3659547933076155,-0.5065189375479133,-2.677396489906595,0.5838419210882846
0.8432539277279613,-1.2938396831178545,-1.585785459569463,1.8291322661270717
0.9861243855525988,-0.4737327602862392,1.150656643546614,-1.121049453943253
-1.258439669178713,0.09851927507260395,-1.7774604268531973,0.3873579817854261
3.1755752442674523,-1.8645543748422726,0.841664375060552,0.7570873268105608
-1.5456959886018065,-2.6622777821151824,0.2488922957056287,-0.04707934559455341
2.8522784959276857,-4.220628825685002,-0.22428001957359492,-0.07139205120014668
3.0881048234550676,-2.226913355552636,0.5388358886207454,0.004307232971265868
3.1407841654802584,-1.5927383689103702,1.5383570394222672,1.4364703352180543
-3.367825004282399,0.25088131772281463,-1.5198658561669405,0.8209908771446222
-3.4203652827990734,-0.0627543867879507,-1.2157880119235902,1.129887118817796
-1.1312772556164297,1.4574918578211944,-0.6397847707984229,0.0681600120125717
-1.1467041991689362,0.758890954899825,1.1143748648068483,0.11089415381340077
1.2155886236988798,1.610511172713502,-1.1935908291793291,0.15884638771849244
-0.8995332413425321,3.5803423971815462,-0.26496812985464946,-0.09932497397307608
-3.309708173795735,0.7245029976908182,1.4618852428061087,-1.2450682864107459
-0.8376380312681023,3.156272804524388,-1.3696452236952212,0.23635972604144323
3.1989309313585834,-1.851289210796754,0.31845541908019087,-0.28636136103595544
-3.497044539387614,-1.256766813132015,0.5619055592508402,0.1692303956640979
-3.289826413755103,0.7623927646545513,-1.539873541558469,-0.24523792253228097
3.620918591775347,2.146074243754566,-0.9097028024889171,0.848551625241407
-1.017873613565916,2.274826807719539,-0.8229011375244107,0.7202661148641635
-3.603868113979767,-2.0808763939904558,-2.2353337928751613,-2.2775546018628288
-1.2601105336654983,-0.077219627759734,-1.187344125116331,2.645008163241828
0.8628763702708696,-1.9167102306420252,0.36273791884277523,1.0974818837977494
-3.397584851691609,-0.3024445329107552,-1.338194682878717,1.2509112788465608
-1.0858423720486956,1.764010459964154,-0.7754016218077813,-0.2515077978201899
-1.0980792337885112,0.6139096124185929,-2.2839021476484325,1.2745447342615974
3.1486422507970806,-1.6382185212759637,1.0105041238488885,0.5712627129127563
1.2628798004531443,1.189756551825381,-2.782860733856512,-0.8061526539770519
-1.4787749125109548,-1.8942041251644492,0.5850215021685063,-0.01775571314197379
2.973077721397806,-2.8446050528619145,-2.32312654527891,0.5349474354225443
-1.3429752661167427,-0.9592519960702097,0.6346562659143803,0.3387853094306222
-1.1437466880169889,0.6323005661683185,1.098550848504483,0.06664719600530579
1.41715305240389,3.568290568881187,0.13637882834402557,-0.42956025893518457
0.7179837684536062,-3.0100459926799155,-2.26599485945333,-0.9988916188625582
0.6567490454165544,-3.328214514582834,0.10769594436547504,0.5987910950934343
3.6236982875183568,3.001428725858966,0.16530233514712933,-0.5951876941607928
1.279516687515275,1.9499002843101656,-1.2435536797827256,0.27283666298000653
3.098983951587549,-2.0537995582138713,0.907653738775459,0.48137173498107083
-1.4976088219584827,-1.87881554992636,0.5864677188213009,-0.0178417608288722
0.7954524616790372,-1.8843723446425964,0.621497324269355,0.03742486330897285
1.2625255548481074,1.9549336345618527,-0.8972911143189506,0.6906228075929932
2.986999090525861,-3.0976216765306575,0.6781729112540645,0.3076729817586091
0.9181645739375001,-0.9455392330693057,0.9244899693450372,-0.4377905768182804
0.7133422956114246,-3.2009820647966434,-2.636642276719381,-1.4835048564414923
0.8840427729545483,-1.6402941187323852,-2.106773668334342,-2.000678635226315
3.153460541354241,-0.9050770273419538,-0.6523977554609708,1.7980161131393442
2.9454407009811656,-3.5713118671643285,0.2010938585439213,-0.25344541358272127
-1.2015910327726544,0.5789275763026835,1.9188962890623287,-0.005314563913992685
1.0477489137127558,0.20487951153492526,1.9051128418619412,-0.07715986538228374
3.2240987858592693,-1.1641034724641703,-3.059217919339852,-1.590605288496778
-3.252337991542187,1.2493859549380688,-1.4068740098516797,-0.09771291364513754
1.1192156616304951,0.19814646141457887,-2.914304710057051,-1.1630723294094705
3.617199909201281,2.920166568538466,0.24212592200059055,0.6341767646598652
-3.3719755157417284,0.7044816511399655,2.035590708104404,-1.7152075252357986
1.3106274411037822,1.2419990719073604,0.6926654880475349,0.7452698490987286
3.151461978264031,-1.2182471050481831,1.5206787466304785,0.3398994931829104
0.6173407622408592,-3.7421975256402296,-0.020808189616882824,0.47396265070613247
-1.2261408092175388,-0.21201530406818767,0.7341272050996854,0.6078450411506835
-1.4442485018927478,-1.4215736174945741,0.6470983777234082,0.13858953386028422
-3.536571374410941,-1.3777642868155544,0.9389694332553511,0.48893651005261907
-1.4343007540238049,-1.9463266404236788,0.0047818954634957665,0.6269852147082411
3.744254816327538,3.791110134888593,0.521214216402364,0.0951940286740632
1.3656935761722357,2.5198628258838145,1.9332151412141039,-1.3333784540924036
0.7759025444144512,-1.9246021062179777,1.2066872027742992,0.852537876873565
-1.253031559353492,0.8851240588491655,2.1794018903854053,-0.33069274315145614
1.1900853681369488,0.9654528957924494,1.4368596254653534,-0.5944831342359095
0.8131755053981838,-1.824084185393953,-1.7974969600966604,1.687117026907793
-3.6773364209736825,-2.8635788006816503,0.2760058138595144,1.0845315392815358
-3.346036543159412,0.018134359272320454,0.8074727564380841,-0.6476498207556736
3.186436014717058,-1.04292049701985,-1.8568544160627678,0.09930285313827847
1.412779018470471,3.092560067145144,2.673802033779195,-0.3292088365706294
-3.4834893603346866,-1.241514711294492,0.041526647613648875,-0.6689445158832366
-1.3682030117791932,-1.5464242761748352,0.058179044463791456,0.7711700836765732
1.0389909309999343,0.1933201506048536,-1.111787431495443,1.3404846692491805
-3.5696628329917366,-1.4356876754495986,1.4526422270196473,1.316450273255175
0.983929852950598,-0.7710511727746742,0.7700622396394701,0.4426948030196873
-1.072776474196734,0.8827257240286333,1.2254224686114599,1.4183259793076444
-0.8958233436143256,2.9697212720676354,-1.0495935146534159,0.5869539061865581
-3.399712832290926,-0.39558219415261564,0.8181099211069088,0.43453083955640953
2.973159516786008,-2.9137740630608997,0.36005500277636254,-1.5060686236471388
-1.026997443614477,2.3142176444202387,-0.2959953560786264,1.5847644427868137
3.1499115853197472,-1.6990955852570344,0.9547418162928268,0.6079029064752651
1.230269204495639,1.7710013991216422,-1.1727723135250898,0.2169489613658338
3.447510000785694,1.1700372021907566,2.0200101511407906,-0.5492729027271852
1.1717018017682777,2.099179958165844,0.34635953579538453,0.6941936362934786
1.2342172772019486,2.445531280919765,0.14275553165615226,0.40293880113962777
-3.616372808840774,-2.200848706680238,-3.279751570364532,-0.6522765711434344
-1.2157489670828845,0.598147618831006,-1.0943173031473041,1.4221925874414107
2.7750857734689567,-4.548918656669237,0.30125276612181956,0.6033415487188263
3.574864015803923,2.516384405207928,-0.4021099262355108,-0.33693141779654134
-3.0574924366498193,3.442961823612345,-0.06673562648745099,0.1926732027852124
-1.1023946094223747,2.3672035095747788,0.095214844564657,0.315313404372677
3.3575114732480844,0.11829430075807112,1.6794769832005907,-0.4529753883331032
1.17075682390474,0.7395085954023416,1.583848733100518,-0.24545519624418866
-3.3633250384328544,0.05753848148115909,1.42229376989619,-0.6038399579402121
-3.7833414635454563,-3.0115119572222615,-1.3531853998213579,0.05550279748126004
-3.4980979029827393,-0.18239109749805077,1.4826065207849348,-1.6206245250484912
1.1889410646476548,0.5317763076290548,1.3040645515920342,0.5268455301825911
-3.1566945056287135,2.40052361883482,-0.5224934778154596,-0.5623865322707103
1.4447768906071259,3.074086496834295,-0.9993623381697688,0.6934217806741074
-3.192398546489664,1.237920151986956,1.7225508903826592,-0.22825333148612717
-3.594896306299942,-1.4919503339637004,1.3786992476329645,0.07083449535036913
3.0127935475949523,-2.6588272724357997,-1.5890785488170949,-1.4488106700569734
-3.5874792737785586,-1.662398385816729,0.5811096284719107,0.000285217334986324
1.0030479003360908,0.008227803740184145,-1.2240132040893554,0.01405685042156828
-1.3214342967985544,-1.134525954932115,0.6344304053422641,1.7713273159698089
1.369590206953168,2.766551294645251,-0.4703473670313695,1.366041137982328
-1.0958946660220732,0.9804460035524122,1.2194943007804024,0.16448454283598218
0.7406388252219215,-2.701388560229832,-3.622164307287792,-1.1299602999778626
3.707568234449542,3.552548570166541,0.48932349466588027,0.011312555303211146
1.1944652314272173,1.417971595514047,-0.44721085581786796,-2.173170807735738
-0.9515484740603576,2.7989668362511573,0.019397191312457557,2.166030865940206
0.8189691755136421,-2.825693931336578,-1.5350089376942444,-1.5200857304112518
-3.4518850799561136,0.14558550868420828,2.0494904900903537,-0.6651237532418586
1.2341586144278718,1.143089417446797,1.1149552713031834,-0.9479106855527276
3.395838768505472,0.4588247240971605,-2.24628108212554,-1.4355094558653856
3.654222697675094,2.554683235700218,-0.34655059317200443,0.5566065362993075
0.7081393471531898,-2.3879144273320865,1.0582874914925577,-0.5774915236811224
-3.460919261162282,-0.025233483227779005,1.7067265564239682,-1.097360399909375
-3.758007651398434,-3.326336909208811,0.03824353453785857,0.48111353896645404
-3.728726727940196,-2.773256869164285,0.4350539688240424,-0.4021564841947009
0.6762838708015295,-3.2870315763956652,-0.04817962380654593,-0.6205139769476462
0.8484472039255986,-1.4782576957630635,-2.130838979667949,0.9096913043275764
-1.3607504396287426,-0.9027804711480969,1.1509755546324978,-0.0780442931580091
-3.526209536512555,-0.937815836519866,1.3646068993512703,-0.9928016647964166
1.1343741130168508,1.0097236860207515,1.5687285553837687,-1.0234027981554084
1.090981014036753,0.9499302487653505,-0.596404072312325,-0.08320201361007158
-3.5664707920014695,-1.2285830197426058,-2.2378218551692948,-0.5593554429764765
-1.6272723188588356,-1.809900944529501,1.5032296369565195,-1.6857958609235522
1.2175037193051086,1.6957432771669556,1.8233952300316192,-1.640567377466179
-0.9175894475209421,3.484362067067596,-0.27764324856546546,-0.13700094006835853
-3.478698855684071,-0.11204408483088327,1.4236778032504918,-1.575428808163
-1.2208901054585104,0.2674980461789681,1.1236046162372682,-0.08845082494461817
3.3001748460102993,-1.3461300979558875,0.06227063514248146,0.9595508550468245
-2.8199448912958576,4.603576776874366,0.29241585379587853,1.0860713260800072
-3.7382401964546044,-3.2592694589809326,0.2236507265660809,0.9387352312274098
-3.222647920450815,2.162785644415943,-0.7588223495606465,-1.1063913375006773
1.2355069132519547,1.8244493349698485,-0.3927399200658468,1.4960878396431658
-1.1538600963771541,0.9836084686604781,1.9716148283227677,0.14500990385189078
2.980781376846086,-3.02985816659742,-2.2552879550983604,-2.440849678243309
1.2599120548767362,2.0888454980500635,-0.8115089531064607,0.7138263827149873
-1.3344743182262497,-0.04245366707373792,-0.6099371299427365,1.9837687921613483
1.2043314891065533,1.4372166310890881,1.538530576325816,-2.1289609844802806
-0.9605314388138895,3.137656772850171,-0.12088378106756717,0.207539031021206
1.4034438829568963,3.2462431057261694,-0.9372825110636464,-0.957874191995907
-3.2918524892702545,1.0296362515141635,-1.9584071956087161,-1.0320924318056652
-3.4960573613021024,-0.30756403643623337,1.3978179105333859,-1.6397868012731207
0.9303124780318089,-1.138226066666366,0.9931400968666834,0.751360703534559
3.2066875663497445,-0.6117030605085343,1.3895381903125545,-1.5421326346852253
-1.410662554268636,-0.27952287545636345,-1.160085070477642,-0.23038037426551847
1.0679083483405627,0.8403773395502614,1.9386927494339257,-0.7248405222711806
-3.7886915005077495,-3.353173826237283,0.28439550664801416,-0.5826273312839989
-1.108677124018795,1.7136406094211147,2.2035115579535947,-1.2960249199859701
-3.4191489055039566,-0.23194165264712804,-2.1060016534104817,-0.19526223210617039
1.4016431191506387,3.0557056054416276,0.0902029849238455,2.316909560390229
0.926229940130713,-0.7682625583845203,1.2939929069243903,0.037042543594658736
-0.8739053326243232,3.5659938453513385,-0.1585073164642432,0.35282480565242386
1.2760965202192824,2.0600136774173463,-0.8834788688143133,0.7288649527478125
0.9600857588248216,-0.5198868553190614,1.4898636008443489,-0.7193693162768476
-1.1414469598862123,1.5097011329316807,2.5141215673316792,0.300914257780343
2.995743566496673,-2.633583383048015,0.6468335006663012,-0.9942776183230355
-1.412781086560645,-1.8667295560686472,0.19155280701114716,1.0927248914509355
-3.371888077355832,-0.2421061621553642,-1.6575213330383007,2.138944865557983
0.8958712241684809,-1.970443289150025,0.6545068060745938,-1.5772959146659198
0.9318982234631303,-1.0993194765742276,0.7264362840156614,0.32317126408584945
-1.3625495377074506,-0.4858826709583513,-1.420649856271567,-0.23318214568309442
0.7371227481862089,-2.2953491704878424,0.3158770941031981,-0.5132644974295989
-3.3848514195149795,-1.0403930737257843,0.18105795331169053,0.07328737994345763
3.2325847394807723,-0.9023388746923385,1.216999496025371,0.04794325969548014
1.4156236411311158,2.961754622102407,2.0867193451980413,-1.165473896203272
-1.3944529296138244,-1.2539888223392193,0.41931720857797394,-0.20303488069796255
0.6477215774830478,-4.0872569759879145,1.0798172386738358,-2.9285421294773584
1.208167875712986,0.8189554675203898,-1.873286973566317,1.7963852548237267
3.3505849688090543,-0.05525137975864494,1.5885829075573958,-0.49451254936793343
-3.5507522680712937,-1.6343695341823192,0.8525601202581011,1.9108795760853323
-3.4181699198604063,-0.16410854645248327,1.351593300870103,0.07925370335564166
3.1070574774613946,-1.6280418688942635,-2.184953035873665,-0.5189363980906853
-3.254097073771747,1.2021670504969286,-1.663840774732589,-0.52043964387964
-3.3337065069590457,0.07478634822773947,0.9035304700677069,-1.4482084498326662
1.0823307292275586,0.9799606225856022,-0.9595665266649014,0.31742819683752244
-1.306250662005387,-1.1602794525453386,0.19844598977087152,0.08382434678746574
-3.619436372571818,-1.3498545827510666,0.21410762288947963,-3.5214546095894157
3.5211227126514197,1.626394602984471,1.4299372691535028,-1.5246636366739406
3.1883611347801675,-2.052557068242082,0.2398227150641506,1.1473836101167034
0.5623315779765664,-3.473962341023454,0.8460107505611135,-0.9463529159896459
-1.0996568036239225,0.7834232667593545,1.4626116882716742,1.788130835742557
1.2824385497155892,2.2791972780405025,-1.6559646383771383,-2.132596070124907
1.1355234950102935,0.369909928484748,1.5122746087719177,1.6774700408575351
-3.6430051070876424,-2.0655468641972354,0.7994362496061285,0.2978154021226306
-3.4291598028010677,0.37602841873980086,2.3294676848515348,-0.16419537676052107
2.971048587553203,-3.4540123893688826,-0.4689946136706259,-0.20850270749586133
1.36172085204096,2.7347354146997622,-0.4746802631965804,1.3540088153461125
-3.200119692605414,1.4722413533731493,-1.6271162353428907,-0.4254739252325076
1.2452017779844422,1.6422839405331453,-1.0118178071606092,0.6001165251495157
3.58567446150274,1.6238289408750204,-1.407006981775113,1.067068443939053
-3.729029192781076,-3.125985563787419,0.5001226124766248,0.14210363769826928
-1.5652768083990238,-2.8443273393679194,-1.251367647752665,-2.669112572745696
-0.9641552008267656,3.005816758989485,-0.6602041136959782,-0.6878775691342797
-3.2099048874379226,1.6903566487708117,-1.2055800705196973,0.010289020666080473
0.7614443218874145,-2.6431713810894912,0.26796469459711125,0.8196414918610647
3.258273154424635,-1.5746767303893594,0.21611337054640312,0.057797784503211394
-3.226201580213665,1.3780247755348858,-1.640175996664366,-0.4600012620731607
3.2186038075354113,-1.9622480899145218,0.5969050297652357,1.6231820106833577
1.073392959212612,0.565828974460811,1.7609372731850603,-0.7764891472846567
-0.8821650668307015,2.9839759022727916,-0.7073403045456788,0.17096302969342822
-3.090890264655879,2.575927535810101,-0.3814740890189992,0.35766231176173013
-3.4415894822091957,-0.7140760920818349,1.229849100152271,1.1896837122404638
-0.8629739366139878,3.212259773528628,-0.49490771772971465,1.5218096255572484
-1.1505727864778228,1.8958562487545638,-0.03500059752022368,0.16585584151717003
3.3317067439827723,0.40271718790767963,1.667200977654574,-1.2323786973099573
-3.4330946265974736,-0.6560359510906686,-1.711799718370511,1.9819502313138444
-3.41304227194106,0.2183627986026453,0.3560856639550497,-0.659796926752824
-3.31330088589942,0.2664675583315035,1.0153272554508102,-0.11353444479091107
0.907063878695662,-0.7339229578907056,1.5296085199567675,-0.8224524813399717
3.726147369601063,3.0516770325482168,-0.12423635007537845,1.969407409843536
3.229019402998436,-0.43511874535364353,-1.7754550620408702,-0.9274237927274994
0.8816044148771955,-0.9111889099618979,1.8439662305770674,0.7835984081664576
-1.7054563069910282,-3.891659611872255,-0.34816753227153474,-0.0822546745725987
-0.9507767294975283,2.615390935065419,-0.5741191196229316,1.307297315624241
0.5692710604676631,-3.5408802107982567,0.6168961895929703,-1.1826242063366832
1.0900395948406643,-0.34520710121465353,1.0077127134570327,1.2352585605809154
-1.6581502743506447,-3.061508702338106,0.5194314816889226,-1.2749818782715043
-3.4809530499347807,-1.1664050839928641,1.0197045710222845,-0.30614307234473037
1.197702777994732,0.6914402659958406,1.1485623720879905,0.15002203560110683
-3.428959931909324,-0.6009302845616299,-1.7922758891679225,0.7463199365711967
1.3421233836182336,2.5612673280175144,-0.3820020892624985,0.49769279350895385
3.203798099663809,-0.6306413853379317,-1.4544670634007888,-0.5851415676141414
-3.1523072140779305,2.2920368350109515,-1.4535492898781228,-1.8020918546479296
-3.246607150184085,2.0435129751847816,-0.04943265275305062,0.16106224196206306
3.0038036179034493,-2.539723161308733,1.0930383424576444,0.711304371868828
-1.3229879880257045,-1.0891045373245698,0.6882696790677781,1.7287795146320102
2.9549339137170594,-2.983083245703359,-3.0082686297643257,-0.3078111921481471
-0.9912324534593092,2.226396482682396,-1.0588140486100788,-0.505916270583788
-1.3656111490815843,-1.3114173618768754,0.9300395866173938,2.089724343564726
3.8654919970447246,4.493260748827173,0.3646276585586381,-0.06180699645171377
1.3215554519296433,2.465597953384472,-0.5104725572416361,1.2578461706357207
-3.262034191245544,0.6682735847215526,1.2324261539865935,-0.8285967116940901
-3.528894990835783,-1.0595603225262775,1.0900743253602723,-0.1940693995958813
-3.3299454212627975,0.42957600750876845,1.4305184734535248,0.29149373852910615
-3.2745042279542282,1.1800437456544166,-0.8943973323052764,0.7295043872132491
-3.45417665418376,-0.547953301549546,0.981895167178577,-0.44327330319687136
1.0318634159378015,-0.21468856271910755,-2.6237290342041195,-0.8980815712932323
1.1480677768431793,1.2315612263972724,-1.2430654320245231,0.005416798429518204
2.921493358056966,-3.51781378496769,0.7093582641939886,1.4176986234807836
-3.3944900713844093,-0.2576475783999092,0.9461240352977484,-0.30873654948280715
1.5836409571480758,4.097320718762872,-1.32372747030451,-2.311452274887158
1.0756633965503655,0.08784975756482166,1.2256675301763005,-0.9208930763412833
3.1675174981683263,-2.0768160661109154,0.5821913479955272,1.5550017909927025
-0.79300001584536,4.3610595922738185,0.5243972881408855,0.1772751004195636
-3.4042190607843095,-0.697545547756299,-2.4898182316756596,0.7216629286715809
-3.186570103702208,1.9496953351880681,-0.37747820160663265,1.3918257738006787
1.123109262017634,0.9634195272405308,1.726121788152551,-1.8945381920503328
-1.0094518063763596,2.8984295521324484,-0.10520337961268941,0.06401927118556237
-3.5781434959970486,-1.3097082876805028,-1.386417510616788,2.150731238605484
-1.3770270297141485,-0.9372915717203308,1.302166053688762,1.1448005048223058
-3.2908257682850794,1.008534574192716,-1.0925242611302024,0.2318746546619896
-1.382901104961716,-0.8812129025728309,1.147367963209165,-0.06593899444361097
3.433728534081909,1.001166832367198,-1.1496902372902602,-0.8242900973752899
1.107635750747385,0.42908166989640056,1.703634769971697,0.8790360577489783
-3.446379430592742,-0.7955430827934656,0.7653920537787172,0.29380839494164157
3.4576520679766665,0.450726779809172,-1.3637091970130304,2.573608963415017
-1.1500840960963024,1.2315309179190426,-0.6922983844674543,2.0398483288535245
3.3603330402198432,-0.00766814354831083,1.3442351023733559,-0.8851241775013698
3.326736225882851,0.5518577842831511,-1.5778232945936739,-2.25149028776956
2.8421044503195096,-4.038083599416839,-1.253853984600383,0.3667060159983048
3.2355805318373663,-1.0645398715643661,-3.046003848118874,-1.5567723395555795
-2.8289772618757842,4.574591355210463,0.20095082631291733,-0.1823678884160105
-3.4446159531962945,-0.36668272189304174,1.4401041286037677,-0.785357793452089
3.394170555195705,0.36292178653019896,2.0499921528803062,1.3026831211937324
3.1811159393789143,-1.7774252495540042,-2.8460194904826954,0.12787893047813031
0.9003300626541659,-0.926153039783599,1.5223905729238334,0.40414581195089616
-1.0371222570199952,2.1464449966452848,-0.3864543145205335,1.5468836840793405
-3.2831154052871896,1.5675995954709268,-0.7083937693622375,-0.8312759557193306
1.0754769927760477,0.1669427504901321,1.1466696239760563,-0.0646232010008737
1.4739990701328003,3.7661111491565173,-0.34570828670084364,0.07373238884454601
2.9663105709315287,-2.9981015188213362,0.2602858803658729,-0.7091285763433482
0.7690749407019344,-2.0402516014066907,-3.212082025680421,-1.9715423537800851
3.256172266944402,-0.33188647274900895,-0.8262833216918671,1.5972046557195583
-3.6898077250373538,-2.841517750045783,0.42224876663441324,1.0394317501711796
1.1720798690873453,0.9149035628690719,1.4298499533382998,-0.6154322976581177
3.6505236061232904,2.311479748709034,1.6913611047273693,-1.75660243092561
-1.4039994977422172,-1.1167271969300152,1.2784794677877012,1.0784051169554836
1.0310307356138537,-0.296425719762098,-2.021876198042941,1.3944545998876106
2.9625549501181494,-3.493939905199685,0.04822545402632143,0.6247091151297568
-3.1451281686710963,1.9359258066475928,1.4458872540236978,-1.2422831177331508
-3.6530639582900633,-2.041259730547251,1.2855284919045495,-0.163495715747545
-3.4925466290362093,-0.8066274072465648,0.9472681210244603,-0.5327773572669862
1.1924297264335104,0.8290334304949997,1.0734952013181276,-1.060726149856116
1.084145902999229,-0.010415526053771754,1.1904385908511141,1.0977534222987253
3.4182442441962313,0.027539796786861154,1.0015625107910786,-0.03809128299963352
2.870705521891772,-4.510644126337005,-1.722569788168748,-2.06926416355256
-3.233012116603943,1.057689375445473,-1.8602791140893338,0.2428594642459098
3.511926269305292,0.7148083103640424,-2.120093618799251,1.3529066215353538
3.012833193377739,-2.8125334362871666,0.1901147841044194,-0.6497429586292744
-1.3673381856425935,-0.7502970035433102,-1.5487877405268158,1.961519772195063
1.345417329729838,2.2604408304722634,2.172019949341443,-0.9927774718181961
-3.5809782080752735,-2.167014992010682,0.5122667660287848,1.2815521231027802
-1.4035305485808882,-1.5388942271937864,0.7233126278860382,-0.7312279035246051
1.1734502506433815,0.707332661659698,-1.1143638998908976,2.996805866765921
-1.1134589607600391,0.5358344946895438,1.0842828767770407,1.2846495267698075
0.5395201166393767,-3.969906800502875,0.6131320591084864,1.1912761836218475
-1.498547791391847,-2.3367072179378017,-1.9412928692690734,-0.3785251338569914
1.234988750884905,1.9640530432230527,2.524036101115221,-0.7420103373612652
3.2599782894283074,-0.8017678116023145,0.9804029232266204,-0.32641233155247795
3.5267539997787987,1.7144439854419626,-2.0404837277484558,-2.6886630194635317
3.253083624397829,-0.8202393450580826,0.9776687566299271,-0.33214104357239427
3.2709180689251562,-0.23284729484130584,-1.084605254528181,1.1883425788406587
3.1448992748375817,-1.396715916326894,1.4789193292679634,-0.9973362870978183
-1.3476077288942705,-0.7534560722318392,1.3267035712110202,1.210603355689375
-0.7347102111311963,4.702625783282204,0.6574313298562939,1.5590074060684922
2.7392313918743074,-5.041159851534389,-0.4283386003474355,-0.3761864114651745
-3.267210985841435,0.7810790573602688,1.593105043283142,-0.37594910483291716
3.7239338641498096,3.4360327417717635,-0.3540767681708519,0.018353414418086342
3.4499666628069616,1.5307010230134368,-0.8783261721276928,-1.108037064312827
-3.519089761551241,-1.1206400229923086,-1.6791600164754061,1.8293827547785786
3.4017959836230345,0.9206389041231112,-1.201986828639017,-0.08517993701095056
2.9730223817434935,-2.6929099063633313,0.7289020594744381,-1.0050136572432666
3.5876920016899683,1.157612592656704,-1.6153901434951954,2.415535940951882
3.243631452831762,-0.8237425307057572,0.8008258927698442,-0.7679051148107028
-1.0760463793599355,1.8725514183523577,-0.7608670328448532,-0.21787560515050405
0.9384821972880539,-0.9740935623628855,0.8115541464867075,0.34367959342752963
3.706695078873825,2.8239130820405363,-0.7451425347549944,1.0600828477139843
-0.8002121408970312,3.6213639680627847,-0.6430591050994655,1.2022040999487182
-0.7814129680410083,4.389357426495382,0.6159727805480815,1.4446195434355478
1.2582784499034305,2.126996797848028,-0.2841160807788455,1.574585541651966
3.2351809416440576,-1.021546426080924,1.3634884702424703,1.238832808629025
1.1787416333104679,1.5526274832823015,-0.10933482578090883,1.7763722353640439
3.4124534943528655,1.133597357376436,-0.2168002696839577,0.42799777318125504
3.2121153346371307,-1.3213716768089638,1.0050634025939156,0.7453525809475867
-3.4572399835982996,-1.524310902708099,-0.06740137981382534,0.7139607799364236
-3.187336209156435,1.6391682289488692,-1.3548364766888052,0.043278821697370747
0.6885000582411722,-3.1909012308335356,-2.290093423992448,-1.064464629238103
-3.7099260366469795,-2.96128822412648,0.5215843714736963,0.20300754040486757
-3.2650968200085773,0.9918728679203511,-0.9123570863397311,0.6580717357261023
1.1921444463758912,0.7215654029289004,-1.6355406236208656,2.1696368338299963
1.0340455501123342,-0.8347385554495473,0.6234970862564235,0.6780601651929169
0.6971817651423124,-3.183752124503479,-1.2600438367917266,-2.7298830760720474
0.9311905159919932,-1.1430301096428022,0.6460728683291028,0.3340086088735216
3.0155366148510776,-2.456639384250718,1.085730655396317,-0.5411167120490329
-3.353949521418546,-0.16301707439453708,1.0526518086933356,0.9782732751654437
1.2315971413751734,1.7474199720195887,-1.175638754352552,0.2081853760061361
-3.0661619437695764,2.867952713646536,-1.3287638763698228,-1.6547295660225352
1.1300888003076097,1.2970239528530167,-0.48219068844206725,0.021256438713876176
-1.024823936472,2.618242470327383,-0.9835619438374945,-1.2683705412790722
0.8427708179161869,-2.03045222953164,0.599429112048619,1.4501465733219927
1.4383692686349303,3.049973587613501,-1.0019544843718997,0.6755421559535928
-1.024355175802968,2.024088901793917,0.8809611098312473,0.4530011445468956
0.7003869533413557,-2.437048470192734,-1.5331553926712225,1.8786433187057527
-0.8605397972983162,3.0989522874525894,2.2455219756421396,-0.7457178747154697
-1.4206553712805863,-1.388501985074304,-1.0578939275076593,-1.5223505462829654
-3.493927832792231,-0.632509509832237,-2.0852899495502797,-0.3635031390036
1.0225106957534082,-0.3502124623046732,0.4820494686577247,-1.0758726534104508
-1.0328107441349816,1.6909417254888834,-1.0442619847383996,1.8115671284424848
-3.4673762095765506,-0.9728310194844998,-2.0044944811669865,1.466123655243387
0.8003955643873144,-1.6437436249798796,-1.359906178337541,2.1427914692821513
1.0828248220774068,0.6532395947942348,1.4342897636622376,-2.412076860665156
1.4667046480672574,4.020381231786435,0.5154250147028328,0.11607110833415353
0.9953713003907463,-0.548320063057418,-1.8044600041694132,1.7119337429516144
3.309662309287255,-0.48083146520193615,0.501026646407896,-1.0654789224709633
-1.187925006798262,0.4062266404166108,-2.5777053097212796,-0.735254855353495
-3.6055328467344276,-1.8356709767614283,0.8301267454652344,0.38042331675253743
-2.9933564290221115,2.848821624079888,-0.6710532214205085,1.3280673296982153
-1.193600668728246,0.3743821750496248,1.726476289823947,2.025004641928437
-1.3925740420914923,-1.0636156765282316,1.0140005876492348,0.6559013124370564
-3.5292714287159326,-1.0205174941762538,1.354057951014921,-1.0221785740300349
-3.4983576659913744,-0.6259769089481163,1.8121005095293239,0.7637147823642857
0.9519451866879958,-0.9970706564602938,0.7402043870760603,0.3605510755321015
1.2251483028945267,1.859108324551323,2.5085845832907774,-0.7575920969895773
-3.489246868701893,-0.3225750300803036,1.3216963358233462,-1.6219291348843459
-1.6039069158063148,-2.954025327512271,0.4405629213886361,1.0570816921243518
3.3184319620911524,0.31556572923903986,1.655556403994637,-1.2630148743711591
-1.048935440753259,2.412867561581968,-0.5625284050630053,-0.47031922503154083
3.148677723787383,-1.7515587545463989,0.9477779427924921,0.5930390664416113
-0.8230235258697548,2.959260392795718,-0.9623546343291526,1.011733386200729
-1.1406125321743592,0.7912993162363537,0.9424711532688409,-0.30780073208888814
1.1379424101714302,0.4987071199865322,1.2800564896251798,-0.7704291203567049
0.7399813526995818,-1.6859586531226232,-1.564806882649144,0.19743329519353767
1.0335782984989108,0.06134576360698618,1.6356941352495313,-0.5374765439902387
-3.4974817262983975,-1.7099977461602007,0.0022605704474153504,0.6644476220804815
1.340187784392627,2.937015703555309,-0.5439017396710104,-1.479918642112867
2.889556899468558,-3.810480129494403,0.14862602126768823,0.4624683746633673
-3.0740669704915757,2.9660424186556207,-0.35913024064248755,-1.1800695105731072
-1.2308589875553821,0.2962520717044536,1.1960892682118183,-0.10614424480112317
2.8185262328145986,-4.303999522500181,0.3337963156369034,0.6954168897285483
-3.4983160886100446,-1.2128579476155665,-2.3077198995817634,0.9368125924372728
-0.9658597773848209,3.07379261757993,-0.4008430196659486,-0.2572629970145266
3.640370118365109,1.8426116542571613,-1.9951855693658969,0.28996882550161396
3.2162628860888223,-1.2388514646947684,0.4004791485124293,-1.3274287721539066
-1.1339458470110815,0.8411117625474799,1.199830912220442,0.11803331673717116
-3.214240978901703,1.4841032022738085,1.7253224485920868,-1.822656598856718
0.7358169450471759,-2.9904442814558148,-0.19251704984994283,0.30452876367476805
-1.1642736931386288,1.2578740616354807,-1.0259941050438237,0.36947202734149337
-0.828869863702343,3.35005917401729,-0.9983737390158676,0.7212532185083388
-1.3508164099697137,-0.8784276886990141,1.2411711921143143,1.1977333399340162
0.8905672601965882,-1.605120870492695,1.0903003650805536,1.1938611449214431
-3.275073082989491,1.3084083682339467,1.7965473547069575,-1.8850069198631398
-3.387013698463702,-0.1348458966556369,0.7860136437578613,-0.6997556432843117
-3.3143654458473377,1.0090962004696462,1.6410648340700043,-1.1913255192071988
3.3885076439831217,-0.8297207986794879,0.5670415737341625,0.7303878842804545
3.0068954437236215,-2.513131040461704,1.3291368038684612,-0.15517764563218284
-3.6011679724495314,-1.8371781436364698,-3.2544734319790796,-2.0121859748575797
1.0837487603458484,-0.213878654738709,0.7697319101951723,0.673378003325872
-1.3158908878005133,-0.6168874645892886,0.9384523618410177,-0.3854064292395046
0.7606836137194296,-2.0029458201059676,0.9243810774955903,0.3829944341937637
3.043815423333202,-2.004687941648123,1.2132740506851594,-0.3987833917810764
3.24423891048621,-1.016113186198565,1.2084011755794708,0.004199111756717241
0.6335701369393651,-3.6280935516085107,-0.005576181508592329,0.5135370973166212
-3.591228459117882,-2.2783006248630406,0.3538192570520432,1.2931632558197907
0.8951319161582769,-1.1986827800564075,0.984261314303011,0.7240194966945588
-3.3215607461967354,1.065678009832694,2.1707070667672235,-0.3266006568527142
3.2345499141562755,-1.2152100297782547,0.7481896821764461,0.33694813583728395
1.0236937756546995,-0.12967809987594014,-1.1593020100976452,2.6913382511375907
1.2860987473344254,1.6607665543798704,1.9359234740748719,1.2987254518613272
-3.222758786061491,1.2888387257760412,-1.9712395227426216,-0.873249299535154
3.0502552616150114,-2.9349842934310644,-0.149270485684006,0.38696658038145515
2.8548196322841646,-4.248023561420508,-0.0517394514710553,0.3542936975144132
-3.4711711822833604,-0.8321829104897083,-3.121754676634909,-1.6538840604618796
3.461893347214823,1.3049742716857622,1.7868648842283608,-0.9087349062758648
0.8353629328398684,-1.5645539374940087,1.2549838968931664,0.9796093541319086
-3.6337070072946043,-2.4951478839807715,0.41994345765164554,1.226556020821381
-3.1910082021391037,2.1927302120243763,-0.8969972584041292,-1.0498540782264145
-3.2861150559022874,0.7727180089410742,-1.3072257782547965,0.9672994368763104
-0.937310317076943,3.175080832936435,-0.548750545652886,-1.4547547241370269
2.7718601216066014,-4.457731843183524,0.7494248718060016,0.20562528688862416
1.3284654750744738,1.5150636152015904,-1.8758628310433085,2.0403981520936716
3.338664933521557,0.6186728389170342,-0.1978207752940353,1.5029473259976578
-3.7838504199568255,-3.6709048214336386,0.08272942267565019,-0.47141518102317964
1.0712858587876157,0.8208638478943213,2.2084044414589057,-0.29371614119072476
-3.3386431113038393,1.0054488332316895,-0.6599338324917515,-0.18087125336806836
3.508300908651302,1.0598089328732305,-2.5119127783914603,-1.634139955057874
3.283082185088309,-0.6251325414994356,0.9164222173275676,-1.5222011569915974
0.8838266731542408,-1.1655300712207564,-1.045082180758941,2.723523722093193
1.3714020091494976,3.205809461072293,-0.3467190206035632,-0.1481348484709054
-1.018553963018247,2.656125778535315,-0.5304412020551146,-0.3837998397635162
0.9070975451163262,-1.2627018136287562,-1.7122419292176796,-1.4436389190097578
3.4218278129291035,-0.3629553999029768,0.7226281202098346,0.9097643006589563
-0.9910653411586567,2.3778643620553446,-0.8778524375042116,0.7832345402178496
1.2319749541154719,1.844130293108898,-0.7282555912600409,-0.16715754425223475
3.1664693296210364,-0.5908306603196758,-1.1993288850448747,-0.17799168931725792
1.2861481146413385,1.943658953160168,-1.4948062115394967,-0.13710238387094306
3.0458417252467984,-2.412482611264039,0.33743021693905734,-0.49566996554482273
1.087706517829259,0.34481187496678717,1.3539938045950979,-0.8181987970356921
-1.0967596497465368,1.71823871227165,-0.6941216048688611,0.9878151000878469
-1.1607886494504291,1.313619169054803,1.715098962985271,-1.0245220362067529
-1.1675553648159294,0.8143530634482926,1.950046335841009,0.08007981110418912
0.9702272205126181,-0.7014023757365199,-1.30237340089374,2.5059051258639613
1.4256494917712659,3.1968466619608265,-0.22914537242404287,0.7026529244035509
1.5365743545255164,4.356802040049701,0.5131153766476944,0.2928057513211048
-1.1248214524657711,1.1345529567139259,-1.5453231210323255,0.7691744183202651
3.1756385396159237,-2.0702415845539273,0.4005874346815171,0.28829618358996484
-1.2739673784543153,0.4940926972964869,1.8097043527059273,-0.8576290944310094
1.02646683353091,-1.0011842734063898,0.5934633278415722,1.8739960938665694
3.6195449389832612,2.6922719086188227,-0.5401633449747879,-1.5038858525449814
-1.3863098979920243,-0.9652959978653793,1.2981795179806117,1.1348849196537294
0.8682374259494746,-1.8924032581601458,0.36718738215548347,1.0922954493675656
-1.4781051577979187,-1.7144988589214136,-1.4884642001271746,-1.2905554387601699
1.198812232847972,1.4625389950138572,-1.5593814222718605,-0.3112676273421016
3.2076634238439357,-1.2381040100692704,-3.06913880462097,-1.6193730012621153
-1.32981496758362,-0.82809249375278,0.4756926411304874,-0.046961097749070146
0.69538790327541,-2.566942771930595,1.0529931194922046,0.6468675534305077
3.2567772126657992,-0.5241716336193258,1.8448308582932271,-0.2777265975900981
-3.149421667883035,0.6881478137987938,0.8914684738392501,2.3112217879560233
-1.251711747581249,-0.5416414104465739,-0.24387742475064586,-0.9528510984987764
-3.4459808018131617,0.24209165357206516,-2.3434415988836155,-3.3958302208770808
-1.0479669262380795,1.5415920196231916,2.0468975556493514,0.34502360142906036
3.5830436342663896,2.48216895057092,-0.4807760373262866,-0.3234556045873017
-3.7419433591645586,-2.4666818355559226,0.7264764504415283,-1.126647157181456
-3.5388753712240515,-0.8933873177865324,-1.5974219904440556,0.38823986813611994
-3.3965827842501937,-0.22364180869520028,1.5255989095647124,0.49716231368400493
1.540204081754701,4.24192456053029,0.15231598399312907,-0.1632436481128284
3.402114862278237,0.20476815803257786,1.1135012943748297,0.037595698282053766
-3.67716497523679,-2.3913810383724914,0.7568787526837034,0.1807532750425822
-1.063994870702982,1.1983000566499376,1.0861027640800227,-0.9878672431694894
-1.2049481682509056,0.9868332457361036,2.038497075535151,-1.5327353854289427
-3.572914380513644,-1.1189085192513433,0.8327984299645773,-0.6024013888870314
3.0846551968305524,-1.9194268804553025,-1.9510448261758278,1.2785446076852085
3.511405927842397,0.8795175187442388,1.4540055133809775,0.692029470220184
-3.116094515056165,2.9314536986615534,-0.7039875497721158,-0.7881004791935391
-1.0502898476331612,1.4968376625747934,-2.5263066309892883,-1.6016981252377576
1.1957661095786438,0.6924976611956721,1.399248837034397,0.5599469070475458
-3.6488611693095687,-2.489381074808472,0.3331738952634116,-0.037302869096096355
1.295103862942333,2.885204550170218,-0.0706885652990201,0.11809524248533823
3.0642969835412015,-1.2652163068653128,-1.2209066507337363,-0.43233118491778333
1.1213109268938137,0.18794508809397334,1.1692552342758784,1.2240409523352114
1.207017481103036,1.291891629886287,-2.172004179057468,-1.1968948857334212
-3.474469883802964,-0.8507202686014778,1.1927398685438488,-0.14137196390695392
-1.4862331166541702,-2.4358292462604094,-0.4059681075382288,0.038885368204988814
-3.6129284914163233,-1.785924849250421,-1.9445164342169254,-3.0141316032200796
-3.2864251959435897,1.0615061907432468,-1.161087495271301,0.28452134352136615
1.1221549751182431,0.5302324342290922,-1.4820504585245464,1.0833816832316614
-3.5339807278167292,-0.8831790094207287,-2.118413233278631,-0.4573011323924244
3.2093248089335487,-0.8505692058465074,-2.7659898067158974,-2.3250014271303336
1.2917404147643308,2.037375760084864,-0.5468963735189423,2.3717382594214484
1.4547837437931128,3.6957262065709147,-0.10510428989099631,0.4612107311307333
-1.2433470705734402,0.5437008981405352,1.3828034880671136,-2.5041174348252153
-3.6258979050288285,-1.7246483105931956,-1.4403445698996664,1.995752858625641
3.331391078530635,-0.32756837104319836,1.618871070036483,0.6360037384950279
-1.5809759305915527,-2.4211687748888076,0.6991989308057928,-1.0360528416879389
-3.738813978726605,-2.76737056847577,-2.0991999756958433,0.7715484463879755
-3.6502708461416904,-1.9604310326038272,1.3828812695037935,1.1272566276555969
-1.4589653538200054,-1.4361161244037817,0.9638885863453137,0.5232264215403329
3.765574233219448,3.6059537944625935,-0.41801591361453017,-1.1793268525138285
1.5379800196838833,4.165427293294376,-0.12936860211466167,-0.6289455580196547
1.1220849721282464,0.6580085467326245,-1.5720259626846014,0.6598597383344181
-3.444495071957147,-0.3358481831032787,1.3289987378546142,0.014459743944754206
-1.2471389065555574,-0.028455876759525284,1.0104211940902639,-0.1692256391139393
-1.160068350888845,0.6087703144041225,0.8226860777901127,-0.37859167337576044
3.5386696535995465,1.8554769449919484,-0.5561753875540294,1.1090338436671319
-0.8860227913477335,3.6547389014768283,0.11128592252461311,-0.45944787038992146
-1.4300244995286768,-2.03761345224723,-0.10246623784349171,0.5900524084345857
2.9546923000955863,-2.974339464120843,0.2628678091427032,-0.7028377495731657
-1.1742926220514123,0.7078929576461591,1.6164227725240843,-0.34077485480632075
-1.1571096696524803,0.567662737107779,1.001976562500655,-1.2094091191231202
-1.4139428152007103,-1.6564196272348202,0.6125944081063734,1.5250290199586904
1.1386348844951428,1.3844984891026497,2.44548281384526,-0.9369799221806127
0.6698587715881336,-2.67918602181456,0.8356008819685797,0.1334216655117199
3.56077675159152,1.046370086175271,1.5697795408774131,2.00804948880989
3.543307258690334,1.8216707143720283,-2.0263952173226984,-2.6479091801738073
-0.9316589155114685,2.819994173495646,-0.7502407198297095,0.9160761079442024
1.0884521721145843,-0.05961980767153797,1.299854527609528,0.2865189852347008
2.9463596041304987,-3.4393347990057137,0.44877699197979076,1.0037455773393829
1.3935981132430053,3.520320630040346,0.28539935810316863,0.7899102689773246
3.5732451255589672,2.276359910231821,-1.301562255382621,-1.6848811715824472
3.6522487647199804,2.5350488925023136,-0.715293126040593,0.9355503942697743
-3.433686292194371,-0.3452686050092641,1.1927498665542866,-1.1880155209613523
1.0976911929406254,0.8084419073969662,1.9770047884030304,-1.5070905699971413
-3.2628940588992013,0.5343288475160598,1.3028274385933196,0.38305352747052934
-1.094343101655384,1.421424215151423,-0.822250926786294,0.8754547388180381
1.4506043847092018,3.921411080760184,0.5024598601630532,0.0774790007506564
-1.1538432945955595,0.7203996775119706,1.1837154830124914,0.0745106705573966
-3.237907310456641,0.891723133585987,-2.6400134256863206,-1.872986159090992
-1.265638655794349,-0.5629749072682595,-3.0289041785077293,-0.0039592825571483714
1.0044449880164779,-0.0312108050605481,-1.1416241118329793,1.2593362990200714
0.7367783562305484,-2.59668690910923,-3.262741612106952,-0.6764698887342567
0.9135338976846453,-0.44356773744905487,1.7220169773418998,-1.1300897879869822
2.938088998009667,-3.0809614797078084,0.7709673326420976,0.11075340435414487
-3.561174180865233,-1.8868812950762963,0.6637949278959685,0.5880556522801598
0.7439495244243196,-2.3973891354207226,0.3037822081790004,-0.5543102981877178
3.552639728912311,2.212724078286624,-0.5160053883224903,-0.42112713327007767
-1.3295613218988998,-0.7170116961277192,0.8097790022686115,0.37300968354684183
1.3837199912482958,2.2275894912187146,1.8556273964449344,0.2659799184196356
3.0734644173196384,-2.623986759541994,0.6727064456904465,0.5032735487890416
-3.6784486643858934,-3.215132632409833,-2.7067270349336625,-1.6097655354378495
-3.6731787933925295,-2.720190496963833,0.3900556553226323,1.1420448462603054
-0.865414025106872,3.0826888021525836,2.243266799751404,-0.7518958119203701
-3.0848101332876476,3.0176178011196213,-0.12192941949570153,0.04602068705897748
-1.001372332675056,1.6518870425247143,1.3968226548901301,-0.4162612933955684
-1.2723566640510424,-0.9188188827527095,-0.9955824235555362,-1.9742105027707684
-3.3919712855056443,-0.48921759448930885,1.260218253699812,1.2741572122682259
1.084854035018945,0.2838313828757266,-2.2385141649084925,-0.3379277407320085
0.9229798818910908,-1.597410589665762,0.6093671832165154,1.6662881560828353
1.060296342044704,-0.8335511221659565,0.2780775672284795,0.2674097599573925
-3.710466393168565,-2.622373128623089,0.6306596533487292,0.0884579066438308
1.1534553218833805,1.2916912699108525,1.8646436019013861,-1.7704090629148521
2.949631077664169,-3.192337179589809,-0.11128668676364574,-1.1960288500388503
-3.423469320910348,-0.2987980467057385,-2.385416912015033,-0.6718010482273293
1.24721348706579,1.7567500425539386,-1.2695078920032385,0.2049737357227888
-3.048217285374984,3.171245758205317,-0.14935096929514094,0.163615873708914
1.2515811062659183,2.1086453211302563,-0.2868821546913416,1.5695971869562395
3.5407197369357553,1.5992000766426162,1.8471284829789096,-1.601764409294225
1.124976924479965,1.139097030591519,-0.9165973940371462,-0.4419209528500377
-3.6415445485086346,-2.539036832309548,0.7340696595880039,1.5924063629855245
-3.4708078803748554,-0.1559017139819077,-1.3225591967470665,-0.1573898030716507
1.1074637717641957,0.3650400525560923,1.5332999096612239,-0.37460563634374694
-3.5981357566408905,-2.215611114846985,0.45700248408920335,1.324094032907897
-1.3477424137841454,-1.2948302804198977,0.8640198586769561,2.118973663307584
1.0856757431581117,1.2904871843355823,-0.42488222309539314,-0.40553536501760307
-3.3800104799489037,-0.8448152222104471,0.639671630756027,1.8176618321487554
3.0286690128234826,-3.0142173429317243,-0.06476698247287165,0.3687875217055285
-3.2115237788924165,2.235636485209054,-0.18548864899389714,-1.0054732167342229
-1.189677164874591,0.8987564696324174,-0.485095904149243,2.326759332889145
-3.6539187869861847,-2.3844332772786876,0.7529641063004935,1.6463666623771456
3.743576305925267,3.8318159868621495,0.5264912017511459,0.10727338271329413
-0.8557825558682381,3.6920510108073867,-0.8402748642219449,-0.885233409984717
1.13001911647709,1.5122914367278855,-0.9172809066811353,-1.1762040988131044
1.1027967333880306,0.4413329173758117,1.6173856138477132,-0.3725803655501815
-1.3288065587218536,-0.8645476628891511,0.6474466089108804,0.37024288039131203
-1.3297940682258347,-0.8627346748120606,0.6475899294150715,0.3713196035027676
0.7585592773499567,-2.2165609661182555,-2.547651211711312,0.2596080222452903
1.269851817893741,2.1681718318216383,-0.1631195545056546,0.7972163338100837
0.8473422011792057,-1.9125330255256747,0.5453896237418575,0.057785633042279606
-3.1417298207855326,1.9643868198615164,-0.9667613148333298,0.5939773940707315
0.8095756650087158,-2.2630217640686325,0.7533445844017583,0.5452023143977203
-1.2813431691475825,-0.20873373562600642,-1.7270565489642962,1.7442290984921238
-3.825517147482571,-3.8901867467186193,0.1485597044968817,-0.5385385461450444
-1.2994334226405986,-0.4180212017383969,0.6872999807859467,-0.7512684053748437
1.2083145826164978,1.7357565421918422,2.3296438197301295,0.038767823063910335
-1.1763006438056836,0.7251504344739933,1.6875019636739486,-0.35816008400812116
-1.1635986906048223,0.9787150935103728,-0.880575409138918,0.7085610164475706
-0.9078853008766931,2.836426779478391,1.9379201576668543,-1.2740764206176873
1.0405091659141583,0.9908843143269354,-0.8919506333596885,-1.3490293081971703
3.0321989521909902,-2.342860058008942,-1.6408429112116418,-2.5918745229841935
3.1722678926046384,-1.2548335630988958,1.4289476104535572,-0.9214114903035151
3.3179410393591287,0.46733915734412285,2.4477598474898863,0.049858628379412274
1.384428561976358,2.718298991528673,-0.7067436486117131,0.13889441653710488
3.3951811798350295,0.8469743121523468,1.9767758774531612,-0.6639061331244764
-1.175740467008124,0.5335322696199137,1.3353401068787536,0.43924002107648147
1.0597017726420261,0.2090004828434389,1.6729372687655517,0.8086909877626342
0.9704439781300027,-0.3178016280446686,1.5849085444710307,-0.6725039129210294
3.3154705564642506,-0.2258174485836445,1.565489987104671,-0.5563504735391783
1.4201832734572069,3.0615355593046556,2.2356030270088,0.06285896963329855
2.9147348049496014,-3.747899647630819,0.08862254074719526,0.5096556592806459
1.0114456438947168,-0.06729068873665811,1.869277218436921,-0.17617934645544003
2.8637894560136723,-3.5675792297510878,-1.992233701816179,1.1142027470415892
3.653478644653652,2.0157180129354435,2.019776693947615,1.4836827420253513
-1.4192023308374613,-1.484684170568726,0.2934956721721093,-0.29440430138154156
1.1143704869342765,1.1886893462209591,2.2568584915994983,-0.16385234456126369
-1.6897074564041974,-3.1626776712444116,0.6879245694798689,-0.04127255690721302
-3.3307579296955283,0.6940256870161858,-1.7302346550573562,-0.7170263252768257
0.8995301949250238,-0.8994334945991561,-1.873818944830361,0.08878234113050604
3.374016256790299,0.02095465662476889,1.2527272692316354,-0.8818835148476482
0.8406486423328782,-1.4956920773878968,-1.4959372791417715,0.964090995181991
3.4996186407486793,0.9118847880053808,-0.820435456727762,2.2715774249050615
-1.0234694799434496,2.0318746879910368,-1.2692682268431723,0.24220315377452914
3.385452293020662,0.28652087865752723,1.7894313964416135,0.8644128610705013
-3.3106002719177,1.0427967795530757,-0.8174502310599243,0.6850614127889757
-3.2231733665958475,1.5653528356060498,2.081594922744541,-1.3781241916466198
-3.2574520849715163,1.0944163177661093,-1.9968625876006696,-0.949055373120455
-3.4149062020348793,-0.5127000847187294,1.1689509043455355,0.005214855504024859
0.7953715459192536,-1.4369747041137713,1.4543269511908659,0.20561925927309496
3.348111840537663,-0.01782680075703604,1.5928109432250888,-0.4768878861209936
-1.1041220791218913,1.4043481706252796,1.3138459670868712,-1.3847804299810063
3.5926653435404057,1.6637830602813188,-0.9748270258875523,1.9225356565149803
-0.9274994913948647,1.996865890245708,-1.3179735901895024,1.7490405686029826
0.9101937555357005,-1.0104496276961148,0.9160326727981721,-0.4620795017535661
3.61485400620545,2.812383051442536,-0.565797070391078,-0.6944988682246875
0.9983867116037488,-0.6482729667722739,0.9705655676180325,-0.33036547429372876
